
bootshim.elf:	file format elf64-littleaarch64

Disassembly of section .text:

0000000080080000 <_start>:
80080000: 14000010     	b	0x80080040 <_real_start>
80080004: 00 00 00 00  	.word	0x00000000
80080008: 00 00 08 00  	.word	0x00080000
8008000c: 00 00 00 00  	.word	0x00000000
80080010: 00 00 02 00  	.word	0x00020000
		...
80080038: 41 52 4d 64  	.word	0x644d5241
8008003c: 40 00 00 00  	.word	0x00000040

0000000080080040 <_real_start>:
80080040: d5034fdf     	msr	DAIFSet, #0xf
80080044: d5381001     	mrs	x1, SCTLR_EL1
80080048: 927ef821     	and	x1, x1, #0xfffffffffffffffd
8008004c: d5181001     	msr	SCTLR_EL1, x1
80080050: d5033fdf     	isb
80080054: aa0003f3     	mov	x19, x0
80080058: d5384254     	mrs	x20, CurrentEL
8008005c: d342fe94     	lsr	x20, x20, #2
80080060: d53800b5     	mrs	x21, MPIDR_EL1
80080064: 58007d21     	ldr	x1, 0x80081008 <bootshim_exc_entry+0x84>
80080068: 58007d42     	ldr	x2, 0x80081010 <bootshim_exc_entry+0x8c>
8008006c: eb02003f     	cmp	x1, x2
80080070: 5400006a     	b.ge	0x8008007c <_real_start+0x3c>
80080074: f800843f     	str	xzr, [x1], #0x8
80080078: 17fffffd     	b	0x8008006c <_real_start+0x2c>
8008007c: 58007ce4     	ldr	x4, 0x80081018 <bootshim_exc_entry+0x94>
80080080: 9100009f     	mov	sp, x4
80080084: 10003be0     	adr	x0, 0x80080800 <bootshim_vectors>
80080088: d518c000     	msr	VBAR_EL1, x0
8008008c: d5033fdf     	isb
80080090: aa1303e0     	mov	x0, x19
80080094: aa1403e1     	mov	x1, x20
80080098: aa1503e2     	mov	x2, x21
8008009c: 9400045f     	bl	0x80081218 <bootshim_main>

00000000800800a0 <dead_loop>:
800800a0: d503205f     	wfe
800800a4: 17ffffff     	b	0x800800a0 <dead_loop>
800800a8: d503201f     	nop
800800ac: d503201f     	nop
800800b0: d503201f     	nop
800800b4: d503201f     	nop
800800b8: d503201f     	nop
800800bc: d503201f     	nop
800800c0: d503201f     	nop
800800c4: d503201f     	nop
800800c8: d503201f     	nop
800800cc: d503201f     	nop
800800d0: d503201f     	nop
800800d4: d503201f     	nop
800800d8: d503201f     	nop
800800dc: d503201f     	nop
800800e0: d503201f     	nop
800800e4: d503201f     	nop
800800e8: d503201f     	nop
800800ec: d503201f     	nop
800800f0: d503201f     	nop
800800f4: d503201f     	nop
800800f8: d503201f     	nop
800800fc: d503201f     	nop
80080100: d503201f     	nop
80080104: d503201f     	nop
80080108: d503201f     	nop
8008010c: d503201f     	nop
80080110: d503201f     	nop
80080114: d503201f     	nop
80080118: d503201f     	nop
8008011c: d503201f     	nop
80080120: d503201f     	nop
80080124: d503201f     	nop
80080128: d503201f     	nop
8008012c: d503201f     	nop
80080130: d503201f     	nop
80080134: d503201f     	nop
80080138: d503201f     	nop
8008013c: d503201f     	nop
80080140: d503201f     	nop
80080144: d503201f     	nop
80080148: d503201f     	nop
8008014c: d503201f     	nop
80080150: d503201f     	nop
80080154: d503201f     	nop
80080158: d503201f     	nop
8008015c: d503201f     	nop
80080160: d503201f     	nop
80080164: d503201f     	nop
80080168: d503201f     	nop
8008016c: d503201f     	nop
80080170: d503201f     	nop
80080174: d503201f     	nop
80080178: d503201f     	nop
8008017c: d503201f     	nop
80080180: d503201f     	nop
80080184: d503201f     	nop
80080188: d503201f     	nop
8008018c: d503201f     	nop
80080190: d503201f     	nop
80080194: d503201f     	nop
80080198: d503201f     	nop
8008019c: d503201f     	nop
800801a0: d503201f     	nop
800801a4: d503201f     	nop
800801a8: d503201f     	nop
800801ac: d503201f     	nop
800801b0: d503201f     	nop
800801b4: d503201f     	nop
800801b8: d503201f     	nop
800801bc: d503201f     	nop
800801c0: d503201f     	nop
800801c4: d503201f     	nop
800801c8: d503201f     	nop
800801cc: d503201f     	nop
800801d0: d503201f     	nop
800801d4: d503201f     	nop
800801d8: d503201f     	nop
800801dc: d503201f     	nop
800801e0: d503201f     	nop
800801e4: d503201f     	nop
800801e8: d503201f     	nop
800801ec: d503201f     	nop
800801f0: d503201f     	nop
800801f4: d503201f     	nop
800801f8: d503201f     	nop
800801fc: d503201f     	nop
80080200: d503201f     	nop
80080204: d503201f     	nop
80080208: d503201f     	nop
8008020c: d503201f     	nop
80080210: d503201f     	nop
80080214: d503201f     	nop
80080218: d503201f     	nop
8008021c: d503201f     	nop
80080220: d503201f     	nop
80080224: d503201f     	nop
80080228: d503201f     	nop
8008022c: d503201f     	nop
80080230: d503201f     	nop
80080234: d503201f     	nop
80080238: d503201f     	nop
8008023c: d503201f     	nop
80080240: d503201f     	nop
80080244: d503201f     	nop
80080248: d503201f     	nop
8008024c: d503201f     	nop
80080250: d503201f     	nop
80080254: d503201f     	nop
80080258: d503201f     	nop
8008025c: d503201f     	nop
80080260: d503201f     	nop
80080264: d503201f     	nop
80080268: d503201f     	nop
8008026c: d503201f     	nop
80080270: d503201f     	nop
80080274: d503201f     	nop
80080278: d503201f     	nop
8008027c: d503201f     	nop
80080280: d503201f     	nop
80080284: d503201f     	nop
80080288: d503201f     	nop
8008028c: d503201f     	nop
80080290: d503201f     	nop
80080294: d503201f     	nop
80080298: d503201f     	nop
8008029c: d503201f     	nop
800802a0: d503201f     	nop
800802a4: d503201f     	nop
800802a8: d503201f     	nop
800802ac: d503201f     	nop
800802b0: d503201f     	nop
800802b4: d503201f     	nop
800802b8: d503201f     	nop
800802bc: d503201f     	nop
800802c0: d503201f     	nop
800802c4: d503201f     	nop
800802c8: d503201f     	nop
800802cc: d503201f     	nop
800802d0: d503201f     	nop
800802d4: d503201f     	nop
800802d8: d503201f     	nop
800802dc: d503201f     	nop
800802e0: d503201f     	nop
800802e4: d503201f     	nop
800802e8: d503201f     	nop
800802ec: d503201f     	nop
800802f0: d503201f     	nop
800802f4: d503201f     	nop
800802f8: d503201f     	nop
800802fc: d503201f     	nop
80080300: d503201f     	nop
80080304: d503201f     	nop
80080308: d503201f     	nop
8008030c: d503201f     	nop
80080310: d503201f     	nop
80080314: d503201f     	nop
80080318: d503201f     	nop
8008031c: d503201f     	nop
80080320: d503201f     	nop
80080324: d503201f     	nop
80080328: d503201f     	nop
8008032c: d503201f     	nop
80080330: d503201f     	nop
80080334: d503201f     	nop
80080338: d503201f     	nop
8008033c: d503201f     	nop
80080340: d503201f     	nop
80080344: d503201f     	nop
80080348: d503201f     	nop
8008034c: d503201f     	nop
80080350: d503201f     	nop
80080354: d503201f     	nop
80080358: d503201f     	nop
8008035c: d503201f     	nop
80080360: d503201f     	nop
80080364: d503201f     	nop
80080368: d503201f     	nop
8008036c: d503201f     	nop
80080370: d503201f     	nop
80080374: d503201f     	nop
80080378: d503201f     	nop
8008037c: d503201f     	nop
80080380: d503201f     	nop
80080384: d503201f     	nop
80080388: d503201f     	nop
8008038c: d503201f     	nop
80080390: d503201f     	nop
80080394: d503201f     	nop
80080398: d503201f     	nop
8008039c: d503201f     	nop
800803a0: d503201f     	nop
800803a4: d503201f     	nop
800803a8: d503201f     	nop
800803ac: d503201f     	nop
800803b0: d503201f     	nop
800803b4: d503201f     	nop
800803b8: d503201f     	nop
800803bc: d503201f     	nop
800803c0: d503201f     	nop
800803c4: d503201f     	nop
800803c8: d503201f     	nop
800803cc: d503201f     	nop
800803d0: d503201f     	nop
800803d4: d503201f     	nop
800803d8: d503201f     	nop
800803dc: d503201f     	nop
800803e0: d503201f     	nop
800803e4: d503201f     	nop
800803e8: d503201f     	nop
800803ec: d503201f     	nop
800803f0: d503201f     	nop
800803f4: d503201f     	nop
800803f8: d503201f     	nop
800803fc: d503201f     	nop
80080400: d503201f     	nop
80080404: d503201f     	nop
80080408: d503201f     	nop
8008040c: d503201f     	nop
80080410: d503201f     	nop
80080414: d503201f     	nop
80080418: d503201f     	nop
8008041c: d503201f     	nop
80080420: d503201f     	nop
80080424: d503201f     	nop
80080428: d503201f     	nop
8008042c: d503201f     	nop
80080430: d503201f     	nop
80080434: d503201f     	nop
80080438: d503201f     	nop
8008043c: d503201f     	nop
80080440: d503201f     	nop
80080444: d503201f     	nop
80080448: d503201f     	nop
8008044c: d503201f     	nop
80080450: d503201f     	nop
80080454: d503201f     	nop
80080458: d503201f     	nop
8008045c: d503201f     	nop
80080460: d503201f     	nop
80080464: d503201f     	nop
80080468: d503201f     	nop
8008046c: d503201f     	nop
80080470: d503201f     	nop
80080474: d503201f     	nop
80080478: d503201f     	nop
8008047c: d503201f     	nop
80080480: d503201f     	nop
80080484: d503201f     	nop
80080488: d503201f     	nop
8008048c: d503201f     	nop
80080490: d503201f     	nop
80080494: d503201f     	nop
80080498: d503201f     	nop
8008049c: d503201f     	nop
800804a0: d503201f     	nop
800804a4: d503201f     	nop
800804a8: d503201f     	nop
800804ac: d503201f     	nop
800804b0: d503201f     	nop
800804b4: d503201f     	nop
800804b8: d503201f     	nop
800804bc: d503201f     	nop
800804c0: d503201f     	nop
800804c4: d503201f     	nop
800804c8: d503201f     	nop
800804cc: d503201f     	nop
800804d0: d503201f     	nop
800804d4: d503201f     	nop
800804d8: d503201f     	nop
800804dc: d503201f     	nop
800804e0: d503201f     	nop
800804e4: d503201f     	nop
800804e8: d503201f     	nop
800804ec: d503201f     	nop
800804f0: d503201f     	nop
800804f4: d503201f     	nop
800804f8: d503201f     	nop
800804fc: d503201f     	nop
80080500: d503201f     	nop
80080504: d503201f     	nop
80080508: d503201f     	nop
8008050c: d503201f     	nop
80080510: d503201f     	nop
80080514: d503201f     	nop
80080518: d503201f     	nop
8008051c: d503201f     	nop
80080520: d503201f     	nop
80080524: d503201f     	nop
80080528: d503201f     	nop
8008052c: d503201f     	nop
80080530: d503201f     	nop
80080534: d503201f     	nop
80080538: d503201f     	nop
8008053c: d503201f     	nop
80080540: d503201f     	nop
80080544: d503201f     	nop
80080548: d503201f     	nop
8008054c: d503201f     	nop
80080550: d503201f     	nop
80080554: d503201f     	nop
80080558: d503201f     	nop
8008055c: d503201f     	nop
80080560: d503201f     	nop
80080564: d503201f     	nop
80080568: d503201f     	nop
8008056c: d503201f     	nop
80080570: d503201f     	nop
80080574: d503201f     	nop
80080578: d503201f     	nop
8008057c: d503201f     	nop
80080580: d503201f     	nop
80080584: d503201f     	nop
80080588: d503201f     	nop
8008058c: d503201f     	nop
80080590: d503201f     	nop
80080594: d503201f     	nop
80080598: d503201f     	nop
8008059c: d503201f     	nop
800805a0: d503201f     	nop
800805a4: d503201f     	nop
800805a8: d503201f     	nop
800805ac: d503201f     	nop
800805b0: d503201f     	nop
800805b4: d503201f     	nop
800805b8: d503201f     	nop
800805bc: d503201f     	nop
800805c0: d503201f     	nop
800805c4: d503201f     	nop
800805c8: d503201f     	nop
800805cc: d503201f     	nop
800805d0: d503201f     	nop
800805d4: d503201f     	nop
800805d8: d503201f     	nop
800805dc: d503201f     	nop
800805e0: d503201f     	nop
800805e4: d503201f     	nop
800805e8: d503201f     	nop
800805ec: d503201f     	nop
800805f0: d503201f     	nop
800805f4: d503201f     	nop
800805f8: d503201f     	nop
800805fc: d503201f     	nop
80080600: d503201f     	nop
80080604: d503201f     	nop
80080608: d503201f     	nop
8008060c: d503201f     	nop
80080610: d503201f     	nop
80080614: d503201f     	nop
80080618: d503201f     	nop
8008061c: d503201f     	nop
80080620: d503201f     	nop
80080624: d503201f     	nop
80080628: d503201f     	nop
8008062c: d503201f     	nop
80080630: d503201f     	nop
80080634: d503201f     	nop
80080638: d503201f     	nop
8008063c: d503201f     	nop
80080640: d503201f     	nop
80080644: d503201f     	nop
80080648: d503201f     	nop
8008064c: d503201f     	nop
80080650: d503201f     	nop
80080654: d503201f     	nop
80080658: d503201f     	nop
8008065c: d503201f     	nop
80080660: d503201f     	nop
80080664: d503201f     	nop
80080668: d503201f     	nop
8008066c: d503201f     	nop
80080670: d503201f     	nop
80080674: d503201f     	nop
80080678: d503201f     	nop
8008067c: d503201f     	nop
80080680: d503201f     	nop
80080684: d503201f     	nop
80080688: d503201f     	nop
8008068c: d503201f     	nop
80080690: d503201f     	nop
80080694: d503201f     	nop
80080698: d503201f     	nop
8008069c: d503201f     	nop
800806a0: d503201f     	nop
800806a4: d503201f     	nop
800806a8: d503201f     	nop
800806ac: d503201f     	nop
800806b0: d503201f     	nop
800806b4: d503201f     	nop
800806b8: d503201f     	nop
800806bc: d503201f     	nop
800806c0: d503201f     	nop
800806c4: d503201f     	nop
800806c8: d503201f     	nop
800806cc: d503201f     	nop
800806d0: d503201f     	nop
800806d4: d503201f     	nop
800806d8: d503201f     	nop
800806dc: d503201f     	nop
800806e0: d503201f     	nop
800806e4: d503201f     	nop
800806e8: d503201f     	nop
800806ec: d503201f     	nop
800806f0: d503201f     	nop
800806f4: d503201f     	nop
800806f8: d503201f     	nop
800806fc: d503201f     	nop
80080700: d503201f     	nop
80080704: d503201f     	nop
80080708: d503201f     	nop
8008070c: d503201f     	nop
80080710: d503201f     	nop
80080714: d503201f     	nop
80080718: d503201f     	nop
8008071c: d503201f     	nop
80080720: d503201f     	nop
80080724: d503201f     	nop
80080728: d503201f     	nop
8008072c: d503201f     	nop
80080730: d503201f     	nop
80080734: d503201f     	nop
80080738: d503201f     	nop
8008073c: d503201f     	nop
80080740: d503201f     	nop
80080744: d503201f     	nop
80080748: d503201f     	nop
8008074c: d503201f     	nop
80080750: d503201f     	nop
80080754: d503201f     	nop
80080758: d503201f     	nop
8008075c: d503201f     	nop
80080760: d503201f     	nop
80080764: d503201f     	nop
80080768: d503201f     	nop
8008076c: d503201f     	nop
80080770: d503201f     	nop
80080774: d503201f     	nop
80080778: d503201f     	nop
8008077c: d503201f     	nop
80080780: d503201f     	nop
80080784: d503201f     	nop
80080788: d503201f     	nop
8008078c: d503201f     	nop
80080790: d503201f     	nop
80080794: d503201f     	nop
80080798: d503201f     	nop
8008079c: d503201f     	nop
800807a0: d503201f     	nop
800807a4: d503201f     	nop
800807a8: d503201f     	nop
800807ac: d503201f     	nop
800807b0: d503201f     	nop
800807b4: d503201f     	nop
800807b8: d503201f     	nop
800807bc: d503201f     	nop
800807c0: d503201f     	nop
800807c4: d503201f     	nop
800807c8: d503201f     	nop
800807cc: d503201f     	nop
800807d0: d503201f     	nop
800807d4: d503201f     	nop
800807d8: d503201f     	nop
800807dc: d503201f     	nop
800807e0: d503201f     	nop
800807e4: d503201f     	nop
800807e8: d503201f     	nop
800807ec: d503201f     	nop
800807f0: d503201f     	nop
800807f4: d503201f     	nop
800807f8: d503201f     	nop
800807fc: d503201f     	nop

0000000080080800 <bootshim_vectors>:
80080800: 140001e1     	b	0x80080f84 <bootshim_exc_entry>
80080804: d503201f     	nop
80080808: d503201f     	nop
8008080c: d503201f     	nop
80080810: d503201f     	nop
80080814: d503201f     	nop
80080818: d503201f     	nop
8008081c: d503201f     	nop
80080820: d503201f     	nop
80080824: d503201f     	nop
80080828: d503201f     	nop
8008082c: d503201f     	nop
80080830: d503201f     	nop
80080834: d503201f     	nop
80080838: d503201f     	nop
8008083c: d503201f     	nop
80080840: d503201f     	nop
80080844: d503201f     	nop
80080848: d503201f     	nop
8008084c: d503201f     	nop
80080850: d503201f     	nop
80080854: d503201f     	nop
80080858: d503201f     	nop
8008085c: d503201f     	nop
80080860: d503201f     	nop
80080864: d503201f     	nop
80080868: d503201f     	nop
8008086c: d503201f     	nop
80080870: d503201f     	nop
80080874: d503201f     	nop
80080878: d503201f     	nop
8008087c: d503201f     	nop
80080880: 140001c1     	b	0x80080f84 <bootshim_exc_entry>
80080884: d503201f     	nop
80080888: d503201f     	nop
8008088c: d503201f     	nop
80080890: d503201f     	nop
80080894: d503201f     	nop
80080898: d503201f     	nop
8008089c: d503201f     	nop
800808a0: d503201f     	nop
800808a4: d503201f     	nop
800808a8: d503201f     	nop
800808ac: d503201f     	nop
800808b0: d503201f     	nop
800808b4: d503201f     	nop
800808b8: d503201f     	nop
800808bc: d503201f     	nop
800808c0: d503201f     	nop
800808c4: d503201f     	nop
800808c8: d503201f     	nop
800808cc: d503201f     	nop
800808d0: d503201f     	nop
800808d4: d503201f     	nop
800808d8: d503201f     	nop
800808dc: d503201f     	nop
800808e0: d503201f     	nop
800808e4: d503201f     	nop
800808e8: d503201f     	nop
800808ec: d503201f     	nop
800808f0: d503201f     	nop
800808f4: d503201f     	nop
800808f8: d503201f     	nop
800808fc: d503201f     	nop
80080900: 140001a1     	b	0x80080f84 <bootshim_exc_entry>
80080904: d503201f     	nop
80080908: d503201f     	nop
8008090c: d503201f     	nop
80080910: d503201f     	nop
80080914: d503201f     	nop
80080918: d503201f     	nop
8008091c: d503201f     	nop
80080920: d503201f     	nop
80080924: d503201f     	nop
80080928: d503201f     	nop
8008092c: d503201f     	nop
80080930: d503201f     	nop
80080934: d503201f     	nop
80080938: d503201f     	nop
8008093c: d503201f     	nop
80080940: d503201f     	nop
80080944: d503201f     	nop
80080948: d503201f     	nop
8008094c: d503201f     	nop
80080950: d503201f     	nop
80080954: d503201f     	nop
80080958: d503201f     	nop
8008095c: d503201f     	nop
80080960: d503201f     	nop
80080964: d503201f     	nop
80080968: d503201f     	nop
8008096c: d503201f     	nop
80080970: d503201f     	nop
80080974: d503201f     	nop
80080978: d503201f     	nop
8008097c: d503201f     	nop
80080980: 14000181     	b	0x80080f84 <bootshim_exc_entry>
80080984: d503201f     	nop
80080988: d503201f     	nop
8008098c: d503201f     	nop
80080990: d503201f     	nop
80080994: d503201f     	nop
80080998: d503201f     	nop
8008099c: d503201f     	nop
800809a0: d503201f     	nop
800809a4: d503201f     	nop
800809a8: d503201f     	nop
800809ac: d503201f     	nop
800809b0: d503201f     	nop
800809b4: d503201f     	nop
800809b8: d503201f     	nop
800809bc: d503201f     	nop
800809c0: d503201f     	nop
800809c4: d503201f     	nop
800809c8: d503201f     	nop
800809cc: d503201f     	nop
800809d0: d503201f     	nop
800809d4: d503201f     	nop
800809d8: d503201f     	nop
800809dc: d503201f     	nop
800809e0: d503201f     	nop
800809e4: d503201f     	nop
800809e8: d503201f     	nop
800809ec: d503201f     	nop
800809f0: d503201f     	nop
800809f4: d503201f     	nop
800809f8: d503201f     	nop
800809fc: d503201f     	nop
80080a00: 14000161     	b	0x80080f84 <bootshim_exc_entry>
80080a04: d503201f     	nop
80080a08: d503201f     	nop
80080a0c: d503201f     	nop
80080a10: d503201f     	nop
80080a14: d503201f     	nop
80080a18: d503201f     	nop
80080a1c: d503201f     	nop
80080a20: d503201f     	nop
80080a24: d503201f     	nop
80080a28: d503201f     	nop
80080a2c: d503201f     	nop
80080a30: d503201f     	nop
80080a34: d503201f     	nop
80080a38: d503201f     	nop
80080a3c: d503201f     	nop
80080a40: d503201f     	nop
80080a44: d503201f     	nop
80080a48: d503201f     	nop
80080a4c: d503201f     	nop
80080a50: d503201f     	nop
80080a54: d503201f     	nop
80080a58: d503201f     	nop
80080a5c: d503201f     	nop
80080a60: d503201f     	nop
80080a64: d503201f     	nop
80080a68: d503201f     	nop
80080a6c: d503201f     	nop
80080a70: d503201f     	nop
80080a74: d503201f     	nop
80080a78: d503201f     	nop
80080a7c: d503201f     	nop
80080a80: 14000141     	b	0x80080f84 <bootshim_exc_entry>
80080a84: d503201f     	nop
80080a88: d503201f     	nop
80080a8c: d503201f     	nop
80080a90: d503201f     	nop
80080a94: d503201f     	nop
80080a98: d503201f     	nop
80080a9c: d503201f     	nop
80080aa0: d503201f     	nop
80080aa4: d503201f     	nop
80080aa8: d503201f     	nop
80080aac: d503201f     	nop
80080ab0: d503201f     	nop
80080ab4: d503201f     	nop
80080ab8: d503201f     	nop
80080abc: d503201f     	nop
80080ac0: d503201f     	nop
80080ac4: d503201f     	nop
80080ac8: d503201f     	nop
80080acc: d503201f     	nop
80080ad0: d503201f     	nop
80080ad4: d503201f     	nop
80080ad8: d503201f     	nop
80080adc: d503201f     	nop
80080ae0: d503201f     	nop
80080ae4: d503201f     	nop
80080ae8: d503201f     	nop
80080aec: d503201f     	nop
80080af0: d503201f     	nop
80080af4: d503201f     	nop
80080af8: d503201f     	nop
80080afc: d503201f     	nop
80080b00: 14000121     	b	0x80080f84 <bootshim_exc_entry>
80080b04: d503201f     	nop
80080b08: d503201f     	nop
80080b0c: d503201f     	nop
80080b10: d503201f     	nop
80080b14: d503201f     	nop
80080b18: d503201f     	nop
80080b1c: d503201f     	nop
80080b20: d503201f     	nop
80080b24: d503201f     	nop
80080b28: d503201f     	nop
80080b2c: d503201f     	nop
80080b30: d503201f     	nop
80080b34: d503201f     	nop
80080b38: d503201f     	nop
80080b3c: d503201f     	nop
80080b40: d503201f     	nop
80080b44: d503201f     	nop
80080b48: d503201f     	nop
80080b4c: d503201f     	nop
80080b50: d503201f     	nop
80080b54: d503201f     	nop
80080b58: d503201f     	nop
80080b5c: d503201f     	nop
80080b60: d503201f     	nop
80080b64: d503201f     	nop
80080b68: d503201f     	nop
80080b6c: d503201f     	nop
80080b70: d503201f     	nop
80080b74: d503201f     	nop
80080b78: d503201f     	nop
80080b7c: d503201f     	nop
80080b80: 14000101     	b	0x80080f84 <bootshim_exc_entry>
80080b84: d503201f     	nop
80080b88: d503201f     	nop
80080b8c: d503201f     	nop
80080b90: d503201f     	nop
80080b94: d503201f     	nop
80080b98: d503201f     	nop
80080b9c: d503201f     	nop
80080ba0: d503201f     	nop
80080ba4: d503201f     	nop
80080ba8: d503201f     	nop
80080bac: d503201f     	nop
80080bb0: d503201f     	nop
80080bb4: d503201f     	nop
80080bb8: d503201f     	nop
80080bbc: d503201f     	nop
80080bc0: d503201f     	nop
80080bc4: d503201f     	nop
80080bc8: d503201f     	nop
80080bcc: d503201f     	nop
80080bd0: d503201f     	nop
80080bd4: d503201f     	nop
80080bd8: d503201f     	nop
80080bdc: d503201f     	nop
80080be0: d503201f     	nop
80080be4: d503201f     	nop
80080be8: d503201f     	nop
80080bec: d503201f     	nop
80080bf0: d503201f     	nop
80080bf4: d503201f     	nop
80080bf8: d503201f     	nop
80080bfc: d503201f     	nop
80080c00: 140000e1     	b	0x80080f84 <bootshim_exc_entry>
80080c04: d503201f     	nop
80080c08: d503201f     	nop
80080c0c: d503201f     	nop
80080c10: d503201f     	nop
80080c14: d503201f     	nop
80080c18: d503201f     	nop
80080c1c: d503201f     	nop
80080c20: d503201f     	nop
80080c24: d503201f     	nop
80080c28: d503201f     	nop
80080c2c: d503201f     	nop
80080c30: d503201f     	nop
80080c34: d503201f     	nop
80080c38: d503201f     	nop
80080c3c: d503201f     	nop
80080c40: d503201f     	nop
80080c44: d503201f     	nop
80080c48: d503201f     	nop
80080c4c: d503201f     	nop
80080c50: d503201f     	nop
80080c54: d503201f     	nop
80080c58: d503201f     	nop
80080c5c: d503201f     	nop
80080c60: d503201f     	nop
80080c64: d503201f     	nop
80080c68: d503201f     	nop
80080c6c: d503201f     	nop
80080c70: d503201f     	nop
80080c74: d503201f     	nop
80080c78: d503201f     	nop
80080c7c: d503201f     	nop
80080c80: 140000c1     	b	0x80080f84 <bootshim_exc_entry>
80080c84: d503201f     	nop
80080c88: d503201f     	nop
80080c8c: d503201f     	nop
80080c90: d503201f     	nop
80080c94: d503201f     	nop
80080c98: d503201f     	nop
80080c9c: d503201f     	nop
80080ca0: d503201f     	nop
80080ca4: d503201f     	nop
80080ca8: d503201f     	nop
80080cac: d503201f     	nop
80080cb0: d503201f     	nop
80080cb4: d503201f     	nop
80080cb8: d503201f     	nop
80080cbc: d503201f     	nop
80080cc0: d503201f     	nop
80080cc4: d503201f     	nop
80080cc8: d503201f     	nop
80080ccc: d503201f     	nop
80080cd0: d503201f     	nop
80080cd4: d503201f     	nop
80080cd8: d503201f     	nop
80080cdc: d503201f     	nop
80080ce0: d503201f     	nop
80080ce4: d503201f     	nop
80080ce8: d503201f     	nop
80080cec: d503201f     	nop
80080cf0: d503201f     	nop
80080cf4: d503201f     	nop
80080cf8: d503201f     	nop
80080cfc: d503201f     	nop
80080d00: 140000a1     	b	0x80080f84 <bootshim_exc_entry>
80080d04: d503201f     	nop
80080d08: d503201f     	nop
80080d0c: d503201f     	nop
80080d10: d503201f     	nop
80080d14: d503201f     	nop
80080d18: d503201f     	nop
80080d1c: d503201f     	nop
80080d20: d503201f     	nop
80080d24: d503201f     	nop
80080d28: d503201f     	nop
80080d2c: d503201f     	nop
80080d30: d503201f     	nop
80080d34: d503201f     	nop
80080d38: d503201f     	nop
80080d3c: d503201f     	nop
80080d40: d503201f     	nop
80080d44: d503201f     	nop
80080d48: d503201f     	nop
80080d4c: d503201f     	nop
80080d50: d503201f     	nop
80080d54: d503201f     	nop
80080d58: d503201f     	nop
80080d5c: d503201f     	nop
80080d60: d503201f     	nop
80080d64: d503201f     	nop
80080d68: d503201f     	nop
80080d6c: d503201f     	nop
80080d70: d503201f     	nop
80080d74: d503201f     	nop
80080d78: d503201f     	nop
80080d7c: d503201f     	nop
80080d80: 14000081     	b	0x80080f84 <bootshim_exc_entry>
80080d84: d503201f     	nop
80080d88: d503201f     	nop
80080d8c: d503201f     	nop
80080d90: d503201f     	nop
80080d94: d503201f     	nop
80080d98: d503201f     	nop
80080d9c: d503201f     	nop
80080da0: d503201f     	nop
80080da4: d503201f     	nop
80080da8: d503201f     	nop
80080dac: d503201f     	nop
80080db0: d503201f     	nop
80080db4: d503201f     	nop
80080db8: d503201f     	nop
80080dbc: d503201f     	nop
80080dc0: d503201f     	nop
80080dc4: d503201f     	nop
80080dc8: d503201f     	nop
80080dcc: d503201f     	nop
80080dd0: d503201f     	nop
80080dd4: d503201f     	nop
80080dd8: d503201f     	nop
80080ddc: d503201f     	nop
80080de0: d503201f     	nop
80080de4: d503201f     	nop
80080de8: d503201f     	nop
80080dec: d503201f     	nop
80080df0: d503201f     	nop
80080df4: d503201f     	nop
80080df8: d503201f     	nop
80080dfc: d503201f     	nop
80080e00: 14000061     	b	0x80080f84 <bootshim_exc_entry>
80080e04: d503201f     	nop
80080e08: d503201f     	nop
80080e0c: d503201f     	nop
80080e10: d503201f     	nop
80080e14: d503201f     	nop
80080e18: d503201f     	nop
80080e1c: d503201f     	nop
80080e20: d503201f     	nop
80080e24: d503201f     	nop
80080e28: d503201f     	nop
80080e2c: d503201f     	nop
80080e30: d503201f     	nop
80080e34: d503201f     	nop
80080e38: d503201f     	nop
80080e3c: d503201f     	nop
80080e40: d503201f     	nop
80080e44: d503201f     	nop
80080e48: d503201f     	nop
80080e4c: d503201f     	nop
80080e50: d503201f     	nop
80080e54: d503201f     	nop
80080e58: d503201f     	nop
80080e5c: d503201f     	nop
80080e60: d503201f     	nop
80080e64: d503201f     	nop
80080e68: d503201f     	nop
80080e6c: d503201f     	nop
80080e70: d503201f     	nop
80080e74: d503201f     	nop
80080e78: d503201f     	nop
80080e7c: d503201f     	nop
80080e80: 14000041     	b	0x80080f84 <bootshim_exc_entry>
80080e84: d503201f     	nop
80080e88: d503201f     	nop
80080e8c: d503201f     	nop
80080e90: d503201f     	nop
80080e94: d503201f     	nop
80080e98: d503201f     	nop
80080e9c: d503201f     	nop
80080ea0: d503201f     	nop
80080ea4: d503201f     	nop
80080ea8: d503201f     	nop
80080eac: d503201f     	nop
80080eb0: d503201f     	nop
80080eb4: d503201f     	nop
80080eb8: d503201f     	nop
80080ebc: d503201f     	nop
80080ec0: d503201f     	nop
80080ec4: d503201f     	nop
80080ec8: d503201f     	nop
80080ecc: d503201f     	nop
80080ed0: d503201f     	nop
80080ed4: d503201f     	nop
80080ed8: d503201f     	nop
80080edc: d503201f     	nop
80080ee0: d503201f     	nop
80080ee4: d503201f     	nop
80080ee8: d503201f     	nop
80080eec: d503201f     	nop
80080ef0: d503201f     	nop
80080ef4: d503201f     	nop
80080ef8: d503201f     	nop
80080efc: d503201f     	nop
80080f00: 14000021     	b	0x80080f84 <bootshim_exc_entry>
80080f04: d503201f     	nop
80080f08: d503201f     	nop
80080f0c: d503201f     	nop
80080f10: d503201f     	nop
80080f14: d503201f     	nop
80080f18: d503201f     	nop
80080f1c: d503201f     	nop
80080f20: d503201f     	nop
80080f24: d503201f     	nop
80080f28: d503201f     	nop
80080f2c: d503201f     	nop
80080f30: d503201f     	nop
80080f34: d503201f     	nop
80080f38: d503201f     	nop
80080f3c: d503201f     	nop
80080f40: d503201f     	nop
80080f44: d503201f     	nop
80080f48: d503201f     	nop
80080f4c: d503201f     	nop
80080f50: d503201f     	nop
80080f54: d503201f     	nop
80080f58: d503201f     	nop
80080f5c: d503201f     	nop
80080f60: d503201f     	nop
80080f64: d503201f     	nop
80080f68: d503201f     	nop
80080f6c: d503201f     	nop
80080f70: d503201f     	nop
80080f74: d503201f     	nop
80080f78: d503201f     	nop
80080f7c: d503201f     	nop
80080f80: 14000001     	b	0x80080f84 <bootshim_exc_entry>

0000000080080f84 <bootshim_exc_entry>:
80080f84: d5385200     	mrs	x0, ESR_EL1
80080f88: d5384021     	mrs	x1, ELR_EL1
80080f8c: d5386002     	mrs	x2, FAR_EL1
80080f90: d5384003     	mrs	x3, SPSR_EL1
80080f94: d2b000c4     	mov	x4, #0x80060000         // =2147876864
80080f98: f9001080     	str	x0, [x4, #0x20]
80080f9c: f9000c81     	str	x1, [x4, #0x18]
80080fa0: f9001482     	str	x2, [x4, #0x28]
80080fa4: f9001883     	str	x3, [x4, #0x30]
80080fa8: b9401085     	ldr	w5, [x4, #0x10]
80080fac: 110004a5     	add	w5, w5, #0x1
80080fb0: b9001085     	str	w5, [x4, #0x10]
80080fb4: 9400002e     	bl	0x8008106c <bootshim_on_exception>
80080fb8: 58000346     	ldr	x6, 0x80081020 <bootshim_exc_entry+0x9c>
80080fbc: 18000367     	ldr	w7, 0x80081028 <bootshim_exc_entry+0xa4>
80080fc0: b90000c7     	str	w7, [x6]
80080fc4: d5033f9f     	dsb	sy
80080fc8: d5033fdf     	isb
80080fcc: 58000320     	ldr	x0, 0x80081030 <bootshim_exc_entry+0xac>
80080fd0: d4000003     	smc	#0
80080fd4: 58000326     	ldr	x6, 0x80081038 <bootshim_exc_entry+0xb4>
80080fd8: 52800027     	mov	w7, #0x1                // =1
80080fdc: b90000c7     	str	w7, [x6]
80080fe0: 58000306     	ldr	x6, 0x80081040 <bootshim_exc_entry+0xbc>
80080fe4: b90000c7     	str	w7, [x6]
80080fe8: d5033f9f     	dsb	sy
80080fec: d5033fdf     	isb
80080ff0: 580002c6     	ldr	x6, 0x80081048 <bootshim_exc_entry+0xc4>
80080ff4: b90000df     	str	wzr, [x6]
80080ff8: d5033f9f     	dsb	sy
80080ffc: d5033fdf     	isb
80081000: d503205f     	wfe
80081004: 17ffffff     	b	0x80081000 <bootshim_exc_entry+0x7c>
80081008: 10 50 08 80  	.word	0x80085010
8008100c: 00 00 00 00  	.word	0x00000000
80081010: 10 90 08 80  	.word	0x80089010
80081014: 00 00 00 00  	.word	0x00000000
80081018: 10 90 08 80  	.word	0x80089010
8008101c: 00 00 00 00  	.word	0x00000000
80081020: 5c f6 6b 06  	.word	0x066bf65c
80081024: 00 00 00 00  	.word	0x00000000
80081028: 00 55 66 77  	.word	0x77665500
8008102c: 00 00 00 00  	.word	0x00000000
80081030: 09 00 00 84  	.word	0x84000009
80081034: 00 00 00 00  	.word	0x00000000
80081038: 14 00 83 09  	.word	0x09830014
8008103c: 00 00 00 00  	.word	0x00000000
80081040: 04 00 83 09  	.word	0x09830004
80081044: 00 00 00 00  	.word	0x00000000
80081048: 00 b0 4a 00  	.word	0x004ab000
8008104c: 00 00 00 00  	.word	0x00000000

0000000080081050 <jump_to_xnu>:
80081050: aa0003f3     	mov	x19, x0
80081054: aa0103f4     	mov	x20, x1
80081058: d508751f     	ic	iallu
8008105c: d5033f9f     	dsb	sy
80081060: d5033fdf     	isb
80081064: aa1303e0     	mov	x0, x19
80081068: d61f0280     	br	x20

000000008008106c <bootshim_on_exception>:
8008106c: a9bc7bfd     	stp	x29, x30, [sp, #-0x40]!
80081070: f9000bf7     	str	x23, [sp, #0x10]
80081074: 5290d417     	mov	w23, #0x86a0            // =34464
80081078: 910003fd     	mov	x29, sp
8008107c: a90257f6     	stp	x22, x21, [sp, #0x20]
80081080: aa0003f6     	mov	x22, x0
80081084: d503201f     	nop
80081088: 7001e600     	adr	x0, 0x80084d4b
8008108c: a9034ff4     	stp	x20, x19, [sp, #0x30]
80081090: aa0303f3     	mov	x19, x3
80081094: aa0203f4     	mov	x20, x2
80081098: aa0103f5     	mov	x21, x1
8008109c: 72a00037     	movk	w23, #0x1, lsl #16
800810a0: 940003d5     	bl	0x80081ff4 <uart_puts>
800810a4: f0000000     	adrp	x0, 0x80084000 <adt_build_tree_at+0x1d6c>
800810a8: 912ab400     	add	x0, x0, #0xaad
800810ac: 940003d2     	bl	0x80081ff4 <uart_puts>
800810b0: aa1603e0     	mov	x0, x22
800810b4: 940003dd     	bl	0x80082028 <uart_puthex64>
800810b8: f0000016     	adrp	x22, 0x80084000 <adt_build_tree_at+0x1d6c>
800810bc: 9135bed6     	add	x22, x22, #0xd6f
800810c0: aa1603e0     	mov	x0, x22
800810c4: 940003cc     	bl	0x80081ff4 <uart_puts>
800810c8: f0000000     	adrp	x0, 0x80084000 <adt_build_tree_at+0x1d6c>
800810cc: 91393000     	add	x0, x0, #0xe4c
800810d0: 940003c9     	bl	0x80081ff4 <uart_puts>
800810d4: aa1503e0     	mov	x0, x21
800810d8: 940003d4     	bl	0x80082028 <uart_puthex64>
800810dc: aa1603e0     	mov	x0, x22
800810e0: 940003c5     	bl	0x80081ff4 <uart_puts>
800810e4: f0000000     	adrp	x0, 0x80084000 <adt_build_tree_at+0x1d6c>
800810e8: 91372000     	add	x0, x0, #0xdc8
800810ec: 940003c2     	bl	0x80081ff4 <uart_puts>
800810f0: aa1403e0     	mov	x0, x20
800810f4: 940003cd     	bl	0x80082028 <uart_puthex64>
800810f8: aa1603e0     	mov	x0, x22
800810fc: 940003be     	bl	0x80081ff4 <uart_puts>
80081100: f0000000     	adrp	x0, 0x80084000 <adt_build_tree_at+0x1d6c>
80081104: 912c1c00     	add	x0, x0, #0xb07
80081108: 940003bb     	bl	0x80081ff4 <uart_puts>
8008110c: aa1303e0     	mov	x0, x19
80081110: 940003c6     	bl	0x80082028 <uart_puthex64>
80081114: aa1603e0     	mov	x0, x22
80081118: 940003b7     	bl	0x80081ff4 <uart_puts>
8008111c: f0000000     	adrp	x0, 0x80084000 <adt_build_tree_at+0x1d6c>
80081120: 912f4400     	add	x0, x0, #0xbd1
80081124: 940003b4     	bl	0x80081ff4 <uart_puts>
80081128: 529ecb88     	mov	w8, #0xf65c             // =63068
8008112c: 528aa009     	mov	w9, #0x5500             // =21760
80081130: 72a0cd68     	movk	w8, #0x66b, lsl #16
80081134: 72aeecc9     	movk	w9, #0x7766, lsl #16
80081138: b9000109     	str	w9, [x8]
8008113c: d5033f9f     	dsb	sy
80081140: d5033fdf     	isb
80081144: b9001fbf     	str	wzr, [x29, #0x1c]
80081148: b9401fa8     	ldr	w8, [x29, #0x1c]
8008114c: 6b17011f     	cmp	w8, w23
80081150: 540000ca     	b.ge	0x80081168 <bootshim_on_exception+0xfc>
80081154: d503201f     	nop
80081158: b9401fa8     	ldr	w8, [x29, #0x1c]
8008115c: 11000508     	add	w8, w8, #0x1
80081160: b9001fa8     	str	w8, [x29, #0x1c]
80081164: 17fffff9     	b	0x80081148 <bootshim_on_exception+0xdc>
80081168: 52800088     	mov	w8, #0x4                // =4
8008116c: 52812009     	mov	w9, #0x900              // =2304
80081170: 5296000b     	mov	w11, #0xb000            // =45056
80081174: 72a13068     	movk	w8, #0x983, lsl #16
80081178: 72a007a9     	movk	w9, #0x3d, lsl #16
8008117c: 5280002a     	mov	w10, #0x1               // =1
80081180: 72a0094b     	movk	w11, #0x4a, lsl #16
80081184: 52812040     	mov	w0, #0x902              // =2306
80081188: 52800021     	mov	w1, #0x1                // =1
8008118c: aa1f03e2     	mov	x2, xzr
80081190: 72b84000     	movk	w0, #0xc200, lsl #16
80081194: aa1f03e3     	mov	x3, xzr
80081198: aa1f03e4     	mov	x4, xzr
8008119c: aa1f03e5     	mov	x5, xzr
800811a0: aa1f03e6     	mov	x6, xzr
800811a4: d4000003     	smc	#0
800811a8: 52812040     	mov	w0, #0x902              // =2306
800811ac: 52800021     	mov	w1, #0x1                // =1
800811b0: aa1f03e2     	mov	x2, xzr
800811b4: 72b04000     	movk	w0, #0x8200, lsl #16
800811b8: aa1f03e3     	mov	x3, xzr
800811bc: aa1f03e4     	mov	x4, xzr
800811c0: aa1f03e5     	mov	x5, xzr
800811c4: aa1f03e6     	mov	x6, xzr
800811c8: d4000003     	smc	#0
800811cc: 52800120     	mov	w0, #0x9                // =9
800811d0: 72b08000     	movk	w0, #0x8400, lsl #16
800811d4: d4000003     	smc	#0
800811d8: b900110a     	str	w10, [x8, #0x10]
800811dc: b900010a     	str	w10, [x8]
800811e0: d5033f9f     	dsb	sy
800811e4: d5033fdf     	isb
800811e8: b900017f     	str	wzr, [x11]
800811ec: d5033f9f     	dsb	sy
800811f0: d5033fdf     	isb
800811f4: b9001bbf     	str	wzr, [x29, #0x18]
800811f8: b9401bac     	ldr	w12, [x29, #0x18]
800811fc: 6b09019f     	cmp	w12, w9
80081200: 54fffc2a     	b.ge	0x80081184 <bootshim_on_exception+0x118>
80081204: d503201f     	nop
80081208: b9401bac     	ldr	w12, [x29, #0x18]
8008120c: 1100058c     	add	w12, w12, #0x1
80081210: b9001bac     	str	w12, [x29, #0x18]
80081214: 17fffff9     	b	0x800811f8 <bootshim_on_exception+0x18c>

0000000080081218 <bootshim_main>:
80081218: d101c3ff     	sub	sp, sp, #0x70
8008121c: a9017bfd     	stp	x29, x30, [sp, #0x10]
80081220: 910043fd     	add	x29, sp, #0x10
80081224: a9026ffc     	stp	x28, x27, [sp, #0x20]
80081228: a90367fa     	stp	x26, x25, [sp, #0x30]
8008122c: a9045ff8     	stp	x24, x23, [sp, #0x40]
80081230: a90557f6     	stp	x22, x21, [sp, #0x50]
80081234: aa0103f5     	mov	x21, x1
80081238: a9064ff4     	stp	x20, x19, [sp, #0x60]
8008123c: aa0203f4     	mov	x20, x2
80081240: aa0003f3     	mov	x19, x0
80081244: 940002dc     	bl	0x80081db4 <uart_init>
80081248: 52801fe0     	mov	w0, #0xff               // =255
8008124c: 94000e03     	bl	0x80084a58 <fb_set_color>
80081250: 9000003a     	adrp	x26, 0x80085000 <g_dlog>
80081254: 52802009     	mov	w9, #0x100              // =256
80081258: f0000000     	adrp	x0, 0x80084000 <adt_build_tree_at+0x1d6c>
8008125c: 91360000     	add	x0, x0, #0xd80
80081260: f9400348     	ldr	x8, [x26]
80081264: b9001509     	str	w9, [x8, #0x14]
80081268: 94000363     	bl	0x80081ff4 <uart_puts>
8008126c: f0000000     	adrp	x0, 0x80084000 <adt_build_tree_at+0x1d6c>
80081270: 913b9c00     	add	x0, x0, #0xee7
80081274: 94000360     	bl	0x80081ff4 <uart_puts>
80081278: f0000000     	adrp	x0, 0x80084000 <adt_build_tree_at+0x1d6c>
8008127c: 91297000     	add	x0, x0, #0xa5c
80081280: 9400035d     	bl	0x80081ff4 <uart_puts>
80081284: f0000000     	adrp	x0, 0x80084000 <adt_build_tree_at+0x1d6c>
80081288: 912f0800     	add	x0, x0, #0xbc2
8008128c: 9400035a     	bl	0x80081ff4 <uart_puts>
80081290: aa1503e0     	mov	x0, x21
80081294: 940003a2     	bl	0x8008211c <uart_putdec>
80081298: f0000000     	adrp	x0, 0x80084000 <adt_build_tree_at+0x1d6c>
8008129c: 91311800     	add	x0, x0, #0xc46
800812a0: 94000355     	bl	0x80081ff4 <uart_puts>
800812a4: aa1403e0     	mov	x0, x20
800812a8: 94000360     	bl	0x80082028 <uart_puthex64>
800812ac: f0000000     	adrp	x0, 0x80084000 <adt_build_tree_at+0x1d6c>
800812b0: 9135bc00     	add	x0, x0, #0xd6f
800812b4: 94000350     	bl	0x80081ff4 <uart_puts>
800812b8: f9400348     	ldr	x8, [x26]
800812bc: 52802029     	mov	w9, #0x101              // =257
800812c0: b9001509     	str	w9, [x8, #0x14]
800812c4: b4000133     	cbz	x19, 0x800812e8 <bootshim_main+0xd0>
800812c8: f0000000     	adrp	x0, 0x80084000 <adt_build_tree_at+0x1d6c>
800812cc: 91395c00     	add	x0, x0, #0xe57
800812d0: 94000349     	bl	0x80081ff4 <uart_puts>
800812d4: aa1303e0     	mov	x0, x19
800812d8: 94000354     	bl	0x80082028 <uart_puthex64>
800812dc: f0000000     	adrp	x0, 0x80084000 <adt_build_tree_at+0x1d6c>
800812e0: 9135bc00     	add	x0, x0, #0xd6f
800812e4: 14000003     	b	0x800812f0 <bootshim_main+0xd8>
800812e8: f0000000     	adrp	x0, 0x80084000 <adt_build_tree_at+0x1d6c>
800812ec: 913c6000     	add	x0, x0, #0xf18
800812f0: 52800096     	mov	w22, #0x4               // =4
800812f4: 52960017     	mov	w23, #0xb000            // =45056
800812f8: 529f59fb     	mov	w27, #0xfacf            // =64207
800812fc: 528aa01c     	mov	w28, #0x5500            // =21760
80081300: 52812018     	mov	w24, #0x900             // =2304
80081304: 5290d419     	mov	w25, #0x86a0            // =34464
80081308: 72a13076     	movk	w22, #0x983, lsl #16
8008130c: 72a00957     	movk	w23, #0x4a, lsl #16
80081310: 72bfddbb     	movk	w27, #0xfeed, lsl #16
80081314: 72aeecdc     	movk	w28, #0x7766, lsl #16
80081318: 72a007b8     	movk	w24, #0x3d, lsl #16
8008131c: 72a00039     	movk	w25, #0x1, lsl #16
80081320: 94000335     	bl	0x80081ff4 <uart_puts>
80081324: f0000000     	adrp	x0, 0x80084000 <adt_build_tree_at+0x1d6c>
80081328: 912b4000     	add	x0, x0, #0xad0
8008132c: d53be014     	mrs	x20, CNTFRQ_EL0
80081330: d53be055     	mrs	x21, CNTVCT_EL0
80081334: 94000330     	bl	0x80081ff4 <uart_puts>
80081338: aa1403e0     	mov	x0, x20
8008133c: 94000378     	bl	0x8008211c <uart_putdec>
80081340: f0000000     	adrp	x0, 0x80084000 <adt_build_tree_at+0x1d6c>
80081344: 91339400     	add	x0, x0, #0xce5
80081348: 9400032b     	bl	0x80081ff4 <uart_puts>
8008134c: aa1503e0     	mov	x0, x21
80081350: 94000336     	bl	0x80082028 <uart_puthex64>
80081354: f0000000     	adrp	x0, 0x80084000 <adt_build_tree_at+0x1d6c>
80081358: 9135bc00     	add	x0, x0, #0xd6f
8008135c: 94000326     	bl	0x80081ff4 <uart_puts>
80081360: f9400348     	ldr	x8, [x26]
80081364: 52802049     	mov	w9, #0x102              // =258
80081368: f0000000     	adrp	x0, 0x80084000 <adt_build_tree_at+0x1d6c>
8008136c: 91320c00     	add	x0, x0, #0xc83
80081370: b9001509     	str	w9, [x8, #0x14]
80081374: 94000320     	bl	0x80081ff4 <uart_puts>
80081378: b40005f3     	cbz	x19, 0x80081434 <bootshim_main+0x21c>
8008137c: 39400268     	ldrb	w8, [x19]
80081380: 7103411f     	cmp	w8, #0xd0
80081384: 54000581     	b.ne	0x80081434 <bootshim_main+0x21c>
80081388: 39400668     	ldrb	w8, [x19, #0x1]
8008138c: 7100351f     	cmp	w8, #0xd
80081390: 54000521     	b.ne	0x80081434 <bootshim_main+0x21c>
80081394: 39400a68     	ldrb	w8, [x19, #0x2]
80081398: 7103f91f     	cmp	w8, #0xfe
8008139c: 540004c1     	b.ne	0x80081434 <bootshim_main+0x21c>
800813a0: 39400e68     	ldrb	w8, [x19, #0x3]
800813a4: 7103b51f     	cmp	w8, #0xed
800813a8: 54000461     	b.ne	0x80081434 <bootshim_main+0x21c>
800813ac: 39401268     	ldrb	w8, [x19, #0x4]
800813b0: 39402269     	ldrb	w9, [x19, #0x8]
800813b4: 3940166a     	ldrb	w10, [x19, #0x5]
800813b8: 3940266b     	ldrb	w11, [x19, #0x9]
800813bc: 53081d08     	lsl	w8, w8, #24
800813c0: 53081d29     	lsl	w9, w9, #24
800813c4: 2a0a4108     	orr	w8, w8, w10, lsl #16
800813c8: 39401a6a     	ldrb	w10, [x19, #0x6]
800813cc: 2a0b4129     	orr	w9, w9, w11, lsl #16
800813d0: 39402a6b     	ldrb	w11, [x19, #0xa]
800813d4: 2a0a2108     	orr	w8, w8, w10, lsl #8
800813d8: 39401e6a     	ldrb	w10, [x19, #0x7]
800813dc: 2a0b2129     	orr	w9, w9, w11, lsl #8
800813e0: 39402e6b     	ldrb	w11, [x19, #0xb]
800813e4: 2a0a0108     	orr	w8, w8, w10
800813e8: 2a0b012a     	orr	w10, w9, w11
800813ec: 6b08015f     	cmp	w10, w8
800813f0: 54000222     	b.hs	0x80081434 <bootshim_main+0x21c>
800813f4: 39403269     	ldrb	w9, [x19, #0xc]
800813f8: 3940366d     	ldrb	w13, [x19, #0xd]
800813fc: 39403a70     	ldrb	w16, [x19, #0xe]
80081400: 39403e6c     	ldrb	w12, [x19, #0xf]
80081404: 53081d2b     	lsl	w11, w9, #24
80081408: 2a0b03e9     	mov	w9, w11
8008140c: 33101da9     	bfi	w9, w13, #16, #8
80081410: 33181e09     	bfi	w9, w16, #8, #8
80081414: 2a0c0129     	orr	w9, w9, w12
80081418: 6b08013f     	cmp	w9, w8
8008141c: 540000c2     	b.hs	0x80081434 <bootshim_main+0x21c>
80081420: 8b2a426e     	add	x14, x19, w10, uxtw
80081424: 8b08026a     	add	x10, x19, x8
80081428: 910011cf     	add	x15, x14, #0x4
8008142c: eb0a01ff     	cmp	x15, x10
80081430: 54002e69     	b.ls	0x800819fc <bootshim_main+0x7e4>
80081434: 52b04413     	mov	w19, #-0x7de00000       // =-2111832064
80081438: f0000000     	adrp	x0, 0x80084000 <adt_build_tree_at+0x1d6c>
8008143c: 9135c400     	add	x0, x0, #0xd71
80081440: b9400274     	ldr	w20, [x19]
80081444: 940002ec     	bl	0x80081ff4 <uart_puts>
80081448: 52b04400     	mov	w0, #-0x7de00000        // =-2111832064
8008144c: 940002f7     	bl	0x80082028 <uart_puthex64>
80081450: f0000000     	adrp	x0, 0x80084000 <adt_build_tree_at+0x1d6c>
80081454: 9133d000     	add	x0, x0, #0xcf4
80081458: 940002e7     	bl	0x80081ff4 <uart_puts>
8008145c: aa1403e0     	mov	x0, x20
80081460: 940002f2     	bl	0x80082028 <uart_puthex64>
80081464: f0000000     	adrp	x0, 0x80084000 <adt_build_tree_at+0x1d6c>
80081468: 9135bc00     	add	x0, x0, #0xd6f
8008146c: 940002e2     	bl	0x80081ff4 <uart_puts>
80081470: 6b1b029f     	cmp	w20, w27
80081474: 54000ac0     	b.eq	0x800815cc <bootshim_main+0x3b4>
80081478: 52b00413     	mov	w19, #-0x7fe00000       // =-2145386496
8008147c: f0000000     	adrp	x0, 0x80084000 <adt_build_tree_at+0x1d6c>
80081480: 9135c400     	add	x0, x0, #0xd71
80081484: b9400274     	ldr	w20, [x19]
80081488: 940002db     	bl	0x80081ff4 <uart_puts>
8008148c: 52b00400     	mov	w0, #-0x7fe00000        // =-2145386496
80081490: 940002e6     	bl	0x80082028 <uart_puthex64>
80081494: f0000000     	adrp	x0, 0x80084000 <adt_build_tree_at+0x1d6c>
80081498: 9133d000     	add	x0, x0, #0xcf4
8008149c: 940002d6     	bl	0x80081ff4 <uart_puts>
800814a0: aa1403e0     	mov	x0, x20
800814a4: 940002e1     	bl	0x80082028 <uart_puthex64>
800814a8: f0000000     	adrp	x0, 0x80084000 <adt_build_tree_at+0x1d6c>
800814ac: 9135bc00     	add	x0, x0, #0xd6f
800814b0: 940002d1     	bl	0x80081ff4 <uart_puts>
800814b4: 6b1b029f     	cmp	w20, w27
800814b8: 540008a0     	b.eq	0x800815cc <bootshim_main+0x3b4>
800814bc: 52b04013     	mov	w19, #-0x7e000000       // =-2113929216
800814c0: f0000000     	adrp	x0, 0x80084000 <adt_build_tree_at+0x1d6c>
800814c4: 9135c400     	add	x0, x0, #0xd71
800814c8: b9400274     	ldr	w20, [x19]
800814cc: 940002ca     	bl	0x80081ff4 <uart_puts>
800814d0: 52b04000     	mov	w0, #-0x7e000000        // =-2113929216
800814d4: 940002d5     	bl	0x80082028 <uart_puthex64>
800814d8: f0000000     	adrp	x0, 0x80084000 <adt_build_tree_at+0x1d6c>
800814dc: 9133d000     	add	x0, x0, #0xcf4
800814e0: 940002c5     	bl	0x80081ff4 <uart_puts>
800814e4: aa1403e0     	mov	x0, x20
800814e8: 940002d0     	bl	0x80082028 <uart_puthex64>
800814ec: f0000000     	adrp	x0, 0x80084000 <adt_build_tree_at+0x1d6c>
800814f0: 9135bc00     	add	x0, x0, #0xd6f
800814f4: 940002c0     	bl	0x80081ff4 <uart_puts>
800814f8: 6b1b029f     	cmp	w20, w27
800814fc: 54000680     	b.eq	0x800815cc <bootshim_main+0x3b4>
80081500: 52b04813     	mov	w19, #-0x7dc00000       // =-2109734912
80081504: f0000000     	adrp	x0, 0x80084000 <adt_build_tree_at+0x1d6c>
80081508: 9135c400     	add	x0, x0, #0xd71
8008150c: b9400274     	ldr	w20, [x19]
80081510: 940002b9     	bl	0x80081ff4 <uart_puts>
80081514: 52b04800     	mov	w0, #-0x7dc00000        // =-2109734912
80081518: 940002c4     	bl	0x80082028 <uart_puthex64>
8008151c: f0000000     	adrp	x0, 0x80084000 <adt_build_tree_at+0x1d6c>
80081520: 9133d000     	add	x0, x0, #0xcf4
80081524: 940002b4     	bl	0x80081ff4 <uart_puts>
80081528: aa1403e0     	mov	x0, x20
8008152c: 940002bf     	bl	0x80082028 <uart_puthex64>
80081530: f0000000     	adrp	x0, 0x80084000 <adt_build_tree_at+0x1d6c>
80081534: 9135bc00     	add	x0, x0, #0xd6f
80081538: 940002af     	bl	0x80081ff4 <uart_puts>
8008153c: 6b1b029f     	cmp	w20, w27
80081540: 54000460     	b.eq	0x800815cc <bootshim_main+0x3b4>
80081544: 52b02013     	mov	w19, #-0x7f000000       // =-2130706432
80081548: f0000000     	adrp	x0, 0x80084000 <adt_build_tree_at+0x1d6c>
8008154c: 9135c400     	add	x0, x0, #0xd71
80081550: b9400274     	ldr	w20, [x19]
80081554: 940002a8     	bl	0x80081ff4 <uart_puts>
80081558: 52b02000     	mov	w0, #-0x7f000000        // =-2130706432
8008155c: 940002b3     	bl	0x80082028 <uart_puthex64>
80081560: f0000000     	adrp	x0, 0x80084000 <adt_build_tree_at+0x1d6c>
80081564: 9133d000     	add	x0, x0, #0xcf4
80081568: 940002a3     	bl	0x80081ff4 <uart_puts>
8008156c: aa1403e0     	mov	x0, x20
80081570: 940002ae     	bl	0x80082028 <uart_puthex64>
80081574: f0000000     	adrp	x0, 0x80084000 <adt_build_tree_at+0x1d6c>
80081578: 9135bc00     	add	x0, x0, #0xd6f
8008157c: 9400029e     	bl	0x80081ff4 <uart_puts>
80081580: 6b1b029f     	cmp	w20, w27
80081584: 54000240     	b.eq	0x800815cc <bootshim_main+0x3b4>
80081588: 52b03013     	mov	w19, #-0x7e800000       // =-2122317824
8008158c: f0000000     	adrp	x0, 0x80084000 <adt_build_tree_at+0x1d6c>
80081590: 9135c400     	add	x0, x0, #0xd71
80081594: b9400274     	ldr	w20, [x19]
80081598: 94000297     	bl	0x80081ff4 <uart_puts>
8008159c: 52b03000     	mov	w0, #-0x7e800000        // =-2122317824
800815a0: 940002a2     	bl	0x80082028 <uart_puthex64>
800815a4: f0000000     	adrp	x0, 0x80084000 <adt_build_tree_at+0x1d6c>
800815a8: 9133d000     	add	x0, x0, #0xcf4
800815ac: 94000292     	bl	0x80081ff4 <uart_puts>
800815b0: aa1403e0     	mov	x0, x20
800815b4: 9400029d     	bl	0x80082028 <uart_puthex64>
800815b8: f0000000     	adrp	x0, 0x80084000 <adt_build_tree_at+0x1d6c>
800815bc: 9135bc00     	add	x0, x0, #0xd6f
800815c0: 9400028d     	bl	0x80081ff4 <uart_puts>
800815c4: 6b1b029f     	cmp	w20, w27
800815c8: 54001981     	b.ne	0x800818f8 <bootshim_main+0x6e0>
800815cc: b9400268     	ldr	w8, [x19]
800815d0: 6b1b011f     	cmp	w8, w27
800815d4: 540002c1     	b.ne	0x8008162c <bootshim_main+0x414>
800815d8: b9401268     	ldr	w8, [x19, #0x10]
800815dc: 340002c8     	cbz	w8, 0x80081634 <bootshim_main+0x41c>
800815e0: 92bf3c0a     	mov	x10, #-0xf9e00001       // =-4192206849
800815e4: 91008269     	add	x9, x19, #0x20
800815e8: f2dfc00a     	movk	x10, #0xfe00, lsl #32
800815ec: 14000004     	b	0x800815fc <bootshim_main+0x3e4>
800815f0: 71000508     	subs	w8, w8, #0x1
800815f4: 8b0b0129     	add	x9, x9, x11
800815f8: 540001e0     	b.eq	0x80081634 <bootshim_main+0x41c>
800815fc: b940012c     	ldr	w12, [x9]
80081600: b940052b     	ldr	w11, [x9, #0x4]
80081604: 7100159f     	cmp	w12, #0x5
80081608: 54ffff41     	b.ne	0x800815f0 <bootshim_main+0x3d8>
8008160c: f940892c     	ldr	x12, [x9, #0x110]
80081610: eb0a019f     	cmp	x12, x10
80081614: 54fffee9     	b.ls	0x800815f0 <bootshim_main+0x3d8>
80081618: d2bf3c09     	mov	x9, #0xf9e00000         // =4192206848
8008161c: 8b0c0268     	add	x8, x19, x12
80081620: f2c03fe9     	movk	x9, #0x1ff, lsl #32
80081624: 8b090114     	add	x20, x8, x9
80081628: 14000005     	b	0x8008163c <bootshim_main+0x424>
8008162c: aa1f03f4     	mov	x20, xzr
80081630: 14000003     	b	0x8008163c <bootshim_main+0x424>
80081634: 9154d268     	add	x8, x19, #0x534, lsl #12 // =0x534000
80081638: 91122114     	add	x20, x8, #0x488
8008163c: f9400348     	ldr	x8, [x26]
80081640: 52802069     	mov	w9, #0x103              // =259
80081644: 5280011b     	mov	w27, #0x8               // =8
80081648: f0000000     	adrp	x0, 0x80084000 <adt_build_tree_at+0x1d6c>
8008164c: 9134b800     	add	x0, x0, #0xd2e
80081650: 72b0301b     	movk	w27, #0x8180, lsl #16
80081654: b9001509     	str	w9, [x8, #0x14]
80081658: 94000267     	bl	0x80081ff4 <uart_puts>
8008165c: aa1303e0     	mov	x0, x19
80081660: 94000272     	bl	0x80082028 <uart_puthex64>
80081664: f0000000     	adrp	x0, 0x80084000 <adt_build_tree_at+0x1d6c>
80081668: 91314000     	add	x0, x0, #0xc50
8008166c: 94000262     	bl	0x80081ff4 <uart_puts>
80081670: aa1403e0     	mov	x0, x20
80081674: 9400026d     	bl	0x80082028 <uart_puthex64>
80081678: f0000000     	adrp	x0, 0x80084000 <adt_build_tree_at+0x1d6c>
8008167c: 9135bc00     	add	x0, x0, #0xd6f
80081680: 9400025d     	bl	0x80081ff4 <uart_puts>
80081684: f9400348     	ldr	x8, [x26]
80081688: 52802089     	mov	w9, #0x104              // =260
8008168c: f0000000     	adrp	x0, 0x80084000 <adt_build_tree_at+0x1d6c>
80081690: 9139d400     	add	x0, x0, #0xe75
80081694: b9001509     	str	w9, [x8, #0x14]
80081698: 94000257     	bl	0x80081ff4 <uart_puts>
8008169c: 52b03020     	mov	w0, #-0x7e7f0000        // =-2122252288
800816a0: 940002fd     	bl	0x80082294 <adt_build_tree_at>
800816a4: 2a0003f5     	mov	w21, w0
800816a8: f0000000     	adrp	x0, 0x80084000 <adt_build_tree_at+0x1d6c>
800816ac: 912c4800     	add	x0, x0, #0xb12
800816b0: 94000251     	bl	0x80081ff4 <uart_puts>
800816b4: 2a1503e0     	mov	w0, w21
800816b8: 94000299     	bl	0x8008211c <uart_putdec>
800816bc: f0000000     	adrp	x0, 0x80084000 <adt_build_tree_at+0x1d6c>
800816c0: 912fac00     	add	x0, x0, #0xbeb
800816c4: 9400024c     	bl	0x80081ff4 <uart_puts>
800816c8: f9400348     	ldr	x8, [x26]
800816cc: 528020a9     	mov	w9, #0x105              // =261
800816d0: f0000000     	adrp	x0, 0x80084000 <adt_build_tree_at+0x1d6c>
800816d4: 91374c00     	add	x0, x0, #0xdd3
800816d8: b9001509     	str	w9, [x8, #0x14]
800816dc: 94000246     	bl	0x80081ff4 <uart_puts>
800816e0: d1001f68     	sub	x8, x27, #0x7
800816e4: 52809009     	mov	w9, #0x480              // =1152
800816e8: f1000929     	subs	x9, x9, #0x2
800816ec: 781ff11f     	sturh	wzr, [x8, #-0x1]
800816f0: 91000908     	add	x8, x8, #0x2
800816f4: 54ffffa1     	b.ne	0x800816e8 <bootshim_main+0x4d0>
800816f8: b2575beb     	mov	x11, #-0x20000000000    // =-2199023255552
800816fc: 52b03009     	mov	w9, #-0x7e800000        // =-2122317824
80081700: 5280004a     	mov	w10, #0x2               // =2
80081704: f2b0c40b     	movk	x11, #0x8620, lsl #16
80081708: 7900012a     	strh	w10, [x9]
8008170c: aa1f03e8     	mov	x8, xzr
80081710: 781fa36a     	sturh	w10, [x27, #-0x6]
80081714: cb130169     	sub	x9, x11, x19
80081718: 52b0000a     	mov	w10, #-0x80000000       // =-2147483648
8008171c: a9002b69     	stp	x9, x10, [x27]
80081720: 52808e09     	mov	w9, #0x470              // =1136
80081724: d2c0002a     	mov	x10, #0x100000000       // =4294967296
80081728: 72b03009     	movk	w9, #0x8180, lsl #16
8008172c: 52a0300b     	mov	w11, #0x1800000         // =25165824
80081730: f9000b6a     	str	x10, [x27, #0x10]
80081734: f900052a     	str	x10, [x9, #0x8]
80081738: 8b0b026a     	add	x10, x19, x11
8008173c: 52800c6b     	mov	w11, #0x63              // =99
80081740: f9000f6a     	str	x10, [x27, #0x18]
80081744: 52b0302a     	mov	w10, #-0x7e7f0000       // =-2122252288
80081748: f9002f6a     	str	x10, [x27, #0x58]
8008174c: f000000a     	adrp	x10, 0x80084000 <adt_build_tree_at+0x1d6c>
80081750: 9130314a     	add	x10, x10, #0xc0c
80081754: b9006375     	str	w21, [x27, #0x60]
80081758: 8b08036c     	add	x12, x27, x8
8008175c: 3901918b     	strb	w11, [x12, #0x64]
80081760: 8b08014b     	add	x11, x10, x8
80081764: 91000508     	add	x8, x8, #0x1
80081768: 3940056b     	ldrb	w11, [x11, #0x1]
8008176c: f100e51f     	cmp	x8, #0x39
80081770: 54ffff41     	b.ne	0x80081758 <bootshim_main+0x540>
80081774: f0000000     	adrp	x0, 0x80084000 <adt_build_tree_at+0x1d6c>
80081778: 912be800     	add	x0, x0, #0xafa
8008177c: 3902777f     	strb	wzr, [x27, #0x9d]
80081780: b900537f     	str	wzr, [x27, #0x50]
80081784: f900013f     	str	xzr, [x9]
80081788: 9400021b     	bl	0x80081ff4 <uart_puts>
8008178c: f9400360     	ldr	x0, [x27]
80081790: 94000226     	bl	0x80082028 <uart_puthex64>
80081794: f0000000     	adrp	x0, 0x80084000 <adt_build_tree_at+0x1d6c>
80081798: 9132e400     	add	x0, x0, #0xcb9
8008179c: 94000216     	bl	0x80081ff4 <uart_puts>
800817a0: f9400760     	ldr	x0, [x27, #0x8]
800817a4: 94000221     	bl	0x80082028 <uart_puthex64>
800817a8: f0000000     	adrp	x0, 0x80084000 <adt_build_tree_at+0x1d6c>
800817ac: 9131d400     	add	x0, x0, #0xc75
800817b0: 94000211     	bl	0x80081ff4 <uart_puts>
800817b4: f9400b60     	ldr	x0, [x27, #0x10]
800817b8: 9400021c     	bl	0x80082028 <uart_puthex64>
800817bc: f0000000     	adrp	x0, 0x80084000 <adt_build_tree_at+0x1d6c>
800817c0: 913ad000     	add	x0, x0, #0xeb4
800817c4: 9400020c     	bl	0x80081ff4 <uart_puts>
800817c8: f9400f60     	ldr	x0, [x27, #0x18]
800817cc: 94000217     	bl	0x80082028 <uart_puthex64>
800817d0: f0000000     	adrp	x0, 0x80084000 <adt_build_tree_at+0x1d6c>
800817d4: 912ff800     	add	x0, x0, #0xbfe
800817d8: 94000207     	bl	0x80081ff4 <uart_puts>
800817dc: 91019360     	add	x0, x27, #0x64
800817e0: 94000205     	bl	0x80081ff4 <uart_puts>
800817e4: f0000000     	adrp	x0, 0x80084000 <adt_build_tree_at+0x1d6c>
800817e8: 9135bc00     	add	x0, x0, #0xd6f
800817ec: 94000202     	bl	0x80081ff4 <uart_puts>
800817f0: 529fe000     	mov	w0, #0xff00             // =65280
800817f4: 94000c99     	bl	0x80084a58 <fb_set_color>
800817f8: f9400348     	ldr	x8, [x26]
800817fc: 528020c9     	mov	w9, #0x106              // =262
80081800: f0000000     	adrp	x0, 0x80084000 <adt_build_tree_at+0x1d6c>
80081804: 912c7c00     	add	x0, x0, #0xb1f
80081808: b9001509     	str	w9, [x8, #0x14]
8008180c: 940001fa     	bl	0x80081ff4 <uart_puts>
80081810: 52b03000     	mov	w0, #-0x7e800000        // =-2122317824
80081814: aa1403e1     	mov	x1, x20
80081818: 97fffe0e     	bl	0x80081050 <jump_to_xnu>
8008181c: f0000000     	adrp	x0, 0x80084000 <adt_build_tree_at+0x1d6c>
80081820: 913d0c00     	add	x0, x0, #0xf43
80081824: 940001f4     	bl	0x80081ff4 <uart_puts>
80081828: 529ecb88     	mov	w8, #0xf65c             // =63068
8008182c: 72a0cd68     	movk	w8, #0x66b, lsl #16
80081830: b900011c     	str	w28, [x8]
80081834: d5033f9f     	dsb	sy
80081838: d5033fdf     	isb
8008183c: b81fc3bf     	stur	wzr, [x29, #-0x4]
80081840: b85fc3a8     	ldur	w8, [x29, #-0x4]
80081844: 6b19011f     	cmp	w8, w25
80081848: 540000ca     	b.ge	0x80081860 <bootshim_main+0x648>
8008184c: d503201f     	nop
80081850: b85fc3a8     	ldur	w8, [x29, #-0x4]
80081854: 11000508     	add	w8, w8, #0x1
80081858: b81fc3a8     	stur	w8, [x29, #-0x4]
8008185c: 17fffff9     	b	0x80081840 <bootshim_main+0x628>
80081860: 52800028     	mov	w8, #0x1                // =1
80081864: 52812040     	mov	w0, #0x902              // =2306
80081868: 52800021     	mov	w1, #0x1                // =1
8008186c: aa1f03e2     	mov	x2, xzr
80081870: 72b84000     	movk	w0, #0xc200, lsl #16
80081874: aa1f03e3     	mov	x3, xzr
80081878: aa1f03e4     	mov	x4, xzr
8008187c: aa1f03e5     	mov	x5, xzr
80081880: aa1f03e6     	mov	x6, xzr
80081884: d4000003     	smc	#0
80081888: 52812040     	mov	w0, #0x902              // =2306
8008188c: 52800021     	mov	w1, #0x1                // =1
80081890: aa1f03e2     	mov	x2, xzr
80081894: 72b04000     	movk	w0, #0x8200, lsl #16
80081898: aa1f03e3     	mov	x3, xzr
8008189c: aa1f03e4     	mov	x4, xzr
800818a0: aa1f03e5     	mov	x5, xzr
800818a4: aa1f03e6     	mov	x6, xzr
800818a8: d4000003     	smc	#0
800818ac: 52800120     	mov	w0, #0x9                // =9
800818b0: 72b08000     	movk	w0, #0x8400, lsl #16
800818b4: d4000003     	smc	#0
800818b8: b90012c8     	str	w8, [x22, #0x10]
800818bc: b90002c8     	str	w8, [x22]
800818c0: d5033f9f     	dsb	sy
800818c4: d5033fdf     	isb
800818c8: b90002ff     	str	wzr, [x23]
800818cc: d5033f9f     	dsb	sy
800818d0: d5033fdf     	isb
800818d4: b81fc3bf     	stur	wzr, [x29, #-0x4]
800818d8: b85fc3a9     	ldur	w9, [x29, #-0x4]
800818dc: 6b18013f     	cmp	w9, w24
800818e0: 54fffc2a     	b.ge	0x80081864 <bootshim_main+0x64c>
800818e4: d503201f     	nop
800818e8: b85fc3a9     	ldur	w9, [x29, #-0x4]
800818ec: 11000529     	add	w9, w9, #0x1
800818f0: b81fc3a9     	stur	w9, [x29, #-0x4]
800818f4: 17fffff9     	b	0x800818d8 <bootshim_main+0x6c0>
800818f8: 529f0013     	mov	w19, #0xf800            // =63488
800818fc: f0000000     	adrp	x0, 0x80084000 <adt_build_tree_at+0x1d6c>
80081900: 912d8c00     	add	x0, x0, #0xb63
80081904: 72a02493     	movk	w19, #0x124, lsl #16
80081908: 940001bb     	bl	0x80081ff4 <uart_puts>
8008190c: d53be048     	mrs	x8, CNTVCT_EL0
80081910: d53be049     	mrs	x9, CNTVCT_EL0
80081914: cb080129     	sub	x9, x9, x8
80081918: eb13013f     	cmp	x9, x19
8008191c: 54000082     	b.hs	0x8008192c <bootshim_main+0x714>
80081920: d503201f     	nop
80081924: d53be049     	mrs	x9, CNTVCT_EL0
80081928: 17fffffb     	b	0x80081914 <bootshim_main+0x6fc>
8008192c: 529ecb88     	mov	w8, #0xf65c             // =63068
80081930: 72a0cd68     	movk	w8, #0x66b, lsl #16
80081934: b900011c     	str	w28, [x8]
80081938: d5033f9f     	dsb	sy
8008193c: d5033fdf     	isb
80081940: b81fc3bf     	stur	wzr, [x29, #-0x4]
80081944: b85fc3a8     	ldur	w8, [x29, #-0x4]
80081948: 6b19011f     	cmp	w8, w25
8008194c: 540000ca     	b.ge	0x80081964 <bootshim_main+0x74c>
80081950: d503201f     	nop
80081954: b85fc3a8     	ldur	w8, [x29, #-0x4]
80081958: 11000508     	add	w8, w8, #0x1
8008195c: b81fc3a8     	stur	w8, [x29, #-0x4]
80081960: 17fffff9     	b	0x80081944 <bootshim_main+0x72c>
80081964: 52800028     	mov	w8, #0x1                // =1
80081968: 52812040     	mov	w0, #0x902              // =2306
8008196c: 52800021     	mov	w1, #0x1                // =1
80081970: aa1f03e2     	mov	x2, xzr
80081974: 72b84000     	movk	w0, #0xc200, lsl #16
80081978: aa1f03e3     	mov	x3, xzr
8008197c: aa1f03e4     	mov	x4, xzr
80081980: aa1f03e5     	mov	x5, xzr
80081984: aa1f03e6     	mov	x6, xzr
80081988: d4000003     	smc	#0
8008198c: 52812040     	mov	w0, #0x902              // =2306
80081990: 52800021     	mov	w1, #0x1                // =1
80081994: aa1f03e2     	mov	x2, xzr
80081998: 72b04000     	movk	w0, #0x8200, lsl #16
8008199c: aa1f03e3     	mov	x3, xzr
800819a0: aa1f03e4     	mov	x4, xzr
800819a4: aa1f03e5     	mov	x5, xzr
800819a8: aa1f03e6     	mov	x6, xzr
800819ac: d4000003     	smc	#0
800819b0: 52800120     	mov	w0, #0x9                // =9
800819b4: 72b08000     	movk	w0, #0x8400, lsl #16
800819b8: d4000003     	smc	#0
800819bc: b90012c8     	str	w8, [x22, #0x10]
800819c0: b90002c8     	str	w8, [x22]
800819c4: d5033f9f     	dsb	sy
800819c8: d5033fdf     	isb
800819cc: b90002ff     	str	wzr, [x23]
800819d0: d5033f9f     	dsb	sy
800819d4: d5033fdf     	isb
800819d8: b81fc3bf     	stur	wzr, [x29, #-0x4]
800819dc: b85fc3a9     	ldur	w9, [x29, #-0x4]
800819e0: 6b18013f     	cmp	w9, w24
800819e4: 54fffc2a     	b.ge	0x80081968 <bootshim_main+0x750>
800819e8: d503201f     	nop
800819ec: b85fc3a9     	ldur	w9, [x29, #-0x4]
800819f0: 11000529     	add	w9, w9, #0x1
800819f4: b81fc3a9     	stur	w9, [x29, #-0x4]
800819f8: 17fffff9     	b	0x800819dc <bootshim_main+0x7c4>
800819fc: 53103dad     	lsl	w13, w13, #16
80081a00: 53185e10     	lsl	w16, w16, #8
80081a04: 0b0d016b     	add	w11, w11, w13
80081a08: 0b0c020c     	add	w12, w16, w12
80081a0c: f000000d     	adrp	x13, 0x80084000 <adt_build_tree_at+0x1d6c>
80081a10: 913b25ad     	add	x13, x13, #0xec9
80081a14: 0b0c016c     	add	w12, w11, w12
80081a18: 8b09026b     	add	x11, x19, x9
80081a1c: 8b13018c     	add	x12, x12, x19
80081a20: 9100058c     	add	x12, x12, #0x1
80081a24: 14000008     	b	0x80081a44 <bootshim_main+0x82c>
80081a28: 8b2f420e     	add	x14, x16, w15, uxtw
80081a2c: 91000dce     	add	x14, x14, #0x3
80081a30: 927ef5cf     	and	x15, x14, #0xfffffffffffffffc
80081a34: aa0f03ee     	mov	x14, x15
80081a38: 910011ef     	add	x15, x15, #0x4
80081a3c: eb0a01ff     	cmp	x15, x10
80081a40: 54ffcfa8     	b.hi	0x80081434 <bootshim_main+0x21c>
80081a44: 394001d0     	ldrb	w16, [x14]
80081a48: 394005d1     	ldrb	w17, [x14, #0x1]
80081a4c: 53081e10     	lsl	w16, w16, #24
80081a50: 2a114210     	orr	w16, w16, w17, lsl #16
80081a54: 394009d1     	ldrb	w17, [x14, #0x2]
80081a58: 2a112210     	orr	w16, w16, w17, lsl #8
80081a5c: 39400dd1     	ldrb	w17, [x14, #0x3]
80081a60: 2a110210     	orr	w16, w16, w17
80081a64: 7100061f     	cmp	w16, #0x1
80081a68: 54000640     	b.eq	0x80081b30 <bootshim_main+0x918>
80081a6c: 71000e1f     	cmp	w16, #0x3
80081a70: 54000080     	b.eq	0x80081a80 <bootshim_main+0x868>
80081a74: 7100261f     	cmp	w16, #0x9
80081a78: 54fffde1     	b.ne	0x80081a34 <bootshim_main+0x81c>
80081a7c: 17fffe6e     	b	0x80081434 <bootshim_main+0x21c>
80081a80: 910031d0     	add	x16, x14, #0xc
80081a84: eb0a021f     	cmp	x16, x10
80081a88: 54ffcd68     	b.hi	0x80081434 <bootshim_main+0x21c>
80081a8c: 394021d1     	ldrb	w17, [x14, #0x8]
80081a90: 394025d2     	ldrb	w18, [x14, #0x9]
80081a94: 394001ef     	ldrb	w15, [x15]
80081a98: 394015c0     	ldrb	w0, [x14, #0x5]
80081a9c: 53081e31     	lsl	w17, w17, #24
80081aa0: 53081def     	lsl	w15, w15, #24
80081aa4: 2a124231     	orr	w17, w17, w18, lsl #16
80081aa8: 394029d2     	ldrb	w18, [x14, #0xa]
80081aac: 2a0041ef     	orr	w15, w15, w0, lsl #16
80081ab0: 394019c0     	ldrb	w0, [x14, #0x6]
80081ab4: 2a122231     	orr	w17, w17, w18, lsl #8
80081ab8: 39402dd2     	ldrb	w18, [x14, #0xb]
80081abc: 2a0021ef     	orr	w15, w15, w0, lsl #8
80081ac0: aa120232     	orr	x18, x17, x18
80081ac4: 39401dd1     	ldrb	w17, [x14, #0x7]
80081ac8: 0b090240     	add	w0, w18, w9
80081acc: 6b08001f     	cmp	w0, w8
80081ad0: 2a1101ef     	orr	w15, w15, w17
80081ad4: 54fffaa2     	b.hs	0x80081a28 <bootshim_main+0x810>
80081ad8: 8b120171     	add	x17, x11, x18
80081adc: 39400220     	ldrb	w0, [x17]
80081ae0: 34fffa40     	cbz	w0, 0x80081a28 <bootshim_main+0x810>
80081ae4: 8b120192     	add	x18, x12, x18
80081ae8: 14000004     	b	0x80081af8 <bootshim_main+0x8e0>
80081aec: 38401e20     	ldrb	w0, [x17, #0x1]!
80081af0: 91000652     	add	x18, x18, #0x1
80081af4: 34fff9a0     	cbz	w0, 0x80081a28 <bootshim_main+0x810>
80081af8: aa1203e2     	mov	x2, x18
80081afc: aa0d03e1     	mov	x1, x13
80081b00: 38401423     	ldrb	w3, [x1], #0x1
80081b04: 6b03001f     	cmp	w0, w3
80081b08: 54ffff21     	b.ne	0x80081aec <bootshim_main+0x8d4>
80081b0c: 38401440     	ldrb	w0, [x2], #0x1
80081b10: 35ffff80     	cbnz	w0, 0x80081b00 <bootshim_main+0x8e8>
80081b14: 39400020     	ldrb	w0, [x1]
80081b18: 35fffea0     	cbnz	w0, 0x80081aec <bootshim_main+0x8d4>
80081b1c: 710011ff     	cmp	w15, #0x4
80081b20: 54000520     	b.eq	0x80081bc4 <bootshim_main+0x9ac>
80081b24: 710021ff     	cmp	w15, #0x8
80081b28: 54fff801     	b.ne	0x80081a28 <bootshim_main+0x810>
80081b2c: 1400002a     	b	0x80081bd4 <bootshim_main+0x9bc>
80081b30: eb0a01ff     	cmp	x15, x10
80081b34: 54000442     	b.hs	0x80081bbc <bootshim_main+0x9a4>
80081b38: cb0f014e     	sub	x14, x10, x15
80081b3c: f24005d0     	ands	x16, x14, #0x3
80081b40: 540000c0     	b.eq	0x80081b58 <bootshim_main+0x940>
80081b44: 394001f1     	ldrb	w17, [x15]
80081b48: 340003b1     	cbz	w17, 0x80081bbc <bootshim_main+0x9a4>
80081b4c: f1000610     	subs	x16, x16, #0x1
80081b50: 910005ef     	add	x15, x15, #0x1
80081b54: 54ffff81     	b.ne	0x80081b44 <bootshim_main+0x92c>
80081b58: d10005ce     	sub	x14, x14, #0x1
80081b5c: f1000ddf     	cmp	x14, #0x3
80081b60: 8b13010e     	add	x14, x8, x19
80081b64: 54000062     	b.hs	0x80081b70 <bootshim_main+0x958>
80081b68: 910011ce     	add	x14, x14, #0x4
80081b6c: 17ffffb1     	b	0x80081a30 <bootshim_main+0x818>
80081b70: 91000def     	add	x15, x15, #0x3
80081b74: 385fd1f0     	ldurb	w16, [x15, #-0x3]
80081b78: 34000190     	cbz	w16, 0x80081ba8 <bootshim_main+0x990>
80081b7c: 385fe1f0     	ldurb	w16, [x15, #-0x2]
80081b80: 34000190     	cbz	w16, 0x80081bb0 <bootshim_main+0x998>
80081b84: 385ff1f0     	ldurb	w16, [x15, #-0x1]
80081b88: 34000190     	cbz	w16, 0x80081bb8 <bootshim_main+0x9a0>
80081b8c: 394001f0     	ldrb	w16, [x15]
80081b90: 34000170     	cbz	w16, 0x80081bbc <bootshim_main+0x9a4>
80081b94: 910005f0     	add	x16, x15, #0x1
80081b98: 910011ef     	add	x15, x15, #0x4
80081b9c: eb0e021f     	cmp	x16, x14
80081ba0: 54fffea1     	b.ne	0x80081b74 <bootshim_main+0x95c>
80081ba4: 17fffff1     	b	0x80081b68 <bootshim_main+0x950>
80081ba8: d1000def     	sub	x15, x15, #0x3
80081bac: 14000004     	b	0x80081bbc <bootshim_main+0x9a4>
80081bb0: d10009ef     	sub	x15, x15, #0x2
80081bb4: 14000002     	b	0x80081bbc <bootshim_main+0x9a4>
80081bb8: d10005ef     	sub	x15, x15, #0x1
80081bbc: 910011ee     	add	x14, x15, #0x4
80081bc0: 17ffff9c     	b	0x80081a30 <bootshim_main+0x818>
80081bc4: 528001e8     	mov	w8, #0xf                // =15
80081bc8: 528001c9     	mov	w9, #0xe                // =14
80081bcc: 528001aa     	mov	w10, #0xd               // =13
80081bd0: 14000005     	b	0x80081be4 <bootshim_main+0x9cc>
80081bd4: 910041d0     	add	x16, x14, #0x10
80081bd8: 52800268     	mov	w8, #0x13               // =19
80081bdc: 52800249     	mov	w9, #0x12               // =18
80081be0: 5280022a     	mov	w10, #0x11              // =17
80081be4: 3940020b     	ldrb	w11, [x16]
80081be8: 386a69ca     	ldrb	w10, [x14, x10]
80081bec: 386969c9     	ldrb	w9, [x14, x9]
80081bf0: 386869c8     	ldrb	w8, [x14, x8]
80081bf4: 53081d6b     	lsl	w11, w11, #24
80081bf8: 2a0a416a     	orr	w10, w11, w10, lsl #16
80081bfc: 2a092149     	orr	w9, w10, w9, lsl #8
80081c00: aa080133     	orr	x19, x9, x8
80081c04: 34ffc193     	cbz	w19, 0x80081434 <bootshim_main+0x21c>
80081c08: f0000000     	adrp	x0, 0x80084000 <adt_build_tree_at+0x1d6c>
80081c0c: 91365800     	add	x0, x0, #0xd96
80081c10: 940000f9     	bl	0x80081ff4 <uart_puts>
80081c14: aa1303e0     	mov	x0, x19
80081c18: 94000104     	bl	0x80082028 <uart_puthex64>
80081c1c: b9400274     	ldr	w20, [x19]
80081c20: f0000000     	adrp	x0, 0x80084000 <adt_build_tree_at+0x1d6c>
80081c24: 912fcc00     	add	x0, x0, #0xbf3
80081c28: 940000f3     	bl	0x80081ff4 <uart_puts>
80081c2c: aa1403e0     	mov	x0, x20
80081c30: 940000fe     	bl	0x80082028 <uart_puthex64>
80081c34: f0000000     	adrp	x0, 0x80084000 <adt_build_tree_at+0x1d6c>
80081c38: 9135bc00     	add	x0, x0, #0xd6f
80081c3c: 940000ee     	bl	0x80081ff4 <uart_puts>
80081c40: 6b1b029f     	cmp	w20, w27
80081c44: 54ffbf81     	b.ne	0x80081434 <bootshim_main+0x21c>
80081c48: 17fffe61     	b	0x800815cc <bootshim_main+0x3b4>

0000000080081c4c <xzs_stage_to_string>:
80081c4c: 7107fc1f     	cmp	w0, #0x1ff
80081c50: 5400018d     	b.le	0x80081c80 <xzs_stage_to_string+0x34>
80081c54: 71080c1f     	cmp	w0, #0x203
80081c58: 540002ac     	b.gt	0x80081cac <xzs_stage_to_string+0x60>
80081c5c: 7108041f     	cmp	w0, #0x201
80081c60: 5400058c     	b.gt	0x80081d10 <xzs_stage_to_string+0xc4>
80081c64: 7108001f     	cmp	w0, #0x200
80081c68: 54000820     	b.eq	0x80081d6c <xzs_stage_to_string+0x120>
80081c6c: 7108041f     	cmp	w0, #0x201
80081c70: 54000961     	b.ne	0x80081d9c <xzs_stage_to_string+0x150>
80081c74: f0000000     	adrp	x0, 0x80084000 <adt_build_tree_at+0x1d6c>
80081c78: 9138c400     	add	x0, x0, #0xe31
80081c7c: d65f03c0     	ret
80081c80: 7104081f     	cmp	w0, #0x102
80081c84: 5400026d     	b.le	0x80081cd0 <xzs_stage_to_string+0x84>
80081c88: 7104101f     	cmp	w0, #0x104
80081c8c: 5400034c     	b.gt	0x80081cf4 <xzs_stage_to_string+0xa8>
80081c90: 71040c1f     	cmp	w0, #0x103
80081c94: 540005a0     	b.eq	0x80081d48 <xzs_stage_to_string+0xfc>
80081c98: 7104101f     	cmp	w0, #0x104
80081c9c: 54000801     	b.ne	0x80081d9c <xzs_stage_to_string+0x150>
80081ca0: f0000000     	adrp	x0, 0x80084000 <adt_build_tree_at+0x1d6c>
80081ca4: 913e8000     	add	x0, x0, #0xfa0
80081ca8: d65f03c0     	ret
80081cac: 7108141f     	cmp	w0, #0x205
80081cb0: 540003ec     	b.gt	0x80081d2c <xzs_stage_to_string+0xe0>
80081cb4: 7108101f     	cmp	w0, #0x204
80081cb8: 54000600     	b.eq	0x80081d78 <xzs_stage_to_string+0x12c>
80081cbc: 7108141f     	cmp	w0, #0x205
80081cc0: 540006e1     	b.ne	0x80081d9c <xzs_stage_to_string+0x150>
80081cc4: f0000000     	adrp	x0, 0x80084000 <adt_build_tree_at+0x1d6c>
80081cc8: 91345000     	add	x0, x0, #0xd14
80081ccc: d65f03c0     	ret
80081cd0: 7104001f     	cmp	w0, #0x100
80081cd4: 540006a0     	b.eq	0x80081da8 <xzs_stage_to_string+0x15c>
80081cd8: 7104041f     	cmp	w0, #0x101
80081cdc: 54000420     	b.eq	0x80081d60 <xzs_stage_to_string+0x114>
80081ce0: 7104081f     	cmp	w0, #0x102
80081ce4: 540005c1     	b.ne	0x80081d9c <xzs_stage_to_string+0x150>
80081ce8: f0000000     	adrp	x0, 0x80084000 <adt_build_tree_at+0x1d6c>
80081cec: 913dc000     	add	x0, x0, #0xf70
80081cf0: d65f03c0     	ret
80081cf4: 7104141f     	cmp	w0, #0x105
80081cf8: 540002e0     	b.eq	0x80081d54 <xzs_stage_to_string+0x108>
80081cfc: 7104181f     	cmp	w0, #0x106
80081d00: 540004e1     	b.ne	0x80081d9c <xzs_stage_to_string+0x150>
80081d04: f0000000     	adrp	x0, 0x80084000 <adt_build_tree_at+0x1d6c>
80081d08: 912ae000     	add	x0, x0, #0xab8
80081d0c: d65f03c0     	ret
80081d10: 7108081f     	cmp	w0, #0x202
80081d14: 54000380     	b.eq	0x80081d84 <xzs_stage_to_string+0x138>
80081d18: 71080c1f     	cmp	w0, #0x203
80081d1c: 54000401     	b.ne	0x80081d9c <xzs_stage_to_string+0x150>
80081d20: f0000000     	adrp	x0, 0x80084000 <adt_build_tree_at+0x1d6c>
80081d24: 912b8800     	add	x0, x0, #0xae2
80081d28: d65f03c0     	ret
80081d2c: 7108181f     	cmp	w0, #0x206
80081d30: 54000300     	b.eq	0x80081d90 <xzs_stage_to_string+0x144>
80081d34: 71081c1f     	cmp	w0, #0x207
80081d38: 54000321     	b.ne	0x80081d9c <xzs_stage_to_string+0x150>
80081d3c: f0000000     	adrp	x0, 0x80084000 <adt_build_tree_at+0x1d6c>
80081d40: 912a4c00     	add	x0, x0, #0xa93
80081d44: d65f03c0     	ret
80081d48: f0000000     	adrp	x0, 0x80084000 <adt_build_tree_at+0x1d6c>
80081d4c: 91383c00     	add	x0, x0, #0xe0f
80081d50: d65f03c0     	ret
80081d54: f0000000     	adrp	x0, 0x80084000 <adt_build_tree_at+0x1d6c>
80081d58: 913e1c00     	add	x0, x0, #0xf87
80081d5c: d65f03c0     	ret
80081d60: f0000000     	adrp	x0, 0x80084000 <adt_build_tree_at+0x1d6c>
80081d64: 9133fc00     	add	x0, x0, #0xcff
80081d68: d65f03c0     	ret
80081d6c: f0000000     	adrp	x0, 0x80084000 <adt_build_tree_at+0x1d6c>
80081d70: 912eb000     	add	x0, x0, #0xbac
80081d74: d65f03c0     	ret
80081d78: f0000000     	adrp	x0, 0x80084000 <adt_build_tree_at+0x1d6c>
80081d7c: 9136b400     	add	x0, x0, #0xdad
80081d80: d65f03c0     	ret
80081d84: f0000000     	adrp	x0, 0x80084000 <adt_build_tree_at+0x1d6c>
80081d88: 91331c00     	add	x0, x0, #0xcc7
80081d8c: d65f03c0     	ret
80081d90: f0000000     	adrp	x0, 0x80084000 <adt_build_tree_at+0x1d6c>
80081d94: 91316c00     	add	x0, x0, #0xc5b
80081d98: d65f03c0     	ret
80081d9c: f0000000     	adrp	x0, 0x80084000 <adt_build_tree_at+0x1d6c>
80081da0: 9138a400     	add	x0, x0, #0xe29
80081da4: d65f03c0     	ret
80081da8: d503201f     	nop
80081dac: 100166c0     	adr	x0, 0x80084a84
80081db0: d65f03c0     	ret

0000000080081db4 <uart_init>:
80081db4: 90000028     	adrp	x8, 0x80085000 <g_dlog>
80081db8: 528a6889     	mov	w9, #0x5344             // =21316
80081dbc: f9400108     	ldr	x8, [x8]
80081dc0: 72ab0b49     	movk	w9, #0x585a, lsl #16
80081dc4: b940010a     	ldr	w10, [x8]
80081dc8: 6b09015f     	cmp	w10, w9
80081dcc: 540000a1     	b.ne	0x80081de0 <uart_init+0x2c>
80081dd0: b9400d09     	ldr	w9, [x8, #0xc]
80081dd4: 11000529     	add	w9, w9, #0x1
80081dd8: b9000d09     	str	w9, [x8, #0xc]
80081ddc: 1400000c     	b	0x80081e0c <uart_init+0x58>
80081de0: b9000109     	str	w9, [x8]
80081de4: 52800049     	mov	w9, #0x2                // =2
80081de8: 5280002a     	mov	w10, #0x1               // =1
80081dec: b9000509     	str	w9, [x8, #0x4]
80081df0: b9000d0a     	str	w10, [x8, #0xc]
80081df4: b900111f     	str	wzr, [x8, #0x10]
80081df8: b900151f     	str	wzr, [x8, #0x14]
80081dfc: f9000d1f     	str	xzr, [x8, #0x18]
80081e00: f900111f     	str	xzr, [x8, #0x20]
80081e04: f900151f     	str	xzr, [x8, #0x28]
80081e08: f900191f     	str	xzr, [x8, #0x30]
80081e0c: b900091f     	str	wzr, [x8, #0x8]
80081e10: 52884889     	mov	w9, #0x4244             // =16964
80081e14: 3901011f     	strb	wzr, [x8, #0x40]
80081e18: 529c0008     	mov	w8, #0xe000             // =57344
80081e1c: 72a868e9     	movk	w9, #0x4347, lsl #16
80081e20: 72b4ff68     	movk	w8, #0xa7fb, lsl #16
80081e24: b9000109     	str	w9, [x8]
80081e28: b900051f     	str	wzr, [x8, #0x4]
80081e2c: b900091f     	str	wzr, [x8, #0x8]
80081e30: 52b4fe08     	mov	w8, #-0x58100000        // =-1477443584
80081e34: b9000109     	str	w9, [x8]
80081e38: 52800088     	mov	w8, #0x4                // =4
80081e3c: 72b4fe08     	movk	w8, #0xa7f0, lsl #16
80081e40: b900011f     	str	wzr, [x8]
80081e44: b900051f     	str	wzr, [x8, #0x4]
80081e48: d65f03c0     	ret

0000000080081e4c <uart_putc>:
80081e4c: 12001c0a     	and	w10, w0, #0xff
80081e50: 529c0109     	mov	w9, #0xe008             // =57352
80081e54: 52800108     	mov	w8, #0x8                // =8
80081e58: 528a688d     	mov	w13, #0x5344            // =21316
80081e5c: 7100295f     	cmp	w10, #0xa
80081e60: 5288488a     	mov	w10, #0x4244            // =16964
80081e64: 529ffe6b     	mov	w11, #0xfff3            // =65523
80081e68: 72b4ff69     	movk	w9, #0xa7fb, lsl #16
80081e6c: 72b4fe08     	movk	w8, #0xa7f0, lsl #16
80081e70: 72ab0b4d     	movk	w13, #0x585a, lsl #16
80081e74: 72a868ea     	movk	w10, #0x4347, lsl #16
80081e78: 72a0006b     	movk	w11, #0x3, lsl #16
80081e7c: 9000002c     	adrp	x12, 0x80085000 <g_dlog>
80081e80: 54000601     	b.ne	0x80081f40 <uart_putc+0xf4>
80081e84: f940018e     	ldr	x14, [x12]
80081e88: b94001cf     	ldr	w15, [x14]
80081e8c: 6b0d01ff     	cmp	w15, w13
80081e90: 540001c1     	b.ne	0x80081ec8 <uart_putc+0x7c>
80081e94: b94009cf     	ldr	w15, [x14, #0x8]
80081e98: 529ff7d0     	mov	w16, #0xffbe            // =65470
80081e9c: 6b1001ff     	cmp	w15, w16
80081ea0: 54000148     	b.hi	0x80081ec8 <uart_putc+0x7c>
80081ea4: b94009cf     	ldr	w15, [x14, #0x8]
80081ea8: 528001b0     	mov	w16, #0xd               // =13
80081eac: 8b0f01ce     	add	x14, x14, x15
80081eb0: 110005ef     	add	w15, w15, #0x1
80081eb4: 390101d0     	strb	w16, [x14, #0x40]
80081eb8: f940018e     	ldr	x14, [x12]
80081ebc: b90009cf     	str	w15, [x14, #0x8]
80081ec0: 8b0f01ce     	add	x14, x14, x15
80081ec4: 390101df     	strb	wzr, [x14, #0x40]
80081ec8: b85f812e     	ldur	w14, [x9, #-0x8]
80081ecc: 6b0a01df     	cmp	w14, w10
80081ed0: 54000080     	b.eq	0x80081ee0 <uart_putc+0x94>
80081ed4: b81f812a     	stur	w10, [x9, #-0x8]
80081ed8: b81fc13f     	stur	wzr, [x9, #-0x4]
80081edc: b900013f     	str	wzr, [x9]
80081ee0: b940012e     	ldr	w14, [x9]
80081ee4: 6b0b01df     	cmp	w14, w11
80081ee8: 540000c2     	b.hs	0x80081f00 <uart_putc+0xb4>
80081eec: 8b0e012f     	add	x15, x9, x14
80081ef0: 528001b0     	mov	w16, #0xd               // =13
80081ef4: 110005ce     	add	w14, w14, #0x1
80081ef8: 390011f0     	strb	w16, [x15, #0x4]
80081efc: b900012e     	str	w14, [x9]
80081f00: 52b4fe0e     	mov	w14, #-0x58100000       // =-1477443584
80081f04: b94001ce     	ldr	w14, [x14]
80081f08: 6b0a01df     	cmp	w14, w10
80081f0c: 540000a0     	b.eq	0x80081f20 <uart_putc+0xd4>
80081f10: 52b4fe0e     	mov	w14, #-0x58100000       // =-1477443584
80081f14: b90001ca     	str	w10, [x14]
80081f18: b81fc11f     	stur	wzr, [x8, #-0x4]
80081f1c: b900011f     	str	wzr, [x8]
80081f20: b940010e     	ldr	w14, [x8]
80081f24: 713fc9df     	cmp	w14, #0xff2
80081f28: 540000c8     	b.hi	0x80081f40 <uart_putc+0xf4>
80081f2c: 8b0e010f     	add	x15, x8, x14
80081f30: 528001b0     	mov	w16, #0xd               // =13
80081f34: 110005ce     	add	w14, w14, #0x1
80081f38: 390011f0     	strb	w16, [x15, #0x4]
80081f3c: b900010e     	str	w14, [x8]
80081f40: f940018e     	ldr	x14, [x12]
80081f44: b94001cf     	ldr	w15, [x14]
80081f48: 6b0d01ff     	cmp	w15, w13
80081f4c: 540001a1     	b.ne	0x80081f80 <uart_putc+0x134>
80081f50: b94009cd     	ldr	w13, [x14, #0x8]
80081f54: 529ff7cf     	mov	w15, #0xffbe            // =65470
80081f58: 6b0f01bf     	cmp	w13, w15
80081f5c: 54000128     	b.hi	0x80081f80 <uart_putc+0x134>
80081f60: b94009cd     	ldr	w13, [x14, #0x8]
80081f64: 8b0d01ce     	add	x14, x14, x13
80081f68: 110005ad     	add	w13, w13, #0x1
80081f6c: 390101c0     	strb	w0, [x14, #0x40]
80081f70: f940018c     	ldr	x12, [x12]
80081f74: b900098d     	str	w13, [x12, #0x8]
80081f78: 8b0d018c     	add	x12, x12, x13
80081f7c: 3901019f     	strb	wzr, [x12, #0x40]
80081f80: b85f812c     	ldur	w12, [x9, #-0x8]
80081f84: 6b0a019f     	cmp	w12, w10
80081f88: 54000080     	b.eq	0x80081f98 <uart_putc+0x14c>
80081f8c: b81f812a     	stur	w10, [x9, #-0x8]
80081f90: b81fc13f     	stur	wzr, [x9, #-0x4]
80081f94: b900013f     	str	wzr, [x9]
80081f98: b940012c     	ldr	w12, [x9]
80081f9c: 6b0b019f     	cmp	w12, w11
80081fa0: 540000a2     	b.hs	0x80081fb4 <uart_putc+0x168>
80081fa4: 8b0c012b     	add	x11, x9, x12
80081fa8: 1100058c     	add	w12, w12, #0x1
80081fac: 39001160     	strb	w0, [x11, #0x4]
80081fb0: b900012c     	str	w12, [x9]
80081fb4: 52b4fe09     	mov	w9, #-0x58100000        // =-1477443584
80081fb8: b9400129     	ldr	w9, [x9]
80081fbc: 6b0a013f     	cmp	w9, w10
80081fc0: 540000a0     	b.eq	0x80081fd4 <uart_putc+0x188>
80081fc4: 52b4fe09     	mov	w9, #-0x58100000        // =-1477443584
80081fc8: b900012a     	str	w10, [x9]
80081fcc: b81fc11f     	stur	wzr, [x8, #-0x4]
80081fd0: b900011f     	str	wzr, [x8]
80081fd4: b9400109     	ldr	w9, [x8]
80081fd8: 713fc93f     	cmp	w9, #0xff2
80081fdc: 540000a8     	b.hi	0x80081ff0 <uart_putc+0x1a4>
80081fe0: 8b09010a     	add	x10, x8, x9
80081fe4: 11000529     	add	w9, w9, #0x1
80081fe8: 39001140     	strb	w0, [x10, #0x4]
80081fec: b9000109     	str	w9, [x8]
80081ff0: d65f03c0     	ret

0000000080081ff4 <uart_puts>:
80081ff4: aa0003e8     	mov	x8, x0
80081ff8: 39400000     	ldrb	w0, [x0]
80081ffc: 34000140     	cbz	w0, 0x80082024 <uart_puts+0x30>
80082000: a9be7bfd     	stp	x29, x30, [sp, #-0x20]!
80082004: f9000bf3     	str	x19, [sp, #0x10]
80082008: 91000513     	add	x19, x8, #0x1
8008200c: 910003fd     	mov	x29, sp
80082010: 97ffff8f     	bl	0x80081e4c <uart_putc>
80082014: 38401660     	ldrb	w0, [x19], #0x1
80082018: 35ffffc0     	cbnz	w0, 0x80082010 <uart_puts+0x1c>
8008201c: f9400bf3     	ldr	x19, [sp, #0x10]
80082020: a8c27bfd     	ldp	x29, x30, [sp], #0x20
80082024: d65f03c0     	ret

0000000080082028 <uart_puthex64>:
80082028: a9be7bfd     	stp	x29, x30, [sp, #-0x20]!
8008202c: a9014ff4     	stp	x20, x19, [sp, #0x10]
80082030: aa0003f3     	mov	x19, x0
80082034: 52800600     	mov	w0, #0x30               // =48
80082038: 910003fd     	mov	x29, sp
8008203c: 97ffff84     	bl	0x80081e4c <uart_putc>
80082040: 52800f00     	mov	w0, #0x78               // =120
80082044: 97ffff82     	bl	0x80081e4c <uart_putc>
80082048: d37cfe68     	lsr	x8, x19, #60
8008204c: d0000014     	adrp	x20, 0x80084000 <adt_build_tree_at+0x1d6c>
80082050: 913b5a94     	add	x20, x20, #0xed6
80082054: 38686a80     	ldrb	w0, [x20, x8]
80082058: 97ffff7d     	bl	0x80081e4c <uart_putc>
8008205c: d378ee68     	ubfx	x8, x19, #56, #4
80082060: 38686a80     	ldrb	w0, [x20, x8]
80082064: 97ffff7a     	bl	0x80081e4c <uart_putc>
80082068: d374de68     	ubfx	x8, x19, #52, #4
8008206c: 38686a80     	ldrb	w0, [x20, x8]
80082070: 97ffff77     	bl	0x80081e4c <uart_putc>
80082074: d370ce68     	ubfx	x8, x19, #48, #4
80082078: 38686a80     	ldrb	w0, [x20, x8]
8008207c: 97ffff74     	bl	0x80081e4c <uart_putc>
80082080: d36cbe68     	ubfx	x8, x19, #44, #4
80082084: 38686a80     	ldrb	w0, [x20, x8]
80082088: 97ffff71     	bl	0x80081e4c <uart_putc>
8008208c: d368ae68     	ubfx	x8, x19, #40, #4
80082090: 38686a80     	ldrb	w0, [x20, x8]
80082094: 97ffff6e     	bl	0x80081e4c <uart_putc>
80082098: d3649e68     	ubfx	x8, x19, #36, #4
8008209c: 38686a80     	ldrb	w0, [x20, x8]
800820a0: 97ffff6b     	bl	0x80081e4c <uart_putc>
800820a4: d3608e68     	ubfx	x8, x19, #32, #4
800820a8: 38686a80     	ldrb	w0, [x20, x8]
800820ac: 97ffff68     	bl	0x80081e4c <uart_putc>
800820b0: 531c7e68     	lsr	w8, w19, #28
800820b4: 38686a80     	ldrb	w0, [x20, x8]
800820b8: 97ffff65     	bl	0x80081e4c <uart_putc>
800820bc: d3586e68     	ubfx	x8, x19, #24, #4
800820c0: 38686a80     	ldrb	w0, [x20, x8]
800820c4: 97ffff62     	bl	0x80081e4c <uart_putc>
800820c8: d3545e68     	ubfx	x8, x19, #20, #4
800820cc: 38686a80     	ldrb	w0, [x20, x8]
800820d0: 97ffff5f     	bl	0x80081e4c <uart_putc>
800820d4: d3504e68     	ubfx	x8, x19, #16, #4
800820d8: 38686a80     	ldrb	w0, [x20, x8]
800820dc: 97ffff5c     	bl	0x80081e4c <uart_putc>
800820e0: d34c3e68     	ubfx	x8, x19, #12, #4
800820e4: 38686a80     	ldrb	w0, [x20, x8]
800820e8: 97ffff59     	bl	0x80081e4c <uart_putc>
800820ec: d3482e68     	ubfx	x8, x19, #8, #4
800820f0: 38686a80     	ldrb	w0, [x20, x8]
800820f4: 97ffff56     	bl	0x80081e4c <uart_putc>
800820f8: d3441e68     	ubfx	x8, x19, #4, #4
800820fc: 38686a80     	ldrb	w0, [x20, x8]
80082100: 97ffff53     	bl	0x80081e4c <uart_putc>
80082104: 92400e68     	and	x8, x19, #0xf
80082108: 38686a80     	ldrb	w0, [x20, x8]
8008210c: a9414ff4     	ldp	x20, x19, [sp, #0x10]
80082110: a8c27bfd     	ldp	x29, x30, [sp], #0x20
80082114: 17ffff4e     	b	0x80081e4c <uart_putc>

0000000080082118 <uart_puthex>:
80082118: 17ffffc4     	b	0x80082028 <uart_puthex64>

000000008008211c <uart_putdec>:
8008211c: b4000460     	cbz	x0, 0x800821a8 <uart_putdec+0x8c>
80082120: d10143ff     	sub	sp, sp, #0x50
80082124: b202e7e8     	mov	x8, #-0x3333333333333334 // =-3689348814741910324
80082128: a9044ff4     	stp	x20, x19, [sp, #0x40]
8008212c: aa1f03f3     	mov	x19, xzr
80082130: f29999a8     	movk	x8, #0xcccd
80082134: 52800149     	mov	w9, #0xa                // =10
80082138: 910023ea     	add	x10, sp, #0x8
8008213c: a9027bfd     	stp	x29, x30, [sp, #0x20]
80082140: 910083fd     	add	x29, sp, #0x20
80082144: f9001bf5     	str	x21, [sp, #0x30]
80082148: 9bc87c0b     	umulh	x11, x0, x8
8008214c: f100241f     	cmp	x0, #0x9
80082150: d343fd6b     	lsr	x11, x11, #3
80082154: 1b09816c     	msub	w12, w11, w9, w0
80082158: aa0b03e0     	mov	x0, x11
8008215c: 321c058c     	orr	w12, w12, #0x30
80082160: 3833694c     	strb	w12, [x10, x19]
80082164: 91000673     	add	x19, x19, #0x1
80082168: 54ffff08     	b.hi	0x80082148 <uart_putdec+0x2c>
8008216c: 910023e8     	add	x8, sp, #0x8
80082170: 92800015     	mov	x21, #-0x1              // =-1
80082174: 8b130114     	add	x20, x8, x19
80082178: 38756a80     	ldrb	w0, [x20, x21]
8008217c: 97ffff34     	bl	0x80081e4c <uart_putc>
80082180: d10006b5     	sub	x21, x21, #0x1
80082184: 0b150268     	add	w8, w19, w21
80082188: 11000908     	add	w8, w8, #0x2
8008218c: 7100051f     	cmp	w8, #0x1
80082190: 54ffff4c     	b.gt	0x80082178 <uart_putdec+0x5c>
80082194: a9444ff4     	ldp	x20, x19, [sp, #0x40]
80082198: f9401bf5     	ldr	x21, [sp, #0x30]
8008219c: a9427bfd     	ldp	x29, x30, [sp, #0x20]
800821a0: 910143ff     	add	sp, sp, #0x50
800821a4: d65f03c0     	ret
800821a8: f0000008     	adrp	x8, 0x80085000 <g_dlog>
800821ac: 528a688b     	mov	w11, #0x5344            // =21316
800821b0: f9400109     	ldr	x9, [x8]
800821b4: 72ab0b4b     	movk	w11, #0x585a, lsl #16
800821b8: b940012a     	ldr	w10, [x9]
800821bc: 6b0b015f     	cmp	w10, w11
800821c0: 540001c1     	b.ne	0x800821f8 <uart_putdec+0xdc>
800821c4: b940092a     	ldr	w10, [x9, #0x8]
800821c8: 529ff7cb     	mov	w11, #0xffbe            // =65470
800821cc: 6b0b015f     	cmp	w10, w11
800821d0: 54000148     	b.hi	0x800821f8 <uart_putdec+0xdc>
800821d4: b940092a     	ldr	w10, [x9, #0x8]
800821d8: 5280060b     	mov	w11, #0x30              // =48
800821dc: 8b0a0129     	add	x9, x9, x10
800821e0: 3901012b     	strb	w11, [x9, #0x40]
800821e4: 11000549     	add	w9, w10, #0x1
800821e8: f9400108     	ldr	x8, [x8]
800821ec: b9000909     	str	w9, [x8, #0x8]
800821f0: 8b090108     	add	x8, x8, x9
800821f4: 3901011f     	strb	wzr, [x8, #0x40]
800821f8: 529c0109     	mov	w9, #0xe008             // =57352
800821fc: 52884888     	mov	w8, #0x4244             // =16964
80082200: 72b4ff69     	movk	w9, #0xa7fb, lsl #16
80082204: 72a868e8     	movk	w8, #0x4347, lsl #16
80082208: b85f812a     	ldur	w10, [x9, #-0x8]
8008220c: 6b08015f     	cmp	w10, w8
80082210: 54000080     	b.eq	0x80082220 <uart_putdec+0x104>
80082214: b81f8128     	stur	w8, [x9, #-0x8]
80082218: b81fc13f     	stur	wzr, [x9, #-0x4]
8008221c: b900013f     	str	wzr, [x9]
80082220: b940012a     	ldr	w10, [x9]
80082224: 529ffe4b     	mov	w11, #0xfff2            // =65522
80082228: 72a0006b     	movk	w11, #0x3, lsl #16
8008222c: 6b0b015f     	cmp	w10, w11
80082230: 540000c8     	b.hi	0x80082248 <uart_putdec+0x12c>
80082234: 8b0a012b     	add	x11, x9, x10
80082238: 5280060c     	mov	w12, #0x30              // =48
8008223c: 1100054a     	add	w10, w10, #0x1
80082240: 3900116c     	strb	w12, [x11, #0x4]
80082244: b900012a     	str	w10, [x9]
80082248: 52b4fe09     	mov	w9, #-0x58100000        // =-1477443584
8008224c: b9400129     	ldr	w9, [x9]
80082250: 6b08013f     	cmp	w9, w8
80082254: 52800109     	mov	w9, #0x8                // =8
80082258: 72b4fe09     	movk	w9, #0xa7f0, lsl #16
8008225c: 540000a0     	b.eq	0x80082270 <uart_putdec+0x154>
80082260: 52b4fe0a     	mov	w10, #-0x58100000       // =-1477443584
80082264: b9000148     	str	w8, [x10]
80082268: b81fc13f     	stur	wzr, [x9, #-0x4]
8008226c: b900013f     	str	wzr, [x9]
80082270: b9400128     	ldr	w8, [x9]
80082274: 713fc91f     	cmp	w8, #0xff2
80082278: 54fff968     	b.hi	0x800821a4 <uart_putdec+0x88>
8008227c: 8b08012a     	add	x10, x9, x8
80082280: 5280060b     	mov	w11, #0x30              // =48
80082284: 11000508     	add	w8, w8, #0x1
80082288: 3900114b     	strb	w11, [x10, #0x4]
8008228c: b9000128     	str	w8, [x9]
80082290: d65f03c0     	ret

0000000080082294 <adt_build_tree_at>:
80082294: f81a0ffe     	str	x30, [sp, #-0x60]!
80082298: aa0003e8     	mov	x8, x0
8008229c: 52800a65     	mov	w5, #0x53               // =83
800822a0: a90457f6     	stp	x22, x21, [sp, #0x40]
800822a4: 39017105     	strb	w5, [x8, #0x5c]
800822a8: 5280018e     	mov	w14, #0xc               // =12
800822ac: 52800d86     	mov	w6, #0x6c               // =108
800822b0: 3901b905     	strb	w5, [x8, #0x6e]
800822b4: 52800705     	mov	w5, #0x38               // =56
800822b8: 52800342     	mov	w2, #0x1a               // =26
800822bc: 3901c105     	strb	w5, [x8, #0x70]
800822c0: 52800725     	mov	w5, #0x39               // =57
800822c4: 52800407     	mov	w7, #0x20               // =32
800822c8: 3901c505     	strb	w5, [x8, #0x71]
800822cc: 528009b6     	mov	w22, #0x4d              // =77
800822d0: 52800083     	mov	w3, #0x4                // =4
800822d4: 3901c905     	strb	w5, [x8, #0x72]
800822d8: 528006c5     	mov	w5, #0x36               // =54
800822dc: 52800dca     	mov	w10, #0x6e              // =110
800822e0: 3901cd05     	strb	w5, [x8, #0x73]
800822e4: 52800525     	mov	w5, #0x29               // =41
800822e8: 52800c2d     	mov	w13, #0x61              // =97
800822ec: a9054ff4     	stp	x20, x19, [sp, #0x50]
800822f0: 52800dac     	mov	w12, #0x6d              // =109
800822f4: 52800cab     	mov	w11, #0x65              // =101
800822f8: b900280e     	str	w14, [x0, #0x28]
800822fc: 52800c8e     	mov	w14, #0x64              // =100
80082300: 52800ec1     	mov	w1, #0x76               // =118
80082304: 52800d32     	mov	w18, #0x69              // =105
80082308: 528005af     	mov	w15, #0x2d              // =45
8008230c: 3900f106     	strb	w6, [x8, #0x3c]
80082310: 52800f35     	mov	w21, #0x79              // =121
80082314: 39018107     	strb	w7, [x8, #0x60]
80082318: 52800e04     	mov	w4, #0x70               // =112
8008231c: 39019d07     	strb	w7, [x8, #0x67]
80082320: aa1f03e9     	mov	x9, xzr
80082324: 52800e50     	mov	w16, #0x72              // =114
80082328: 3901b516     	strb	w22, [x8, #0x6d]
8008232c: 52800df1     	mov	w17, #0x6f              // =111
80082330: 52800cf4     	mov	w20, #0x67              // =103
80082334: 3901bd16     	strb	w22, [x8, #0x6f]
80082338: 3901d105     	strb	w5, [x8, #0x74]
8008233c: 52800ac5     	mov	w5, #0x56               // =86
80082340: 39027516     	strb	w22, [x8, #0x9d]
80082344: 52800596     	mov	w22, #0x2c              // =44
80082348: 39028506     	strb	w6, [x8, #0xa1]
8008234c: 3902b106     	strb	w6, [x8, #0xac]
80082350: 39046906     	strb	w6, [x8, #0x11a]
80082354: 52801006     	mov	w6, #0x80               // =128
80082358: 3900200a     	strb	w10, [x0, #0x8]
8008235c: 3900240d     	strb	w13, [x0, #0x9]
80082360: 3900280c     	strb	w12, [x0, #0xa]
80082364: 39002c0b     	strb	w11, [x0, #0xb]
80082368: 3900301f     	strb	wzr, [x0, #0xc]
8008236c: 3900341f     	strb	wzr, [x0, #0xd]
80082370: 3900381f     	strb	wzr, [x0, #0xe]
80082374: 39003c1f     	strb	wzr, [x0, #0xf]
80082378: 3900401f     	strb	wzr, [x0, #0x10]
8008237c: 3900441f     	strb	wzr, [x0, #0x11]
80082380: 3900481f     	strb	wzr, [x0, #0x12]
80082384: 39004c1f     	strb	wzr, [x0, #0x13]
80082388: 3900501f     	strb	wzr, [x0, #0x14]
8008238c: 3900541f     	strb	wzr, [x0, #0x15]
80082390: 3900581f     	strb	wzr, [x0, #0x16]
80082394: 39005c1f     	strb	wzr, [x0, #0x17]
80082398: 3900601f     	strb	wzr, [x0, #0x18]
8008239c: 3900641f     	strb	wzr, [x0, #0x19]
800823a0: 3900681f     	strb	wzr, [x0, #0x1a]
800823a4: 39006c1f     	strb	wzr, [x0, #0x1b]
800823a8: 3900701f     	strb	wzr, [x0, #0x1c]
800823ac: 3900741f     	strb	wzr, [x0, #0x1d]
800823b0: 3900781f     	strb	wzr, [x0, #0x1e]
800823b4: 39007c1f     	strb	wzr, [x0, #0x1f]
800823b8: 3900801f     	strb	wzr, [x0, #0x20]
800823bc: 3900841f     	strb	wzr, [x0, #0x21]
800823c0: 3900881f     	strb	wzr, [x0, #0x22]
800823c4: 39008c1f     	strb	wzr, [x0, #0x23]
800823c8: 3900901f     	strb	wzr, [x0, #0x24]
800823cc: 3900941f     	strb	wzr, [x0, #0x25]
800823d0: 3900981f     	strb	wzr, [x0, #0x26]
800823d4: 39009c1f     	strb	wzr, [x0, #0x27]
800823d8: 3900b00e     	strb	w14, [x0, #0x2c]
800823dc: 3900b40b     	strb	w11, [x0, #0x2d]
800823e0: 3900b801     	strb	w1, [x0, #0x2e]
800823e4: 3900bc12     	strb	w18, [x0, #0x2f]
800823e8: 3900c40b     	strb	w11, [x0, #0x31]
800823ec: 3900c80f     	strb	w15, [x0, #0x32]
800823f0: 39017d15     	strb	w21, [x8, #0x5f]
800823f4: 39019512     	strb	w18, [x8, #0x65]
800823f8: 39020115     	strb	w21, [x8, #0x80]
800823fc: 39027105     	strb	w5, [x8, #0x9c]
80082400: 52800825     	mov	w5, #0x41               // =65
80082404: 3902a912     	strb	w18, [x8, #0xaa]
80082408: 39032d15     	strb	w21, [x8, #0xcb]
8008240c: 39033116     	strb	w22, [x8, #0xcc]
80082410: 52800d76     	mov	w22, #0x6b              // =107
80082414: 39035115     	strb	w21, [x8, #0xd4]
80082418: 528000f5     	mov	w21, #0x7               // =7
8008241c: 39035d12     	strb	w18, [x8, #0xd7]
80082420: 39057d06     	strb	w6, [x8, #0x15f]
80082424: 3905a912     	strb	w18, [x8, #0x16a]
80082428: 39062906     	strb	w6, [x8, #0x18a]
8008242c: 52800cc6     	mov	w6, #0x66               // =102
80082430: 39064512     	strb	w18, [x8, #0x191]
80082434: 39067512     	strb	w18, [x8, #0x19d]
80082438: 3906f912     	strb	w18, [x8, #0x1be]
8008243c: 52800632     	mov	w18, #0x31              // =49
80082440: 3900d50b     	strb	w11, [x8, #0x35]
80082444: 3900d90b     	strb	w11, [x8, #0x36]
80082448: 3900e10c     	strb	w12, [x8, #0x38]
8008244c: 3900ed0b     	strb	w11, [x8, #0x3b]
80082450: 3901790a     	strb	w10, [x8, #0x5e]
80082454: 39018904     	strb	w4, [x8, #0x62]
80082458: 39018d0b     	strb	w11, [x8, #0x63]
8008245c: 3901f10b     	strb	w11, [x8, #0x7c]
80082460: 39020504     	strb	w4, [x8, #0x81]
80082464: 3902090b     	strb	w11, [x8, #0x82]
80082468: 39027905     	strb	w5, [x8, #0x9e]
8008246c: 52800225     	mov	w5, #0x11               // =17
80082470: 39027d04     	strb	w4, [x8, #0x9f]
80082474: 39028104     	strb	w4, [x8, #0xa0]
80082478: 3902890b     	strb	w11, [x8, #0xa2]
8008247c: 3902990c     	strb	w12, [x8, #0xa6]
80082480: 39029d04     	strb	w4, [x8, #0xa7]
80082484: 52800c44     	mov	w4, #0x62               // =98
80082488: 3902b50b     	strb	w11, [x8, #0xad]
8008248c: 3903290a     	strb	w10, [x8, #0xca]
80082490: 39033d0a     	strb	w10, [x8, #0xcf]
80082494: 3903410b     	strb	w11, [x8, #0xd0]
80082498: 39034916     	strb	w22, [x8, #0xd2]
8008249c: 39034d0b     	strb	w11, [x8, #0xd3]
800824a0: 39035916     	strb	w22, [x8, #0xd6]
800824a4: 528000d6     	mov	w22, #0x6               // =6
800824a8: b9010515     	str	w21, [x8, #0x104]
800824ac: 52800035     	mov	w21, #0x1               // =1
800824b0: 3903910a     	strb	w10, [x8, #0xe4]
800824b4: 3903990c     	strb	w12, [x8, #0xe6]
800824b8: 39039d0b     	strb	w11, [x8, #0xe7]
800824bc: 3904310b     	strb	w11, [x8, #0x10c]
800824c0: 3904350a     	strb	w10, [x8, #0x10d]
800824c4: 3904450b     	strb	w11, [x8, #0x111]
800824c8: 3904590b     	strb	w11, [x8, #0x116]
800824cc: 39045d0a     	strb	w10, [x8, #0x117]
800824d0: 39046d0b     	strb	w11, [x8, #0x11b]
800824d4: 3904ed0c     	strb	w12, [x8, #0x13b]
800824d8: 3905010b     	strb	w11, [x8, #0x140]
800824dc: 39059d0c     	strb	w12, [x8, #0x167]
800824e0: 3905b10b     	strb	w11, [x8, #0x16c]
800824e4: 52800c73     	mov	w19, #0x63              // =99
800824e8: 39064106     	strb	w6, [x8, #0x190]
800824ec: 52800ee6     	mov	w6, #0x77               // =119
800824f0: 39064d0c     	strb	w12, [x8, #0x193]
800824f4: 3900c013     	strb	w19, [x0, #0x30]
800824f8: 39029113     	strb	w19, [x8, #0xa4]
800824fc: 39042113     	strb	w19, [x8, #0x108]
80082500: 52800eb3     	mov	w19, #0x75              // =117
80082504: 39044d13     	strb	w19, [x8, #0x113]
80082508: 52800d13     	mov	w19, #0x68              // =104
8008250c: 39065d0b     	strb	w11, [x8, #0x197]
80082510: 39066501     	strb	w1, [x8, #0x199]
80082514: 52800f01     	mov	w1, #0x78               // =120
80082518: 3906690b     	strb	w11, [x8, #0x19a]
8008251c: 3906fd0c     	strb	w12, [x8, #0x1bf]
80082520: 39070512     	strb	w18, [x8, #0x1c1]
80082524: 52800612     	mov	w18, #0x30              // =48
80082528: 3907350c     	strb	w12, [x8, #0x1cd]
8008252c: 5280080c     	mov	w12, #0x40              // =64
80082530: 3907410b     	strb	w11, [x8, #0x1d0]
80082534: 3907450b     	strb	w11, [x8, #0x1d1]
80082538: d503201f     	nop
8008253c: 300153eb     	adr	x11, 0x80084fb9 <adt_build_tree_at.random_seed>
80082540: a90267fa     	stp	x26, x25, [sp, #0x20]
80082544: a9035ff8     	stp	x24, x23, [sp, #0x30]
80082548: 3900d110     	strb	w16, [x8, #0x34]
8008254c: 3900dd1f     	strb	wzr, [x8, #0x37]
80082550: 3900e511     	strb	w17, [x8, #0x39]
80082554: 39067d0a     	strb	w10, [x8, #0x19f]
80082558: 3907290a     	strb	w10, [x8, #0x1ca]
8008255c: 9107b10a     	add	x10, x8, #0x1ec
80082560: 3900e90e     	strb	w14, [x8, #0x3a]
80082564: 3900f51f     	strb	wzr, [x8, #0x3d]
80082568: 3900f91f     	strb	wzr, [x8, #0x3e]
8008256c: 3900fd1f     	strb	wzr, [x8, #0x3f]
80082570: 3901011f     	strb	wzr, [x8, #0x40]
80082574: 3901051f     	strb	wzr, [x8, #0x41]
80082578: 29000c03     	stp	w3, w3, [x0]
8008257c: 52800e80     	mov	w0, #0x74               // =116
80082580: 3900cd00     	strb	w0, [x8, #0x33]
80082584: 3901e100     	strb	w0, [x8, #0x78]
80082588: 3901f500     	strb	w0, [x8, #0x7d]
8008258c: 3901fd00     	strb	w0, [x8, #0x7f]
80082590: 3902a500     	strb	w0, [x8, #0xa9]
80082594: 39033500     	strb	w0, [x8, #0xcd]
80082598: b9013103     	str	w3, [x8, #0x130]
8008259c: 52800f43     	mov	w3, #0x7a               // =122
800825a0: 3906ed00     	strb	w0, [x8, #0x1bb]
800825a4: 528005c0     	mov	w0, #0x2e               // =46
800825a8: 3901091f     	strb	wzr, [x8, #0x42]
800825ac: 39010d1f     	strb	wzr, [x8, #0x43]
800825b0: 3901111f     	strb	wzr, [x8, #0x44]
800825b4: 3901151f     	strb	wzr, [x8, #0x45]
800825b8: 3901ad07     	strb	w7, [x8, #0x6b]
800825bc: 52800507     	mov	w7, #0x28               // =40
800825c0: 3901b107     	strb	w7, [x8, #0x6c]
800825c4: 52800107     	mov	w7, #0x8                // =8
800825c8: b9009907     	str	w7, [x8, #0x98]
800825cc: b9015907     	str	w7, [x8, #0x158]
800825d0: b9018507     	str	w7, [x8, #0x184]
800825d4: 528000a7     	mov	w7, #0x5                // =5
800825d8: 3901191f     	strb	wzr, [x8, #0x46]
800825dc: 39011d1f     	strb	wzr, [x8, #0x47]
800825e0: 3901211f     	strb	wzr, [x8, #0x48]
800825e4: b9005902     	str	w2, [x8, #0x58]
800825e8: 52800b02     	mov	w2, #0x58               // =88
800825ec: 39018502     	strb	w2, [x8, #0x61]
800825f0: 3901a102     	strb	w2, [x8, #0x68]
800825f4: 52800b42     	mov	w2, #0x5a               // =90
800825f8: 3901a502     	strb	w2, [x8, #0x69]
800825fc: 52800e62     	mov	w2, #0x73               // =115
80082600: 3901251f     	strb	wzr, [x8, #0x49]
80082604: 3901291f     	strb	wzr, [x8, #0x4a]
80082608: 39012d1f     	strb	wzr, [x8, #0x4b]
8008260c: 3901311f     	strb	wzr, [x8, #0x4c]
80082610: 3901351f     	strb	wzr, [x8, #0x4d]
80082614: 3901391f     	strb	wzr, [x8, #0x4e]
80082618: 39013d1f     	strb	wzr, [x8, #0x4f]
8008261c: 3901411f     	strb	wzr, [x8, #0x50]
80082620: 3901451f     	strb	wzr, [x8, #0x51]
80082624: 3901491f     	strb	wzr, [x8, #0x52]
80082628: a9016ffc     	stp	x28, x27, [sp, #0x10]
8008262c: 39014d1f     	strb	wzr, [x8, #0x53]
80082630: 3901511f     	strb	wzr, [x8, #0x54]
80082634: 3901551f     	strb	wzr, [x8, #0x55]
80082638: 3901591f     	strb	wzr, [x8, #0x56]
8008263c: 39015d1f     	strb	wzr, [x8, #0x57]
80082640: 39017511     	strb	w17, [x8, #0x5d]
80082644: 39019110     	strb	w16, [x8, #0x64]
80082648: 3901990d     	strb	w13, [x8, #0x66]
8008264c: 3901a902     	strb	w2, [x8, #0x6a]
80082650: 3901d51f     	strb	wzr, [x8, #0x75]
80082654: 3901d91f     	strb	wzr, [x8, #0x76]
80082658: 3901dd1f     	strb	wzr, [x8, #0x77]
8008265c: 3901e50d     	strb	w13, [x8, #0x79]
80082660: 3901e910     	strb	w16, [x8, #0x7a]
80082664: 3901ed14     	strb	w20, [x8, #0x7b]
80082668: 3901f90f     	strb	w15, [x8, #0x7e]
8008266c: 39020d1f     	strb	wzr, [x8, #0x83]
80082670: 3902111f     	strb	wzr, [x8, #0x84]
80082674: 3902151f     	strb	wzr, [x8, #0x85]
80082678: 3902191f     	strb	wzr, [x8, #0x86]
8008267c: 39021d1f     	strb	wzr, [x8, #0x87]
80082680: 3902211f     	strb	wzr, [x8, #0x88]
80082684: 3902251f     	strb	wzr, [x8, #0x89]
80082688: 3902291f     	strb	wzr, [x8, #0x8a]
8008268c: 39022d1f     	strb	wzr, [x8, #0x8b]
80082690: 3902311f     	strb	wzr, [x8, #0x8c]
80082694: 3902351f     	strb	wzr, [x8, #0x8d]
80082698: 3902391f     	strb	wzr, [x8, #0x8e]
8008269c: 39023d1f     	strb	wzr, [x8, #0x8f]
800826a0: 3902411f     	strb	wzr, [x8, #0x90]
800826a4: 3902451f     	strb	wzr, [x8, #0x91]
800826a8: 3902491f     	strb	wzr, [x8, #0x92]
800826ac: 39024d1f     	strb	wzr, [x8, #0x93]
800826b0: 3902511f     	strb	wzr, [x8, #0x94]
800826b4: 3902551f     	strb	wzr, [x8, #0x95]
800826b8: 3902591f     	strb	wzr, [x8, #0x96]
800826bc: 39025d1f     	strb	wzr, [x8, #0x97]
800826c0: 39028d1f     	strb	wzr, [x8, #0xa3]
800826c4: 39029511     	strb	w17, [x8, #0xa5]
800826c8: 3902a10d     	strb	w13, [x8, #0xa8]
800826cc: 3902ad04     	strb	w4, [x8, #0xab]
800826d0: 3902b91f     	strb	wzr, [x8, #0xae]
800826d4: 3902bd1f     	strb	wzr, [x8, #0xaf]
800826d8: 3902c11f     	strb	wzr, [x8, #0xb0]
800826dc: 3902c51f     	strb	wzr, [x8, #0xb1]
800826e0: 3902c91f     	strb	wzr, [x8, #0xb2]
800826e4: 3902cd1f     	strb	wzr, [x8, #0xb3]
800826e8: 3902d11f     	strb	wzr, [x8, #0xb4]
800826ec: 3902d51f     	strb	wzr, [x8, #0xb5]
800826f0: 3902d91f     	strb	wzr, [x8, #0xb6]
800826f4: 3902dd1f     	strb	wzr, [x8, #0xb7]
800826f8: 3902e11f     	strb	wzr, [x8, #0xb8]
800826fc: 3902e51f     	strb	wzr, [x8, #0xb9]
80082700: 3902e91f     	strb	wzr, [x8, #0xba]
80082704: 3902ed1f     	strb	wzr, [x8, #0xbb]
80082708: 3902f11f     	strb	wzr, [x8, #0xbc]
8008270c: 3902f51f     	strb	wzr, [x8, #0xbd]
80082710: 3902f91f     	strb	wzr, [x8, #0xbe]
80082714: 3902fd1f     	strb	wzr, [x8, #0xbf]
80082718: 3903011f     	strb	wzr, [x8, #0xc0]
8008271c: 3903051f     	strb	wzr, [x8, #0xc1]
80082720: 3903091f     	strb	wzr, [x8, #0xc2]
80082724: 39030d1f     	strb	wzr, [x8, #0xc3]
80082728: b900c505     	str	w5, [x8, #0xc4]
8008272c: 39032102     	strb	w2, [x8, #0xc8]
80082730: 39032511     	strb	w17, [x8, #0xc9]
80082734: 39033911     	strb	w17, [x8, #0xce]
80082738: 3903450f     	strb	w15, [x8, #0xd1]
8008273c: 3903550d     	strb	w13, [x8, #0xd5]
80082740: 3903611f     	strb	wzr, [x8, #0xd8]
80082744: 3903651f     	strb	wzr, [x8, #0xd9]
80082748: 3903691f     	strb	wzr, [x8, #0xda]
8008274c: 39036d1f     	strb	wzr, [x8, #0xdb]
80082750: 291bd516     	stp	w22, w21, [x8, #0xdc]
80082754: 3903950d     	strb	w13, [x8, #0xe5]
80082758: 3903a11f     	strb	wzr, [x8, #0xe8]
8008275c: 3903a51f     	strb	wzr, [x8, #0xe9]
80082760: 3903a91f     	strb	wzr, [x8, #0xea]
80082764: 3903ad1f     	strb	wzr, [x8, #0xeb]
80082768: 3903b11f     	strb	wzr, [x8, #0xec]
8008276c: 3903b51f     	strb	wzr, [x8, #0xed]
80082770: 3903b91f     	strb	wzr, [x8, #0xee]
80082774: 3903bd1f     	strb	wzr, [x8, #0xef]
80082778: 3903c11f     	strb	wzr, [x8, #0xf0]
8008277c: 3903c51f     	strb	wzr, [x8, #0xf1]
80082780: 3903c91f     	strb	wzr, [x8, #0xf2]
80082784: 3903cd1f     	strb	wzr, [x8, #0xf3]
80082788: 3903d11f     	strb	wzr, [x8, #0xf4]
8008278c: 3903d51f     	strb	wzr, [x8, #0xf5]
80082790: 3903d91f     	strb	wzr, [x8, #0xf6]
80082794: 3903dd1f     	strb	wzr, [x8, #0xf7]
80082798: 3903e11f     	strb	wzr, [x8, #0xf8]
8008279c: 3903e51f     	strb	wzr, [x8, #0xf9]
800827a0: 3903e91f     	strb	wzr, [x8, #0xfa]
800827a4: 3903ed1f     	strb	wzr, [x8, #0xfb]
800827a8: 3903f11f     	strb	wzr, [x8, #0xfc]
800827ac: 3903f51f     	strb	wzr, [x8, #0xfd]
800827b0: 3903f91f     	strb	wzr, [x8, #0xfe]
800827b4: 3903fd1f     	strb	wzr, [x8, #0xff]
800827b8: 3904011f     	strb	wzr, [x8, #0x100]
800827bc: 3904051f     	strb	wzr, [x8, #0x101]
800827c0: 3904091f     	strb	wzr, [x8, #0x102]
800827c4: 39040d1f     	strb	wzr, [x8, #0x103]
800827c8: 39042513     	strb	w19, [x8, #0x109]
800827cc: 39042911     	strb	w17, [x8, #0x10a]
800827d0: 39042d02     	strb	w2, [x8, #0x10b]
800827d4: 3904391f     	strb	wzr, [x8, #0x10e]
800827d8: 39043d1f     	strb	wzr, [x8, #0x10f]
800827dc: 3904410e     	strb	w14, [x8, #0x110]
800827e0: 39044904     	strb	w4, [x8, #0x112]
800827e4: 39045114     	strb	w20, [x8, #0x114]
800827e8: 3904550f     	strb	w15, [x8, #0x115]
800827ec: 3904610d     	strb	w13, [x8, #0x118]
800827f0: 39046504     	strb	w4, [x8, #0x119]
800827f4: 3904710e     	strb	w14, [x8, #0x11c]
800827f8: 3904751f     	strb	wzr, [x8, #0x11d]
800827fc: 3904791f     	strb	wzr, [x8, #0x11e]
80082800: 39047d1f     	strb	wzr, [x8, #0x11f]
80082804: 3904811f     	strb	wzr, [x8, #0x120]
80082808: 3904851f     	strb	wzr, [x8, #0x121]
8008280c: 3904891f     	strb	wzr, [x8, #0x122]
80082810: 39048d1f     	strb	wzr, [x8, #0x123]
80082814: 3904911f     	strb	wzr, [x8, #0x124]
80082818: 3904951f     	strb	wzr, [x8, #0x125]
8008281c: 3904991f     	strb	wzr, [x8, #0x126]
80082820: 39049d1f     	strb	wzr, [x8, #0x127]
80082824: 3904a11f     	strb	wzr, [x8, #0x128]
80082828: 3904a51f     	strb	wzr, [x8, #0x129]
8008282c: 3904a91f     	strb	wzr, [x8, #0x12a]
80082830: 3904ad1f     	strb	wzr, [x8, #0x12b]
80082834: 3904b11f     	strb	wzr, [x8, #0x12c]
80082838: 3904b51f     	strb	wzr, [x8, #0x12d]
8008283c: 3904b91f     	strb	wzr, [x8, #0x12e]
80082840: 3904bd1f     	strb	wzr, [x8, #0x12f]
80082844: 3904d115     	strb	w21, [x8, #0x134]
80082848: 3904d51f     	strb	wzr, [x8, #0x135]
8008284c: 3904d91f     	strb	wzr, [x8, #0x136]
80082850: 3904dd1f     	strb	wzr, [x8, #0x137]
80082854: 3904e10e     	strb	w14, [x8, #0x138]
80082858: 3904e510     	strb	w16, [x8, #0x139]
8008285c: 3904e90d     	strb	w13, [x8, #0x13a]
80082860: 3904f10f     	strb	w15, [x8, #0x13c]
80082864: 3904f504     	strb	w4, [x8, #0x13d]
80082868: 3904f90d     	strb	w13, [x8, #0x13e]
8008286c: 3904fd02     	strb	w2, [x8, #0x13f]
80082870: 3905051f     	strb	wzr, [x8, #0x141]
80082874: 3905091f     	strb	wzr, [x8, #0x142]
80082878: 39050d1f     	strb	wzr, [x8, #0x143]
8008287c: 3905111f     	strb	wzr, [x8, #0x144]
80082880: 3905151f     	strb	wzr, [x8, #0x145]
80082884: 3905191f     	strb	wzr, [x8, #0x146]
80082888: 39051d1f     	strb	wzr, [x8, #0x147]
8008288c: 3905211f     	strb	wzr, [x8, #0x148]
80082890: 3905251f     	strb	wzr, [x8, #0x149]
80082894: 3905291f     	strb	wzr, [x8, #0x14a]
80082898: 39052d1f     	strb	wzr, [x8, #0x14b]
8008289c: 3905311f     	strb	wzr, [x8, #0x14c]
800828a0: 3905351f     	strb	wzr, [x8, #0x14d]
800828a4: 3905391f     	strb	wzr, [x8, #0x14e]
800828a8: 39053d1f     	strb	wzr, [x8, #0x14f]
800828ac: 3905411f     	strb	wzr, [x8, #0x150]
800828b0: 3905451f     	strb	wzr, [x8, #0x151]
800828b4: 3905491f     	strb	wzr, [x8, #0x152]
800828b8: 39054d1f     	strb	wzr, [x8, #0x153]
800828bc: 3905511f     	strb	wzr, [x8, #0x154]
800828c0: 3905551f     	strb	wzr, [x8, #0x155]
800828c4: 3905591f     	strb	wzr, [x8, #0x156]
800828c8: 39055d1f     	strb	wzr, [x8, #0x157]
800828cc: 3905711f     	strb	wzr, [x8, #0x15c]
800828d0: 3905751f     	strb	wzr, [x8, #0x15d]
800828d4: 3905791f     	strb	wzr, [x8, #0x15e]
800828d8: 3905811f     	strb	wzr, [x8, #0x160]
800828dc: 3905851f     	strb	wzr, [x8, #0x161]
800828e0: 3905891f     	strb	wzr, [x8, #0x162]
800828e4: 39058d1f     	strb	wzr, [x8, #0x163]
800828e8: 3905910e     	strb	w14, [x8, #0x164]
800828ec: 39059510     	strb	w16, [x8, #0x165]
800828f0: 3905990d     	strb	w13, [x8, #0x166]
800828f4: 3905a10f     	strb	w15, [x8, #0x168]
800828f8: 3905a502     	strb	w2, [x8, #0x169]
800828fc: 3905ad03     	strb	w3, [x8, #0x16b]
80082900: 3905b51f     	strb	wzr, [x8, #0x16d]
80082904: 3905b91f     	strb	wzr, [x8, #0x16e]
80082908: 3905bd1f     	strb	wzr, [x8, #0x16f]
8008290c: 3905c11f     	strb	wzr, [x8, #0x170]
80082910: 3905c51f     	strb	wzr, [x8, #0x171]
80082914: 3905c91f     	strb	wzr, [x8, #0x172]
80082918: 3905cd1f     	strb	wzr, [x8, #0x173]
8008291c: 3905d11f     	strb	wzr, [x8, #0x174]
80082920: 3905d51f     	strb	wzr, [x8, #0x175]
80082924: 3905d91f     	strb	wzr, [x8, #0x176]
80082928: 3905dd1f     	strb	wzr, [x8, #0x177]
8008292c: 3905e11f     	strb	wzr, [x8, #0x178]
80082930: 3905e51f     	strb	wzr, [x8, #0x179]
80082934: 3905e91f     	strb	wzr, [x8, #0x17a]
80082938: 3905ed1f     	strb	wzr, [x8, #0x17b]
8008293c: 3905f11f     	strb	wzr, [x8, #0x17c]
80082940: 3905f51f     	strb	wzr, [x8, #0x17d]
80082944: 3905f91f     	strb	wzr, [x8, #0x17e]
80082948: 3905fd1f     	strb	wzr, [x8, #0x17f]
8008294c: 3906011f     	strb	wzr, [x8, #0x180]
80082950: 3906051f     	strb	wzr, [x8, #0x181]
80082954: 3906091f     	strb	wzr, [x8, #0x182]
80082958: 39060d1f     	strb	wzr, [x8, #0x183]
8008295c: 3906211f     	strb	wzr, [x8, #0x188]
80082960: 3906251f     	strb	wzr, [x8, #0x189]
80082964: 39062d07     	strb	w7, [x8, #0x18b]
80082968: 3906311f     	strb	wzr, [x8, #0x18c]
8008296c: 3906351f     	strb	wzr, [x8, #0x18d]
80082970: 3906391f     	strb	wzr, [x8, #0x18e]
80082974: 39063d1f     	strb	wzr, [x8, #0x18f]
80082978: 39064910     	strb	w16, [x8, #0x192]
8008297c: 39065106     	strb	w6, [x8, #0x194]
80082980: 3906550d     	strb	w13, [x8, #0x195]
80082984: 39065910     	strb	w16, [x8, #0x196]
80082988: 3906610f     	strb	w15, [x8, #0x198]
8008298c: 39066d10     	strb	w16, [x8, #0x19b]
80082990: 39067102     	strb	w2, [x8, #0x19c]
80082994: 39067911     	strb	w17, [x8, #0x19e]
80082998: 3906811f     	strb	wzr, [x8, #0x1a0]
8008299c: 3906851f     	strb	wzr, [x8, #0x1a1]
800829a0: 3906891f     	strb	wzr, [x8, #0x1a2]
800829a4: 39068d1f     	strb	wzr, [x8, #0x1a3]
800829a8: 3906911f     	strb	wzr, [x8, #0x1a4]
800829ac: 3906951f     	strb	wzr, [x8, #0x1a5]
800829b0: 3906991f     	strb	wzr, [x8, #0x1a6]
800829b4: 39069d1f     	strb	wzr, [x8, #0x1a7]
800829b8: 3906a11f     	strb	wzr, [x8, #0x1a8]
800829bc: 3906a51f     	strb	wzr, [x8, #0x1a9]
800829c0: 3906a91f     	strb	wzr, [x8, #0x1aa]
800829c4: 3906ad1f     	strb	wzr, [x8, #0x1ab]
800829c8: 3906b11f     	strb	wzr, [x8, #0x1ac]
800829cc: 3906b51f     	strb	wzr, [x8, #0x1ad]
800829d0: 3906b91f     	strb	wzr, [x8, #0x1ae]
800829d4: 3906bd1f     	strb	wzr, [x8, #0x1af]
800829d8: b901b105     	str	w5, [x8, #0x1b0]
800829dc: 3906d101     	strb	w1, [x8, #0x1b4]
800829e0: 3906d503     	strb	w3, [x8, #0x1b5]
800829e4: 3906d902     	strb	w2, [x8, #0x1b6]
800829e8: 3906dd0f     	strb	w15, [x8, #0x1b7]
800829ec: 3906e104     	strb	w4, [x8, #0x1b8]
800829f0: 3906e511     	strb	w17, [x8, #0x1b9]
800829f4: 3906e911     	strb	w17, [x8, #0x1ba]
800829f8: 3906f102     	strb	w2, [x8, #0x1bc]
800829fc: 3906f513     	strb	w19, [x8, #0x1bd]
80082a00: 3907010f     	strb	w15, [x8, #0x1c0]
80082a04: 39070900     	strb	w0, [x8, #0x1c2]
80082a08: 39070d12     	strb	w18, [x8, #0x1c3]
80082a0c: 3907111f     	strb	wzr, [x8, #0x1c4]
80082a10: 3907151f     	strb	wzr, [x8, #0x1c5]
80082a14: 3907191f     	strb	wzr, [x8, #0x1c6]
80082a18: 39071d1f     	strb	wzr, [x8, #0x1c7]
80082a1c: 39072110     	strb	w16, [x8, #0x1c8]
80082a20: 3907250d     	strb	w13, [x8, #0x1c9]
80082a24: 39072d0e     	strb	w14, [x8, #0x1cb]
80082a28: 39073111     	strb	w17, [x8, #0x1cc]
80082a2c: 3907390f     	strb	w15, [x8, #0x1ce]
80082a30: 39073d02     	strb	w2, [x8, #0x1cf]
80082a34: 3907490e     	strb	w14, [x8, #0x1d2]
80082a38: 39074d1f     	strb	wzr, [x8, #0x1d3]
80082a3c: 3907511f     	strb	wzr, [x8, #0x1d4]
80082a40: 3907551f     	strb	wzr, [x8, #0x1d5]
80082a44: 3907591f     	strb	wzr, [x8, #0x1d6]
80082a48: 39075d1f     	strb	wzr, [x8, #0x1d7]
80082a4c: 3907611f     	strb	wzr, [x8, #0x1d8]
80082a50: 3907651f     	strb	wzr, [x8, #0x1d9]
80082a54: 3907691f     	strb	wzr, [x8, #0x1da]
80082a58: 39076d1f     	strb	wzr, [x8, #0x1db]
80082a5c: 3907711f     	strb	wzr, [x8, #0x1dc]
80082a60: 3907751f     	strb	wzr, [x8, #0x1dd]
80082a64: 3907791f     	strb	wzr, [x8, #0x1de]
80082a68: 39077d1f     	strb	wzr, [x8, #0x1df]
80082a6c: 3907811f     	strb	wzr, [x8, #0x1e0]
80082a70: 3907851f     	strb	wzr, [x8, #0x1e1]
80082a74: 3907891f     	strb	wzr, [x8, #0x1e2]
80082a78: 39078d1f     	strb	wzr, [x8, #0x1e3]
80082a7c: 3907911f     	strb	wzr, [x8, #0x1e4]
80082a80: 3907951f     	strb	wzr, [x8, #0x1e5]
80082a84: 3907991f     	strb	wzr, [x8, #0x1e6]
80082a88: 39079d1f     	strb	wzr, [x8, #0x1e7]
80082a8c: b901e90c     	str	w12, [x8, #0x1e8]
80082a90: 3869696c     	ldrb	w12, [x11, x9]
80082a94: 3829694c     	strb	w12, [x10, x9]
80082a98: 91000529     	add	x9, x9, #0x1
80082a9c: f101013f     	cmp	x9, #0x40
80082aa0: 54ffff81     	b.ne	0x80082a90 <adt_build_tree_at+0x7fc>
80082aa4: 52800029     	mov	w9, #0x1                // =1
80082aa8: 528000ea     	mov	w10, #0x7               // =7
80082aac: 5280002e     	mov	w14, #0x1               // =1
80082ab0: 52800dc0     	mov	w0, #0x6e               // =110
80082ab4: 52800c32     	mov	w18, #0x61              // =97
80082ab8: 52800dad     	mov	w13, #0x6d              // =109
80082abc: 52800cab     	mov	w11, #0x65              // =101
80082ac0: 52800de4     	mov	w4, #0x6f               // =111
80082ac4: 52800e4c     	mov	w12, #0x72              // =114
80082ac8: 52800f30     	mov	w16, #0x79              // =121
80082acc: 528005a5     	mov	w5, #0x2d               // =45
80082ad0: 52800e07     	mov	w7, #0x70               // =112
80082ad4: 52800cda     	mov	w26, #0x66              // =102
80082ad8: 52800eb3     	mov	w19, #0x75              // =117
80082adc: 52800d94     	mov	w20, #0x6c              // =108
80082ae0: 52800e91     	mov	w17, #0x74              // =116
80082ae4: 52800e66     	mov	w6, #0x73               // =115
80082ae8: 52800d23     	mov	w3, #0x69               // =105
80082aec: 52800c62     	mov	w2, #0x63               // =99
80082af0: 52800096     	mov	w22, #0x4               // =4
80082af4: b902c50e     	str	w14, [x8, #0x2c4]
80082af8: b904210a     	str	w10, [x8, #0x420]
80082afc: 52801cca     	mov	w10, #0xe6              // =230
80082b00: 528000b9     	mov	w25, #0x5               // =5
80082b04: 3910750a     	strb	w10, [x8, #0x41d]
80082b08: 5280062a     	mov	w10, #0x31              // =49
80082b0c: 52800e38     	mov	w24, #0x71              // =113
80082b10: 39113d0a     	strb	w10, [x8, #0x44f]
80082b14: 5280064a     	mov	w10, #0x32              // =50
80082b18: 528004d7     	mov	w23, #0x26              // =38
80082b1c: 52800d75     	mov	w21, #0x6b              // =107
80082b20: 3915dd0a     	strb	w10, [x8, #0x577]
80082b24: 52800c5b     	mov	w27, #0x62              // =98
80082b28: 52801ea1     	mov	w1, #0xf5               // =245
80082b2c: 52801c2f     	mov	w15, #0xe1              // =225
80082b30: 390e9d0e     	strb	w14, [x8, #0x3a7]
80082b34: 5280048e     	mov	w14, #0x24              // =36
80082b38: 52801f0a     	mov	w10, #0xf8              // =248
80082b3c: 3908e11f     	strb	wzr, [x8, #0x238]
80082b40: 3908e51f     	strb	wzr, [x8, #0x239]
80082b44: 3908e91f     	strb	wzr, [x8, #0x23a]
80082b48: 3908ed1f     	strb	wzr, [x8, #0x23b]
80082b4c: 3908f11f     	strb	wzr, [x8, #0x23c]
80082b50: 3908f51f     	strb	wzr, [x8, #0x23d]
80082b54: 3908f91f     	strb	wzr, [x8, #0x23e]
80082b58: 3908fd1f     	strb	wzr, [x8, #0x23f]
80082b5c: 3909011f     	strb	wzr, [x8, #0x240]
80082b60: 3909051f     	strb	wzr, [x8, #0x241]
80082b64: 3909091f     	strb	wzr, [x8, #0x242]
80082b68: 39090d1f     	strb	wzr, [x8, #0x243]
80082b6c: 3909111f     	strb	wzr, [x8, #0x244]
80082b70: 3909151f     	strb	wzr, [x8, #0x245]
80082b74: 3909191f     	strb	wzr, [x8, #0x246]
80082b78: 39091d1f     	strb	wzr, [x8, #0x247]
80082b7c: 3909211f     	strb	wzr, [x8, #0x248]
80082b80: 3909251f     	strb	wzr, [x8, #0x249]
80082b84: 3909291f     	strb	wzr, [x8, #0x24a]
80082b88: 39092d1f     	strb	wzr, [x8, #0x24b]
80082b8c: 3909311f     	strb	wzr, [x8, #0x24c]
80082b90: 3909351f     	strb	wzr, [x8, #0x24d]
80082b94: 3909391f     	strb	wzr, [x8, #0x24e]
80082b98: 39093d1f     	strb	wzr, [x8, #0x24f]
80082b9c: 3909411f     	strb	wzr, [x8, #0x250]
80082ba0: 3909451f     	strb	wzr, [x8, #0x251]
80082ba4: 3909491f     	strb	wzr, [x8, #0x252]
80082ba8: 39094d1f     	strb	wzr, [x8, #0x253]
80082bac: 3909891f     	strb	wzr, [x8, #0x262]
80082bb0: 39098d1f     	strb	wzr, [x8, #0x263]
80082bb4: b902691f     	str	wzr, [x8, #0x268]
80082bb8: 3909c11f     	strb	wzr, [x8, #0x270]
80082bbc: 3909c51f     	strb	wzr, [x8, #0x271]
80082bc0: 3909c91f     	strb	wzr, [x8, #0x272]
80082bc4: 3909cd1f     	strb	wzr, [x8, #0x273]
80082bc8: 3909d11f     	strb	wzr, [x8, #0x274]
80082bcc: 3909d51f     	strb	wzr, [x8, #0x275]
80082bd0: 3909d91f     	strb	wzr, [x8, #0x276]
80082bd4: 3909dd1f     	strb	wzr, [x8, #0x277]
80082bd8: 3909e11f     	strb	wzr, [x8, #0x278]
80082bdc: 3909e51f     	strb	wzr, [x8, #0x279]
80082be0: 3909e91f     	strb	wzr, [x8, #0x27a]
80082be4: b902311f     	str	wzr, [x8, #0x230]
80082be8: 3909ed1f     	strb	wzr, [x8, #0x27b]
80082bec: 3909f11f     	strb	wzr, [x8, #0x27c]
80082bf0: 3909f51f     	strb	wzr, [x8, #0x27d]
80082bf4: 3909f91f     	strb	wzr, [x8, #0x27e]
80082bf8: 3909fd1f     	strb	wzr, [x8, #0x27f]
80082bfc: 390a011f     	strb	wzr, [x8, #0x280]
80082c00: 390a051f     	strb	wzr, [x8, #0x281]
80082c04: 390a091f     	strb	wzr, [x8, #0x282]
80082c08: 390a0d1f     	strb	wzr, [x8, #0x283]
80082c0c: 390a111f     	strb	wzr, [x8, #0x284]
80082c10: 390a151f     	strb	wzr, [x8, #0x285]
80082c14: 390a191f     	strb	wzr, [x8, #0x286]
80082c18: 390a1d1f     	strb	wzr, [x8, #0x287]
80082c1c: 390a211f     	strb	wzr, [x8, #0x288]
80082c20: 390a251f     	strb	wzr, [x8, #0x289]
80082c24: 390a291f     	strb	wzr, [x8, #0x28a]
80082c28: 390a2d1f     	strb	wzr, [x8, #0x28b]
80082c2c: 390a611f     	strb	wzr, [x8, #0x298]
80082c30: 390a651f     	strb	wzr, [x8, #0x299]
80082c34: 390a691f     	strb	wzr, [x8, #0x29a]
80082c38: 390a6d1f     	strb	wzr, [x8, #0x29b]
80082c3c: 390a9d02     	strb	w2, [x8, #0x2a7]
80082c40: 390aa51f     	strb	wzr, [x8, #0x2a9]
80082c44: 390aa91f     	strb	wzr, [x8, #0x2aa]
80082c48: 390aad1f     	strb	wzr, [x8, #0x2ab]
80082c4c: 390ab11f     	strb	wzr, [x8, #0x2ac]
80082c50: 390ab51f     	strb	wzr, [x8, #0x2ad]
80082c54: 390ab91f     	strb	wzr, [x8, #0x2ae]
80082c58: 390abd1f     	strb	wzr, [x8, #0x2af]
80082c5c: 390ac11f     	strb	wzr, [x8, #0x2b0]
80082c60: 390ac51f     	strb	wzr, [x8, #0x2b1]
80082c64: 390ac91f     	strb	wzr, [x8, #0x2b2]
80082c68: 390acd1f     	strb	wzr, [x8, #0x2b3]
80082c6c: 390ad11f     	strb	wzr, [x8, #0x2b4]
80082c70: 390ad51f     	strb	wzr, [x8, #0x2b5]
80082c74: 390a7d03     	strb	w3, [x8, #0x29f]
80082c78: 390a9903     	strb	w3, [x8, #0x2a6]
80082c7c: 390ad91f     	strb	wzr, [x8, #0x2b6]
80082c80: 390a5d06     	strb	w6, [x8, #0x297]
80082c84: 390a7106     	strb	w6, [x8, #0x29c]
80082c88: 390add1f     	strb	wzr, [x8, #0x2b7]
80082c8c: 390ae11f     	strb	wzr, [x8, #0x2b8]
80082c90: 390ae51f     	strb	wzr, [x8, #0x2b9]
80082c94: 390ae91f     	strb	wzr, [x8, #0x2ba]
80082c98: 390aed1f     	strb	wzr, [x8, #0x2bb]
80082c9c: b902bd16     	str	w22, [x8, #0x2bc]
80082ca0: 390b051f     	strb	wzr, [x8, #0x2c1]
80082ca4: 390b091f     	strb	wzr, [x8, #0x2c2]
80082ca8: 390b0d1f     	strb	wzr, [x8, #0x2c3]
80082cac: b902c916     	str	w22, [x8, #0x2c8]
80082cb0: 390b411f     	strb	wzr, [x8, #0x2d0]
80082cb4: 390b451f     	strb	wzr, [x8, #0x2d1]
80082cb8: 390a5911     	strb	w17, [x8, #0x296]
80082cbc: 390b491f     	strb	wzr, [x8, #0x2d2]
80082cc0: 390b4d1f     	strb	wzr, [x8, #0x2d3]
80082cc4: 390b511f     	strb	wzr, [x8, #0x2d4]
80082cc8: 390b551f     	strb	wzr, [x8, #0x2d5]
80082ccc: 390b591f     	strb	wzr, [x8, #0x2d6]
80082cd0: 390b5d1f     	strb	wzr, [x8, #0x2d7]
80082cd4: 390b611f     	strb	wzr, [x8, #0x2d8]
80082cd8: 390b651f     	strb	wzr, [x8, #0x2d9]
80082cdc: 390b691f     	strb	wzr, [x8, #0x2da]
80082ce0: 390b6d1f     	strb	wzr, [x8, #0x2db]
80082ce4: 390b711f     	strb	wzr, [x8, #0x2dc]
80082ce8: 390a5514     	strb	w20, [x8, #0x295]
80082cec: 390a8514     	strb	w20, [x8, #0x2a1]
80082cf0: 390a5113     	strb	w19, [x8, #0x294]
80082cf4: 390b751f     	strb	wzr, [x8, #0x2dd]
80082cf8: 390b791f     	strb	wzr, [x8, #0x2de]
80082cfc: 390b7d1f     	strb	wzr, [x8, #0x2df]
80082d00: 390b811f     	strb	wzr, [x8, #0x2e0]
80082d04: 390b851f     	strb	wzr, [x8, #0x2e1]
80082d08: 390b891f     	strb	wzr, [x8, #0x2e2]
80082d0c: 390b8d1f     	strb	wzr, [x8, #0x2e3]
80082d10: 390b911f     	strb	wzr, [x8, #0x2e4]
80082d14: 390b951f     	strb	wzr, [x8, #0x2e5]
80082d18: 390b991f     	strb	wzr, [x8, #0x2e6]
80082d1c: 390b9d1f     	strb	wzr, [x8, #0x2e7]
80082d20: 390ba11f     	strb	wzr, [x8, #0x2e8]
80082d24: 390ba51f     	strb	wzr, [x8, #0x2e9]
80082d28: 390ba91f     	strb	wzr, [x8, #0x2ea]
80082d2c: 390bad1f     	strb	wzr, [x8, #0x2eb]
80082d30: b902ed19     	str	w25, [x8, #0x2ec]
80082d34: 390bc102     	strb	w2, [x8, #0x2f0]
80082d38: 390bc913     	strb	w19, [x8, #0x2f2]
80082d3c: 390a491a     	strb	w26, [x8, #0x292]
80082d40: 390bcd06     	strb	w6, [x8, #0x2f3]
80082d44: 390bd11f     	strb	wzr, [x8, #0x2f4]
80082d48: 390bd51f     	strb	wzr, [x8, #0x2f5]
80082d4c: 390bd91f     	strb	wzr, [x8, #0x2f6]
80082d50: 390bdd1f     	strb	wzr, [x8, #0x2f7]
80082d54: b902fd1f     	str	wzr, [x8, #0x2fc]
80082d58: 390c111f     	strb	wzr, [x8, #0x304]
80082d5c: 390c151f     	strb	wzr, [x8, #0x305]
80082d60: 390c191f     	strb	wzr, [x8, #0x306]
80082d64: 390c1d1f     	strb	wzr, [x8, #0x307]
80082d68: 390c211f     	strb	wzr, [x8, #0x308]
80082d6c: 390c251f     	strb	wzr, [x8, #0x309]
80082d70: 390c291f     	strb	wzr, [x8, #0x30a]
80082d74: 390c2d1f     	strb	wzr, [x8, #0x30b]
80082d78: 390c311f     	strb	wzr, [x8, #0x30c]
80082d7c: 390c351f     	strb	wzr, [x8, #0x30d]
80082d80: 39098507     	strb	w7, [x8, #0x261]
80082d84: 390bc507     	strb	w7, [x8, #0x2f1]
80082d88: 390c391f     	strb	wzr, [x8, #0x30e]
80082d8c: 390c3d1f     	strb	wzr, [x8, #0x30f]
80082d90: 390c411f     	strb	wzr, [x8, #0x310]
80082d94: 390c451f     	strb	wzr, [x8, #0x311]
80082d98: 39097905     	strb	w5, [x8, #0x25e]
80082d9c: 390a8905     	strb	w5, [x8, #0x2a2]
80082da0: 390c491f     	strb	wzr, [x8, #0x312]
80082da4: 390c4d1f     	strb	wzr, [x8, #0x313]
80082da8: 390c511f     	strb	wzr, [x8, #0x314]
80082dac: 390c551f     	strb	wzr, [x8, #0x315]
80082db0: 390c591f     	strb	wzr, [x8, #0x316]
80082db4: 390c5d1f     	strb	wzr, [x8, #0x317]
80082db8: 390c611f     	strb	wzr, [x8, #0x318]
80082dbc: 390c651f     	strb	wzr, [x8, #0x319]
80082dc0: 390c691f     	strb	wzr, [x8, #0x31a]
80082dc4: 390c6d1f     	strb	wzr, [x8, #0x31b]
80082dc8: 39097510     	strb	w16, [x8, #0x25d]
80082dcc: 390c711f     	strb	wzr, [x8, #0x31c]
80082dd0: 390c751f     	strb	wzr, [x8, #0x31d]
80082dd4: 390c791f     	strb	wzr, [x8, #0x31e]
80082dd8: 390c7d1f     	strb	wzr, [x8, #0x31f]
80082ddc: b9032119     	str	w25, [x8, #0x320]
80082de0: 390c9102     	strb	w2, [x8, #0x324]
80082de4: 390c9507     	strb	w7, [x8, #0x325]
80082de8: 390c9913     	strb	w19, [x8, #0x326]
80082dec: 390ca11f     	strb	wzr, [x8, #0x328]
80082df0: 390ca51f     	strb	wzr, [x8, #0x329]
80082df4: 390ca91f     	strb	wzr, [x8, #0x32a]
80082df8: 3909710c     	strb	w12, [x8, #0x25c]
80082dfc: 390a790c     	strb	w12, [x8, #0x29e]
80082e00: 390cad1f     	strb	wzr, [x8, #0x32b]
80082e04: 390cb106     	strb	w6, [x8, #0x32c]
80082e08: 390cb511     	strb	w17, [x8, #0x32d]
80082e0c: 390cbd11     	strb	w17, [x8, #0x32f]
80082e10: 390cc51f     	strb	wzr, [x8, #0x331]
80082e14: 390cc91f     	strb	wzr, [x8, #0x332]
80082e18: 390ccd1f     	strb	wzr, [x8, #0x333]
80082e1c: 390cd11f     	strb	wzr, [x8, #0x334]
80082e20: 390cd51f     	strb	wzr, [x8, #0x335]
80082e24: 390cd91f     	strb	wzr, [x8, #0x336]
80082e28: 390cdd1f     	strb	wzr, [x8, #0x337]
80082e2c: 390ce11f     	strb	wzr, [x8, #0x338]
80082e30: 39096d04     	strb	w4, [x8, #0x25b]
80082e34: 390ce51f     	strb	wzr, [x8, #0x339]
80082e38: 390ce91f     	strb	wzr, [x8, #0x33a]
80082e3c: 390ced1f     	strb	wzr, [x8, #0x33b]
80082e40: 390cf11f     	strb	wzr, [x8, #0x33c]
80082e44: 390cf51f     	strb	wzr, [x8, #0x33d]
80082e48: 390cf91f     	strb	wzr, [x8, #0x33e]
80082e4c: 390cfd1f     	strb	wzr, [x8, #0x33f]
80082e50: 390d011f     	strb	wzr, [x8, #0x340]
80082e54: 3908dd0b     	strb	w11, [x8, #0x237]
80082e58: 3909650b     	strb	w11, [x8, #0x259]
80082e5c: 3909bd0b     	strb	w11, [x8, #0x26f]
80082e60: 390a450b     	strb	w11, [x8, #0x291]
80082e64: 390a750b     	strb	w11, [x8, #0x29d]
80082e68: 390a910b     	strb	w11, [x8, #0x2a4]
80082e6c: 390aa10b     	strb	w11, [x8, #0x2a8]
80082e70: 390b3d0b     	strb	w11, [x8, #0x2cf]
80082e74: 390c0d0b     	strb	w11, [x8, #0x303]
80082e78: 390cc10b     	strb	w11, [x8, #0x330]
80082e7c: 390d051f     	strb	wzr, [x8, #0x341]
80082e80: 390d091f     	strb	wzr, [x8, #0x342]
80082e84: 390d0d1f     	strb	wzr, [x8, #0x343]
80082e88: 390d111f     	strb	wzr, [x8, #0x344]
80082e8c: 390d151f     	strb	wzr, [x8, #0x345]
80082e90: 390d191f     	strb	wzr, [x8, #0x346]
80082e94: 390d1d1f     	strb	wzr, [x8, #0x347]
80082e98: 390d211f     	strb	wzr, [x8, #0x348]
80082e9c: 390d251f     	strb	wzr, [x8, #0x349]
80082ea0: 390d291f     	strb	wzr, [x8, #0x34a]
80082ea4: 390d2d1f     	strb	wzr, [x8, #0x34b]
80082ea8: 390d410c     	strb	w12, [x8, #0x350]
80082eac: 390d4513     	strb	w19, [x8, #0x351]
80082eb0: 390f3d19     	strb	w25, [x8, #0x3cf]
80082eb4: 390f4102     	strb	w2, [x8, #0x3d0]
80082eb8: 39107d04     	strb	w4, [x8, #0x41f]
80082ebc: 3910110b     	strb	w11, [x8, #0x404]
80082ec0: b9041916     	str	w22, [x8, #0x418]
80082ec4: 39105d1f     	strb	wzr, [x8, #0x417]
80082ec8: 3910591f     	strb	wzr, [x8, #0x416]
80082ecc: 3910551f     	strb	wzr, [x8, #0x415]
80082ed0: 3910511f     	strb	wzr, [x8, #0x414]
80082ed4: 39104d1f     	strb	wzr, [x8, #0x413]
80082ed8: 3910491f     	strb	wzr, [x8, #0x412]
80082edc: 3910451f     	strb	wzr, [x8, #0x411]
80082ee0: 3910411f     	strb	wzr, [x8, #0x410]
80082ee4: 39103d1f     	strb	wzr, [x8, #0x40f]
80082ee8: 3910391f     	strb	wzr, [x8, #0x40e]
80082eec: 3910351f     	strb	wzr, [x8, #0x40d]
80082ef0: 3910311f     	strb	wzr, [x8, #0x40c]
80082ef4: 39102d1f     	strb	wzr, [x8, #0x40b]
80082ef8: 3910291f     	strb	wzr, [x8, #0x40a]
80082efc: 3910251f     	strb	wzr, [x8, #0x409]
80082f00: 3910211f     	strb	wzr, [x8, #0x408]
80082f04: 39101d10     	strb	w16, [x8, #0x407]
80082f08: 39101902     	strb	w2, [x8, #0x406]
80082f0c: 39100d13     	strb	w19, [x8, #0x403]
80082f10: 39100918     	strb	w24, [x8, #0x402]
80082f14: 3910050b     	strb	w11, [x8, #0x401]
80082f18: 3908d90d     	strb	w13, [x8, #0x236]
80082f1c: 3909610d     	strb	w13, [x8, #0x258]
80082f20: 3909690d     	strb	w13, [x8, #0x25a]
80082f24: 39097d0d     	strb	w13, [x8, #0x25f]
80082f28: 3909b90d     	strb	w13, [x8, #0x26e]
80082f2c: 390b390d     	strb	w13, [x8, #0x2ce]
80082f30: 390c090d     	strb	w13, [x8, #0x302]
80082f34: 390fe10d     	strb	w13, [x8, #0x3f8]
80082f38: 3910010c     	strb	w12, [x8, #0x400]
80082f3c: 390ffd1a     	strb	w26, [x8, #0x3ff]
80082f40: 390ff905     	strb	w5, [x8, #0x3fe]
80082f44: 3908d512     	strb	w18, [x8, #0x235]
80082f48: 39098112     	strb	w18, [x8, #0x260]
80082f4c: 3909b512     	strb	w18, [x8, #0x26d]
80082f50: 390a4d12     	strb	w18, [x8, #0x293]
80082f54: 390a8112     	strb	w18, [x8, #0x2a0]
80082f58: 390b3512     	strb	w18, [x8, #0x2cd]
80082f5c: 390c0512     	strb	w18, [x8, #0x301]
80082f60: 390cb912     	strb	w18, [x8, #0x32e]
80082f64: 390ff510     	strb	w16, [x8, #0x3fd]
80082f68: 390ff10c     	strb	w12, [x8, #0x3fc]
80082f6c: 390fed04     	strb	w4, [x8, #0x3fb]
80082f70: 390fe90d     	strb	w13, [x8, #0x3fa]
80082f74: 390fe50b     	strb	w11, [x8, #0x3f9]
80082f78: 390f591a     	strb	w26, [x8, #0x3d6]
80082f7c: 390fd917     	strb	w23, [x8, #0x3f6]
80082f80: 3908d100     	strb	w0, [x8, #0x234]
80082f84: 3909b100     	strb	w0, [x8, #0x26c]
80082f88: 390b3100     	strb	w0, [x8, #0x2cc]
80082f8c: 390c0100     	strb	w0, [x8, #0x300]
80082f90: 39101500     	strb	w0, [x8, #0x405]
80082f94: 390fd50b     	strb	w11, [x8, #0x3f5]
80082f98: b903f116     	str	w22, [x8, #0x3f0]
80082f9c: 390fbd1f     	strb	wzr, [x8, #0x3ef]
80082fa0: 390fb91f     	strb	wzr, [x8, #0x3ee]
80082fa4: 390fb51f     	strb	wzr, [x8, #0x3ed]
80082fa8: 390fb11f     	strb	wzr, [x8, #0x3ec]
80082fac: 390fad1f     	strb	wzr, [x8, #0x3eb]
80082fb0: 390fa91f     	strb	wzr, [x8, #0x3ea]
80082fb4: 390fa51f     	strb	wzr, [x8, #0x3e9]
80082fb8: 390fa11f     	strb	wzr, [x8, #0x3e8]
80082fbc: 390f9d1f     	strb	wzr, [x8, #0x3e7]
80082fc0: 390f991f     	strb	wzr, [x8, #0x3e6]
80082fc4: 390f951f     	strb	wzr, [x8, #0x3e5]
80082fc8: 390f911f     	strb	wzr, [x8, #0x3e4]
80082fcc: b9022d09     	str	w9, [x8, #0x22c]
80082fd0: 52800169     	mov	w9, #0xb                // =11
80082fd4: b9025509     	str	w9, [x8, #0x254]
80082fd8: 52800049     	mov	w9, #0x2                // =2
80082fdc: b9026509     	str	w9, [x8, #0x264]
80082fe0: 52800129     	mov	w9, #0x9                // =9
80082fe4: b9028d09     	str	w9, [x8, #0x28c]
80082fe8: 52800c89     	mov	w9, #0x64               // =100
80082fec: 390a4109     	strb	w9, [x8, #0x290]
80082ff0: 390a8d09     	strb	w9, [x8, #0x2a3]
80082ff4: 52800ec9     	mov	w9, #0x76               // =118
80082ff8: 390a9509     	strb	w9, [x8, #0x2a5]
80082ffc: 52800209     	mov	w9, #0x10               // =16
80083000: 390b0109     	strb	w9, [x8, #0x2c0]
80083004: 528000e9     	mov	w9, #0x7                // =7
80083008: b902f909     	str	w9, [x8, #0x2f8]
8008300c: 52800609     	mov	w9, #0x30               // =48
80083010: 390c9d09     	strb	w9, [x8, #0x327]
80083014: 52800109     	mov	w9, #0x8                // =8
80083018: b9034d09     	str	w9, [x8, #0x34c]
8008301c: 52800709     	mov	w9, #0x38               // =56
80083020: 39107909     	strb	w9, [x8, #0x41e]
80083024: 52801009     	mov	w9, #0x80               // =128
80083028: 39107109     	strb	w9, [x8, #0x41c]
8008302c: 390fdd09     	strb	w9, [x8, #0x3f7]
80083030: 390fd109     	strb	w9, [x8, #0x3f4]
80083034: 39147109     	strb	w9, [x8, #0x51c]
80083038: 39147d09     	strb	w9, [x8, #0x51f]
8008303c: 39151109     	strb	w9, [x8, #0x544]
80083040: 39191109     	strb	w9, [x8, #0x644]
80083044: 39191d09     	strb	w9, [x8, #0x647]
80083048: 3919b109     	strb	w9, [x8, #0x66c]
8008304c: 391db109     	strb	w9, [x8, #0x76c]
80083050: 391dbd09     	strb	w9, [x8, #0x76f]
80083054: 391e5109     	strb	w9, [x8, #0x794]
80083058: 52801cc9     	mov	w9, #0xe6               // =230
8008305c: 39151509     	strb	w9, [x8, #0x545]
80083060: 3919b509     	strb	w9, [x8, #0x66d]
80083064: 391e5509     	strb	w9, [x8, #0x795]
80083068: 52800709     	mov	w9, #0x38               // =56
8008306c: 39151909     	strb	w9, [x8, #0x546]
80083070: 3919b909     	strb	w9, [x8, #0x66e]
80083074: 391e5909     	strb	w9, [x8, #0x796]
80083078: 52800309     	mov	w9, #0x18               // =24
8008307c: b9081909     	str	w9, [x8, #0x818]
80083080: 52800029     	mov	w9, #0x1                // =1
80083084: 39129109     	strb	w9, [x8, #0x4a4]
80083088: 39133d09     	strb	w9, [x8, #0x4cf]
8008308c: 3917dd09     	strb	w9, [x8, #0x5f7]
80083090: 39173509     	strb	w9, [x8, #0x5cd]
80083094: 528000e9     	mov	w9, #0x7                // =7
80083098: b9054909     	str	w9, [x8, #0x548]
8008309c: 52800829     	mov	w9, #0x41               // =65
800830a0: 390f8d1f     	strb	wzr, [x8, #0x3e3]
800830a4: 390f891f     	strb	wzr, [x8, #0x3e2]
800830a8: 390f851f     	strb	wzr, [x8, #0x3e1]
800830ac: 390f811f     	strb	wzr, [x8, #0x3e0]
800830b0: 390f7d1f     	strb	wzr, [x8, #0x3df]
800830b4: 390f7910     	strb	w16, [x8, #0x3de]
800830b8: 390f7502     	strb	w2, [x8, #0x3dd]
800830bc: 390f7100     	strb	w0, [x8, #0x3dc]
800830c0: 390f6d0b     	strb	w11, [x8, #0x3db]
800830c4: 390f6913     	strb	w19, [x8, #0x3da]
800830c8: 390f6518     	strb	w24, [x8, #0x3d9]
800830cc: 390f610b     	strb	w11, [x8, #0x3d8]
800830d0: 390f5d0c     	strb	w12, [x8, #0x3d7]
800830d4: 390f4904     	strb	w4, [x8, #0x3d2]
800830d8: 390f5505     	strb	w5, [x8, #0x3d5]
800830dc: 390f5115     	strb	w21, [x8, #0x3d4]
800830e0: 390f4d02     	strb	w2, [x8, #0x3d3]
800830e4: 390f4514     	strb	w20, [x8, #0x3d1]
800830e8: 390ea11b     	strb	w27, [x8, #0x3a8]
800830ec: 390f3901     	strb	w1, [x8, #0x3ce]
800830f0: 390f350f     	strb	w15, [x8, #0x3cd]
800830f4: 390f311f     	strb	wzr, [x8, #0x3cc]
800830f8: b903c916     	str	w22, [x8, #0x3c8]
800830fc: 390f1d1f     	strb	wzr, [x8, #0x3c7]
80083100: 390f191f     	strb	wzr, [x8, #0x3c6]
80083104: 390f151f     	strb	wzr, [x8, #0x3c5]
80083108: 390f111f     	strb	wzr, [x8, #0x3c4]
8008310c: 390f0d1f     	strb	wzr, [x8, #0x3c3]
80083110: 390f091f     	strb	wzr, [x8, #0x3c2]
80083114: 390f051f     	strb	wzr, [x8, #0x3c1]
80083118: 390f011f     	strb	wzr, [x8, #0x3c0]
8008311c: 390efd1f     	strb	wzr, [x8, #0x3bf]
80083120: 390ef91f     	strb	wzr, [x8, #0x3be]
80083124: 390ef51f     	strb	wzr, [x8, #0x3bd]
80083128: 390ef11f     	strb	wzr, [x8, #0x3bc]
8008312c: 390eed1f     	strb	wzr, [x8, #0x3bb]
80083130: 390ee91f     	strb	wzr, [x8, #0x3ba]
80083134: 390ee51f     	strb	wzr, [x8, #0x3b9]
80083138: 390ee11f     	strb	wzr, [x8, #0x3b8]
8008313c: 390edd1f     	strb	wzr, [x8, #0x3b7]
80083140: 390ed91f     	strb	wzr, [x8, #0x3b6]
80083144: 390ed110     	strb	w16, [x8, #0x3b4]
80083148: 390ecd02     	strb	w2, [x8, #0x3b3]
8008314c: 390ec900     	strb	w0, [x8, #0x3b2]
80083150: 390ec50b     	strb	w11, [x8, #0x3b1]
80083154: 390ec113     	strb	w19, [x8, #0x3b0]
80083158: 390ebd18     	strb	w24, [x8, #0x3af]
8008315c: 390eb90b     	strb	w11, [x8, #0x3ae]
80083160: 390eb50c     	strb	w12, [x8, #0x3ad]
80083164: 390eb11a     	strb	w26, [x8, #0x3ac]
80083168: 390ead05     	strb	w5, [x8, #0x3ab]
8008316c: 390ea906     	strb	w6, [x8, #0x3aa]
80083170: 390ea513     	strb	w19, [x8, #0x3a9]
80083174: 390e990e     	strb	w14, [x8, #0x3a6]
80083178: 390e950a     	strb	w10, [x8, #0x3a5]
8008317c: b903a116     	str	w22, [x8, #0x3a0]
80083180: 390e4510     	strb	w16, [x8, #0x391]
80083184: 390e4102     	strb	w2, [x8, #0x390]
80083188: 390e3d00     	strb	w0, [x8, #0x38f]
8008318c: 390e390b     	strb	w11, [x8, #0x38e]
80083190: 390e3513     	strb	w19, [x8, #0x38d]
80083194: 390e3118     	strb	w24, [x8, #0x38c]
80083198: 390e2d0b     	strb	w11, [x8, #0x38b]
8008319c: 390e290c     	strb	w12, [x8, #0x38a]
800831a0: 390e251a     	strb	w26, [x8, #0x389]
800831a4: 390e2105     	strb	w5, [x8, #0x388]
800831a8: 390e1d0b     	strb	w11, [x8, #0x387]
800831ac: 390e1906     	strb	w6, [x8, #0x386]
800831b0: 390e1512     	strb	w18, [x8, #0x385]
800831b4: 390e111b     	strb	w27, [x8, #0x384]
800831b8: 390e0d0b     	strb	w11, [x8, #0x383]
800831bc: 390e090d     	strb	w13, [x8, #0x382]
800831c0: 390e0503     	strb	w3, [x8, #0x381]
800831c4: 390e0111     	strb	w17, [x8, #0x380]
800831c8: b9037916     	str	w22, [x8, #0x378]
800831cc: 390d4900     	strb	w0, [x8, #0x352]
800831d0: 390d650b     	strb	w11, [x8, #0x359]
800831d4: 390d610c     	strb	w12, [x8, #0x358]
800831d8: 390d5500     	strb	w0, [x8, #0x355]
800831dc: 390d5103     	strb	w3, [x8, #0x354]
800831e0: 3913350a     	strb	w10, [x8, #0x4cd]
800831e4: 3917d50a     	strb	w10, [x8, #0x5f5]
800831e8: 391c750a     	strb	w10, [x8, #0x71d]
800831ec: 52800c8a     	mov	w10, #0x64              // =100
800831f0: 3913390e     	strb	w14, [x8, #0x4ce]
800831f4: 3917d90e     	strb	w14, [x8, #0x5f6]
800831f8: 391c790e     	strb	w14, [x8, #0x71e]
800831fc: 5280010e     	mov	w14, #0x8               // =8
80083200: 390d4d00     	strb	w0, [x8, #0x353]
80083204: 3919250b     	strb	w11, [x8, #0x649]
80083208: 3913d50f     	strb	w15, [x8, #0x4f5]
8008320c: 3918750f     	strb	w15, [x8, #0x61d]
80083210: 391d150f     	strb	w15, [x8, #0x745]
80083214: 3913d901     	strb	w1, [x8, #0x4f6]
80083218: 39187901     	strb	w1, [x8, #0x61e]
8008321c: 391d1901     	strb	w1, [x8, #0x746]
80083220: 3913f115     	strb	w21, [x8, #0x4fc]
80083224: 39189115     	strb	w21, [x8, #0x624]
80083228: 391d3115     	strb	w21, [x8, #0x74c]
8008322c: 39147917     	strb	w23, [x8, #0x51e]
80083230: 39191917     	strb	w23, [x8, #0x646]
80083234: 391db917     	strb	w23, [x8, #0x76e]
80083238: 3912c51a     	strb	w26, [x8, #0x4b1]
8008323c: 3913511a     	strb	w26, [x8, #0x4d4]
80083240: 3913f91a     	strb	w26, [x8, #0x4fe]
80083244: 39149d1a     	strb	w26, [x8, #0x527]
80083248: 3917651a     	strb	w26, [x8, #0x5d9]
8008324c: 3917f11a     	strb	w26, [x8, #0x5fc]
80083250: 3918991a     	strb	w26, [x8, #0x626]
80083254: 39193d1a     	strb	w26, [x8, #0x64f]
80083258: 391c051a     	strb	w26, [x8, #0x701]
8008325c: 391c911a     	strb	w26, [x8, #0x724]
80083260: 391d391a     	strb	w26, [x8, #0x74e]
80083264: 391ddd1a     	strb	w26, [x8, #0x777]
80083268: b9044919     	str	w25, [x8, #0x448]
8008326c: 3913dd19     	strb	w25, [x8, #0x4f7]
80083270: b9057119     	str	w25, [x8, #0x570]
80083274: 39187d19     	strb	w25, [x8, #0x61f]
80083278: b9069919     	str	w25, [x8, #0x698]
8008327c: 391d1d19     	strb	w25, [x8, #0x747]
80083280: b9083519     	str	w25, [x8, #0x834]
80083284: b9085d19     	str	w25, [x8, #0x85c]
80083288: a94267fa     	ldp	x26, x25, [sp, #0x20]
8008328c: 3910a100     	strb	w0, [x8, #0x428]
80083290: 3910a512     	strb	w18, [x8, #0x429]
80083294: 3910a90d     	strb	w13, [x8, #0x42a]
80083298: 3910ad0b     	strb	w11, [x8, #0x42b]
8008329c: 39113102     	strb	w2, [x8, #0x44c]
800832a0: 39113507     	strb	w7, [x8, #0x44d]
800832a4: 39113913     	strb	w19, [x8, #0x44e]
800832a8: 39115106     	strb	w6, [x8, #0x454]
800832ac: 39115511     	strb	w17, [x8, #0x455]
800832b0: 39115912     	strb	w18, [x8, #0x456]
800832b4: 39115d11     	strb	w17, [x8, #0x457]
800832b8: 3911610b     	strb	w11, [x8, #0x458]
800832bc: b904750e     	str	w14, [x8, #0x474]
800832c0: 3911e106     	strb	w6, [x8, #0x478]
800832c4: 3911e511     	strb	w17, [x8, #0x479]
800832c8: 3911e904     	strb	w4, [x8, #0x47a]
800832cc: 3911ed07     	strb	w7, [x8, #0x47b]
800832d0: 3911f107     	strb	w7, [x8, #0x47c]
800832d4: 3911f50b     	strb	w11, [x8, #0x47d]
800832d8: 3911f90a     	strb	w10, [x8, #0x47e]
800832dc: 3912010c     	strb	w12, [x8, #0x480]
800832e0: 3912050b     	strb	w11, [x8, #0x481]
800832e4: b904a116     	str	w22, [x8, #0x4a0]
800832e8: 3912a111     	strb	w17, [x8, #0x4a8]
800832ec: 3912a503     	strb	w3, [x8, #0x4a9]
800832f0: 3912a90d     	strb	w13, [x8, #0x4aa]
800832f4: 3912ad0b     	strb	w11, [x8, #0x4ab]
800832f8: 3912b11b     	strb	w27, [x8, #0x4ac]
800832fc: 3912b512     	strb	w18, [x8, #0x4ad]
80083300: 3912b906     	strb	w6, [x8, #0x4ae]
80083304: 3912bd0b     	strb	w11, [x8, #0x4af]
80083308: 3912c105     	strb	w5, [x8, #0x4b0]
8008330c: 3912c90c     	strb	w12, [x8, #0x4b2]
80083310: 3912cd0b     	strb	w11, [x8, #0x4b3]
80083314: 3912d118     	strb	w24, [x8, #0x4b4]
80083318: 3912d513     	strb	w19, [x8, #0x4b5]
8008331c: 3912d90b     	strb	w11, [x8, #0x4b6]
80083320: 3912dd00     	strb	w0, [x8, #0x4b7]
80083324: 3912e102     	strb	w2, [x8, #0x4b8]
80083328: 3912e510     	strb	w16, [x8, #0x4b9]
8008332c: b904c916     	str	w22, [x8, #0x4c8]
80083330: 3913411b     	strb	w27, [x8, #0x4d0]
80083334: 39134513     	strb	w19, [x8, #0x4d1]
80083338: 39134906     	strb	w6, [x8, #0x4d2]
8008333c: 39134d05     	strb	w5, [x8, #0x4d3]
80083340: 3913550c     	strb	w12, [x8, #0x4d5]
80083344: 3913590b     	strb	w11, [x8, #0x4d6]
80083348: 39135d18     	strb	w24, [x8, #0x4d7]
8008334c: 39136113     	strb	w19, [x8, #0x4d8]
80083350: 3913650b     	strb	w11, [x8, #0x4d9]
80083354: 39136900     	strb	w0, [x8, #0x4da]
80083358: 39136d02     	strb	w2, [x8, #0x4db]
8008335c: 39137110     	strb	w16, [x8, #0x4dc]
80083360: b904f116     	str	w22, [x8, #0x4f0]
80083364: 3913bd1f     	strb	wzr, [x8, #0x4ef]
80083368: 3913b91f     	strb	wzr, [x8, #0x4ee]
8008336c: 3913b51f     	strb	wzr, [x8, #0x4ed]
80083370: 3913b11f     	strb	wzr, [x8, #0x4ec]
80083374: 3913ad1f     	strb	wzr, [x8, #0x4eb]
80083378: 3913a91f     	strb	wzr, [x8, #0x4ea]
8008337c: 3913a51f     	strb	wzr, [x8, #0x4e9]
80083380: 3913a11f     	strb	wzr, [x8, #0x4e8]
80083384: 39139d1f     	strb	wzr, [x8, #0x4e7]
80083388: 3913991f     	strb	wzr, [x8, #0x4e6]
8008338c: 3913951f     	strb	wzr, [x8, #0x4e5]
80083390: 3913911f     	strb	wzr, [x8, #0x4e4]
80083394: 39138d1f     	strb	wzr, [x8, #0x4e3]
80083398: 3913891f     	strb	wzr, [x8, #0x4e2]
8008339c: 3913851f     	strb	wzr, [x8, #0x4e1]
800833a0: 3913811f     	strb	wzr, [x8, #0x4e0]
800833a4: 39137d1f     	strb	wzr, [x8, #0x4df]
800833a8: 3913791f     	strb	wzr, [x8, #0x4de]
800833ac: 3913751f     	strb	wzr, [x8, #0x4dd]
800833b0: 3913311f     	strb	wzr, [x8, #0x4cc]
800833b4: 39131d1f     	strb	wzr, [x8, #0x4c7]
800833b8: 3913191f     	strb	wzr, [x8, #0x4c6]
800833bc: 3913151f     	strb	wzr, [x8, #0x4c5]
800833c0: 3913111f     	strb	wzr, [x8, #0x4c4]
800833c4: 39130d1f     	strb	wzr, [x8, #0x4c3]
800833c8: 3913091f     	strb	wzr, [x8, #0x4c2]
800833cc: 3913051f     	strb	wzr, [x8, #0x4c1]
800833d0: 3913011f     	strb	wzr, [x8, #0x4c0]
800833d4: 3912fd1f     	strb	wzr, [x8, #0x4bf]
800833d8: 3912f91f     	strb	wzr, [x8, #0x4be]
800833dc: 3912f51f     	strb	wzr, [x8, #0x4bd]
800833e0: 3912f11f     	strb	wzr, [x8, #0x4bc]
800833e4: 3912ed1f     	strb	wzr, [x8, #0x4bb]
800833e8: 3912e91f     	strb	wzr, [x8, #0x4ba]
800833ec: 39129d1f     	strb	wzr, [x8, #0x4a7]
800833f0: 3912991f     	strb	wzr, [x8, #0x4a6]
800833f4: 3912951f     	strb	wzr, [x8, #0x4a5]
800833f8: 39127d1f     	strb	wzr, [x8, #0x49f]
800833fc: 3912791f     	strb	wzr, [x8, #0x49e]
80083400: 3912751f     	strb	wzr, [x8, #0x49d]
80083404: 3912711f     	strb	wzr, [x8, #0x49c]
80083408: 39126d1f     	strb	wzr, [x8, #0x49b]
8008340c: 3912691f     	strb	wzr, [x8, #0x49a]
80083410: 3912651f     	strb	wzr, [x8, #0x499]
80083414: 3912611f     	strb	wzr, [x8, #0x498]
80083418: 39125d1f     	strb	wzr, [x8, #0x497]
8008341c: 3912591f     	strb	wzr, [x8, #0x496]
80083420: 3912551f     	strb	wzr, [x8, #0x495]
80083424: 3912511f     	strb	wzr, [x8, #0x494]
80083428: 39124d1f     	strb	wzr, [x8, #0x493]
8008342c: 3912491f     	strb	wzr, [x8, #0x492]
80083430: 3912451f     	strb	wzr, [x8, #0x491]
80083434: 3912411f     	strb	wzr, [x8, #0x490]
80083438: 39123d1f     	strb	wzr, [x8, #0x48f]
8008343c: 3912391f     	strb	wzr, [x8, #0x48e]
80083440: 3912351f     	strb	wzr, [x8, #0x48d]
80083444: 3912311f     	strb	wzr, [x8, #0x48c]
80083448: 39122d1f     	strb	wzr, [x8, #0x48b]
8008344c: 3912291f     	strb	wzr, [x8, #0x48a]
80083450: 3912251f     	strb	wzr, [x8, #0x489]
80083454: 3912211f     	strb	wzr, [x8, #0x488]
80083458: 39121d1f     	strb	wzr, [x8, #0x487]
8008345c: 3912191f     	strb	wzr, [x8, #0x486]
80083460: 3912151f     	strb	wzr, [x8, #0x485]
80083464: 3912111f     	strb	wzr, [x8, #0x484]
80083468: 39120d1f     	strb	wzr, [x8, #0x483]
8008346c: 3911fd1f     	strb	wzr, [x8, #0x47f]
80083470: 3911cd1f     	strb	wzr, [x8, #0x473]
80083474: 3911c91f     	strb	wzr, [x8, #0x472]
80083478: 3911c51f     	strb	wzr, [x8, #0x471]
8008347c: 3911c11f     	strb	wzr, [x8, #0x470]
80083480: 3911bd1f     	strb	wzr, [x8, #0x46f]
80083484: 3911b91f     	strb	wzr, [x8, #0x46e]
80083488: 3911b51f     	strb	wzr, [x8, #0x46d]
8008348c: 3911b11f     	strb	wzr, [x8, #0x46c]
80083490: 3911ad1f     	strb	wzr, [x8, #0x46b]
80083494: 3911a91f     	strb	wzr, [x8, #0x46a]
80083498: 3911a51f     	strb	wzr, [x8, #0x469]
8008349c: 3911a11f     	strb	wzr, [x8, #0x468]
800834a0: 39119d1f     	strb	wzr, [x8, #0x467]
800834a4: 3911991f     	strb	wzr, [x8, #0x466]
800834a8: 3911951f     	strb	wzr, [x8, #0x465]
800834ac: 3911911f     	strb	wzr, [x8, #0x464]
800834b0: 39118d1f     	strb	wzr, [x8, #0x463]
800834b4: 3911891f     	strb	wzr, [x8, #0x462]
800834b8: 3911851f     	strb	wzr, [x8, #0x461]
800834bc: 3911811f     	strb	wzr, [x8, #0x460]
800834c0: 39117d1f     	strb	wzr, [x8, #0x45f]
800834c4: 3911791f     	strb	wzr, [x8, #0x45e]
800834c8: 3911751f     	strb	wzr, [x8, #0x45d]
800834cc: 3911711f     	strb	wzr, [x8, #0x45c]
800834d0: 39116d1f     	strb	wzr, [x8, #0x45b]
800834d4: 3911691f     	strb	wzr, [x8, #0x45a]
800834d8: 3911651f     	strb	wzr, [x8, #0x459]
800834dc: 39114d1f     	strb	wzr, [x8, #0x453]
800834e0: 3911491f     	strb	wzr, [x8, #0x452]
800834e4: 3911451f     	strb	wzr, [x8, #0x451]
800834e8: 3911411f     	strb	wzr, [x8, #0x450]
800834ec: 39111d1f     	strb	wzr, [x8, #0x447]
800834f0: 3911191f     	strb	wzr, [x8, #0x446]
800834f4: 3911151f     	strb	wzr, [x8, #0x445]
800834f8: 3911111f     	strb	wzr, [x8, #0x444]
800834fc: 39110d1f     	strb	wzr, [x8, #0x443]
80083500: 3911091f     	strb	wzr, [x8, #0x442]
80083504: 3911051f     	strb	wzr, [x8, #0x441]
80083508: 3911011f     	strb	wzr, [x8, #0x440]
8008350c: 3910fd1f     	strb	wzr, [x8, #0x43f]
80083510: 3910f91f     	strb	wzr, [x8, #0x43e]
80083514: 3910f51f     	strb	wzr, [x8, #0x43d]
80083518: 3910f11f     	strb	wzr, [x8, #0x43c]
8008351c: 3910ed1f     	strb	wzr, [x8, #0x43b]
80083520: 3910e91f     	strb	wzr, [x8, #0x43a]
80083524: 3910e51f     	strb	wzr, [x8, #0x439]
80083528: 3910e11f     	strb	wzr, [x8, #0x438]
8008352c: 3910dd1f     	strb	wzr, [x8, #0x437]
80083530: 3910d91f     	strb	wzr, [x8, #0x436]
80083534: 3910d51f     	strb	wzr, [x8, #0x435]
80083538: 3910d11f     	strb	wzr, [x8, #0x434]
8008353c: 3910cd1f     	strb	wzr, [x8, #0x433]
80083540: 3910c91f     	strb	wzr, [x8, #0x432]
80083544: 3910c51f     	strb	wzr, [x8, #0x431]
80083548: 3910c11f     	strb	wzr, [x8, #0x430]
8008354c: 3910bd1f     	strb	wzr, [x8, #0x42f]
80083550: 3910b91f     	strb	wzr, [x8, #0x42e]
80083554: 3910b51f     	strb	wzr, [x8, #0x42d]
80083558: 3910b11f     	strb	wzr, [x8, #0x42c]
8008355c: 5280067e     	mov	w30, #0x33              // =51
80083560: 3913d11f     	strb	wzr, [x8, #0x4f4]
80083564: b904251f     	str	wzr, [x8, #0x424]
80083568: 390d5d1f     	strb	wzr, [x8, #0x357]
8008356c: 390d6d1f     	strb	wzr, [x8, #0x35b]
80083570: 52800cfc     	mov	w28, #0x67              // =103
80083574: 391a7d1e     	strb	w30, [x8, #0x69f]
80083578: 390d751f     	strb	wzr, [x8, #0x35d]
8008357c: 390d691c     	strb	w28, [x8, #0x35a]
80083580: 390d591c     	strb	w28, [x8, #0x356]
80083584: 3912091c     	strb	w28, [x8, #0x482]
80083588: 390d791f     	strb	wzr, [x8, #0x35e]
8008358c: 390d7d1f     	strb	wzr, [x8, #0x35f]
80083590: 390d811f     	strb	wzr, [x8, #0x360]
80083594: 390d851f     	strb	wzr, [x8, #0x361]
80083598: 390d891f     	strb	wzr, [x8, #0x362]
8008359c: 390d8d1f     	strb	wzr, [x8, #0x363]
800835a0: 390d911f     	strb	wzr, [x8, #0x364]
800835a4: 390d951f     	strb	wzr, [x8, #0x365]
800835a8: 390d991f     	strb	wzr, [x8, #0x366]
800835ac: 390d9d1f     	strb	wzr, [x8, #0x367]
800835b0: 390da11f     	strb	wzr, [x8, #0x368]
800835b4: 390da51f     	strb	wzr, [x8, #0x369]
800835b8: 390da91f     	strb	wzr, [x8, #0x36a]
800835bc: 390dad1f     	strb	wzr, [x8, #0x36b]
800835c0: 390db11f     	strb	wzr, [x8, #0x36c]
800835c4: 390db51f     	strb	wzr, [x8, #0x36d]
800835c8: 390db91f     	strb	wzr, [x8, #0x36e]
800835cc: 390dbd1f     	strb	wzr, [x8, #0x36f]
800835d0: 390dc11f     	strb	wzr, [x8, #0x370]
800835d4: 390dc51f     	strb	wzr, [x8, #0x371]
800835d8: 390dc91f     	strb	wzr, [x8, #0x372]
800835dc: 390dcd1f     	strb	wzr, [x8, #0x373]
800835e0: 390dd11f     	strb	wzr, [x8, #0x374]
800835e4: 390dd51f     	strb	wzr, [x8, #0x375]
800835e8: 390dd91f     	strb	wzr, [x8, #0x376]
800835ec: 390ddd1f     	strb	wzr, [x8, #0x377]
800835f0: 390df11f     	strb	wzr, [x8, #0x37c]
800835f4: 390df51f     	strb	wzr, [x8, #0x37d]
800835f8: 390df91f     	strb	wzr, [x8, #0x37e]
800835fc: 390dfd1f     	strb	wzr, [x8, #0x37f]
80083600: 390e491f     	strb	wzr, [x8, #0x392]
80083604: 390e4d1f     	strb	wzr, [x8, #0x393]
80083608: 390e511f     	strb	wzr, [x8, #0x394]
8008360c: 390e551f     	strb	wzr, [x8, #0x395]
80083610: 390e591f     	strb	wzr, [x8, #0x396]
80083614: 390e5d1f     	strb	wzr, [x8, #0x397]
80083618: 390e611f     	strb	wzr, [x8, #0x398]
8008361c: 390e651f     	strb	wzr, [x8, #0x399]
80083620: 390e691f     	strb	wzr, [x8, #0x39a]
80083624: 390e6d1f     	strb	wzr, [x8, #0x39b]
80083628: 390e711f     	strb	wzr, [x8, #0x39c]
8008362c: 390e751f     	strb	wzr, [x8, #0x39d]
80083630: 390e791f     	strb	wzr, [x8, #0x39e]
80083634: 390e7d1f     	strb	wzr, [x8, #0x39f]
80083638: 390e911f     	strb	wzr, [x8, #0x3a4]
8008363c: 390d711f     	strb	wzr, [x8, #0x35c]
80083640: 390ed51f     	strb	wzr, [x8, #0x3b5]
80083644: 3914e11f     	strb	wzr, [x8, #0x538]
80083648: 3913e102     	strb	w2, [x8, #0x4f8]
8008364c: 3913e514     	strb	w20, [x8, #0x4f9]
80083650: 3913e904     	strb	w4, [x8, #0x4fa]
80083654: 3913ed02     	strb	w2, [x8, #0x4fb]
80083658: 3913f505     	strb	w5, [x8, #0x4fd]
8008365c: 3913fd0c     	strb	w12, [x8, #0x4ff]
80083660: 3914010b     	strb	w11, [x8, #0x500]
80083664: 39140518     	strb	w24, [x8, #0x501]
80083668: 39140913     	strb	w19, [x8, #0x502]
8008366c: 39140d0b     	strb	w11, [x8, #0x503]
80083670: 39141100     	strb	w0, [x8, #0x504]
80083674: 39141502     	strb	w2, [x8, #0x505]
80083678: 39141910     	strb	w16, [x8, #0x506]
8008367c: 39141d1f     	strb	wzr, [x8, #0x507]
80083680: 3914211f     	strb	wzr, [x8, #0x508]
80083684: 3914251f     	strb	wzr, [x8, #0x509]
80083688: 3919150b     	strb	w11, [x8, #0x645]
8008368c: 3914291f     	strb	wzr, [x8, #0x50a]
80083690: b9064116     	str	w22, [x8, #0x640]
80083694: 3918fd1f     	strb	wzr, [x8, #0x63f]
80083698: 3918f91f     	strb	wzr, [x8, #0x63e]
8008369c: 3918f51f     	strb	wzr, [x8, #0x63d]
800836a0: 3918f11f     	strb	wzr, [x8, #0x63c]
800836a4: 3918ed1f     	strb	wzr, [x8, #0x63b]
800836a8: 3918e91f     	strb	wzr, [x8, #0x63a]
800836ac: 3918e51f     	strb	wzr, [x8, #0x639]
800836b0: 3918e11f     	strb	wzr, [x8, #0x638]
800836b4: 3918dd1f     	strb	wzr, [x8, #0x637]
800836b8: 3918d91f     	strb	wzr, [x8, #0x636]
800836bc: 3918d51f     	strb	wzr, [x8, #0x635]
800836c0: 3918d11f     	strb	wzr, [x8, #0x634]
800836c4: 3918cd1f     	strb	wzr, [x8, #0x633]
800836c8: 3918c91f     	strb	wzr, [x8, #0x632]
800836cc: 3918c51f     	strb	wzr, [x8, #0x631]
800836d0: 3918c11f     	strb	wzr, [x8, #0x630]
800836d4: 3918bd1f     	strb	wzr, [x8, #0x62f]
800836d8: 39232109     	strb	w9, [x8, #0x8c8]
800836dc: 39232509     	strb	w9, [x8, #0x8c9]
800836e0: 52800a09     	mov	w9, #0x50               // =80
800836e4: 39232909     	strb	w9, [x8, #0x8ca]
800836e8: 52800989     	mov	w9, #0x4c               // =76
800836ec: 39232d09     	strb	w9, [x8, #0x8cb]
800836f0: 52800589     	mov	w9, #0x2c               // =44
800836f4: 3922f109     	strb	w9, [x8, #0x8bc]
800836f8: 39233109     	strb	w9, [x8, #0x8cc]
800836fc: 52800d09     	mov	w9, #0x68               // =104
80083700: 39233909     	strb	w9, [x8, #0x8ce]
80083704: 52800b69     	mov	w9, #0x5b               // =91
80083708: 39245909     	strb	w9, [x8, #0x916]
8008370c: 528002a9     	mov	w9, #0x15               // =21
80083710: b9097509     	str	w9, [x8, #0x974]
80083714: 528000e9     	mov	w9, #0x7                // =7
80083718: b9067109     	str	w9, [x8, #0x670]
8008371c: b907c109     	str	w9, [x8, #0x7c0]
80083720: b907ed09     	str	w9, [x8, #0x7ec]
80083724: b9088909     	str	w9, [x8, #0x888]
80083728: b909b109     	str	w9, [x8, #0x9b0]
8008372c: 52800409     	mov	w9, #0x20               // =32
80083730: b909dd09     	str	w9, [x8, #0x9dc]
80083734: 52801789     	mov	w9, #0xbc               // =188
80083738: 39278909     	strb	w9, [x8, #0x9e2]
8008373c: 52800109     	mov	w9, #0x8                // =8
80083740: b906c509     	str	w9, [x8, #0x6c4]
80083744: 39278d09     	strb	w9, [x8, #0x9e3]
80083748: 3927cd09     	strb	w9, [x8, #0x9f3]
8008374c: 52800069     	mov	w9, #0x3                // =3
80083750: b9079909     	str	w9, [x8, #0x798]
80083754: b9079d09     	str	w9, [x8, #0x79c]
80083758: b90a0109     	str	w9, [x8, #0xa00]
8008375c: 52800c89     	mov	w9, #0x64               // =100
80083760: 391b3909     	strb	w9, [x8, #0x6ce]
80083764: 391f3109     	strb	w9, [x8, #0x7cc]
80083768: 3921a109     	strb	w9, [x8, #0x868]
8008376c: 39231509     	strb	w9, [x8, #0x8c5]
80083770: 39234509     	strb	w9, [x8, #0x8d1]
80083774: 39255109     	strb	w9, [x8, #0x954]
80083778: 3928d109     	strb	w9, [x8, #0xa34]
8008377c: 52800ec9     	mov	w9, #0x76               // =118
80083780: 391f3909     	strb	w9, [x8, #0x7ce]
80083784: 3921a909     	strb	w9, [x8, #0x86a]
80083788: 39255909     	strb	w9, [x8, #0x956]
8008378c: 3928d909     	strb	w9, [x8, #0xa36]
80083790: 52800be9     	mov	w9, #0x5f               // =95
80083794: 391f4909     	strb	w9, [x8, #0x7d2]
80083798: 3921b909     	strb	w9, [x8, #0x86e]
8008379c: 39256909     	strb	w9, [x8, #0x95a]
800837a0: 3928e909     	strb	w9, [x8, #0xa3a]
800837a4: 528000c9     	mov	w9, #0x6                // =6
800837a8: 39245d09     	strb	w9, [x8, #0x917]
800837ac: b90a2909     	str	w9, [x8, #0xa28]
800837b0: b90a5509     	str	w9, [x8, #0xa54]
800837b4: 52800209     	mov	w9, #0x10               // =16
800837b8: 3918b910     	strb	w16, [x8, #0x62e]
800837bc: 3918b502     	strb	w2, [x8, #0x62d]
800837c0: 3918b100     	strb	w0, [x8, #0x62c]
800837c4: 3918ad0b     	strb	w11, [x8, #0x62b]
800837c8: 3918a913     	strb	w19, [x8, #0x62a]
800837cc: 3918a518     	strb	w24, [x8, #0x629]
800837d0: 3918a10b     	strb	w11, [x8, #0x628]
800837d4: 39189d0c     	strb	w12, [x8, #0x627]
800837d8: 39142d1f     	strb	wzr, [x8, #0x50b]
800837dc: 39189505     	strb	w5, [x8, #0x625]
800837e0: 3914311f     	strb	wzr, [x8, #0x50c]
800837e4: 39188d02     	strb	w2, [x8, #0x623]
800837e8: 39188904     	strb	w4, [x8, #0x622]
800837ec: 39188514     	strb	w20, [x8, #0x621]
800837f0: 39188102     	strb	w2, [x8, #0x620]
800837f4: 3914351f     	strb	wzr, [x8, #0x50d]
800837f8: 3914391f     	strb	wzr, [x8, #0x50e]
800837fc: 39143d1f     	strb	wzr, [x8, #0x50f]
80083800: 3918711f     	strb	wzr, [x8, #0x61c]
80083804: b9061916     	str	w22, [x8, #0x618]
80083808: 39185d1f     	strb	wzr, [x8, #0x617]
8008380c: 3918591f     	strb	wzr, [x8, #0x616]
80083810: 3918551f     	strb	wzr, [x8, #0x615]
80083814: 3918511f     	strb	wzr, [x8, #0x614]
80083818: 39184d1f     	strb	wzr, [x8, #0x613]
8008381c: 3918491f     	strb	wzr, [x8, #0x612]
80083820: 3918451f     	strb	wzr, [x8, #0x611]
80083824: 3918411f     	strb	wzr, [x8, #0x610]
80083828: 39183d1f     	strb	wzr, [x8, #0x60f]
8008382c: 3918391f     	strb	wzr, [x8, #0x60e]
80083830: 3918351f     	strb	wzr, [x8, #0x60d]
80083834: 3918311f     	strb	wzr, [x8, #0x60c]
80083838: 39182d1f     	strb	wzr, [x8, #0x60b]
8008383c: 3918291f     	strb	wzr, [x8, #0x60a]
80083840: 3918251f     	strb	wzr, [x8, #0x609]
80083844: 3918211f     	strb	wzr, [x8, #0x608]
80083848: 39181d1f     	strb	wzr, [x8, #0x607]
8008384c: 3918191f     	strb	wzr, [x8, #0x606]
80083850: 3918151f     	strb	wzr, [x8, #0x605]
80083854: 39181110     	strb	w16, [x8, #0x604]
80083858: 39180d02     	strb	w2, [x8, #0x603]
8008385c: 39180900     	strb	w0, [x8, #0x602]
80083860: 3918050b     	strb	w11, [x8, #0x601]
80083864: 39180113     	strb	w19, [x8, #0x600]
80083868: 3917fd18     	strb	w24, [x8, #0x5ff]
8008386c: 3917f90b     	strb	w11, [x8, #0x5fe]
80083870: 3917f50c     	strb	w12, [x8, #0x5fd]
80083874: 3914411f     	strb	wzr, [x8, #0x510]
80083878: 3917ed05     	strb	w5, [x8, #0x5fb]
8008387c: 3917e906     	strb	w6, [x8, #0x5fa]
80083880: 3917e513     	strb	w19, [x8, #0x5f9]
80083884: 3917e11b     	strb	w27, [x8, #0x5f8]
80083888: 3914451f     	strb	wzr, [x8, #0x511]
8008388c: 3914491f     	strb	wzr, [x8, #0x512]
80083890: 3917d11f     	strb	wzr, [x8, #0x5f4]
80083894: b905f116     	str	w22, [x8, #0x5f0]
80083898: 3917bd1f     	strb	wzr, [x8, #0x5ef]
8008389c: 3917b91f     	strb	wzr, [x8, #0x5ee]
800838a0: 3917b51f     	strb	wzr, [x8, #0x5ed]
800838a4: 3917b11f     	strb	wzr, [x8, #0x5ec]
800838a8: 3917ad1f     	strb	wzr, [x8, #0x5eb]
800838ac: 3917a91f     	strb	wzr, [x8, #0x5ea]
800838b0: 3917a51f     	strb	wzr, [x8, #0x5e9]
800838b4: 3917a11f     	strb	wzr, [x8, #0x5e8]
800838b8: 39179d1f     	strb	wzr, [x8, #0x5e7]
800838bc: 3917991f     	strb	wzr, [x8, #0x5e6]
800838c0: 3917951f     	strb	wzr, [x8, #0x5e5]
800838c4: 3917911f     	strb	wzr, [x8, #0x5e4]
800838c8: 39178d1f     	strb	wzr, [x8, #0x5e3]
800838cc: 3917891f     	strb	wzr, [x8, #0x5e2]
800838d0: 39178510     	strb	w16, [x8, #0x5e1]
800838d4: 39178102     	strb	w2, [x8, #0x5e0]
800838d8: 39177d00     	strb	w0, [x8, #0x5df]
800838dc: 3917790b     	strb	w11, [x8, #0x5de]
800838e0: 39177513     	strb	w19, [x8, #0x5dd]
800838e4: 39177118     	strb	w24, [x8, #0x5dc]
800838e8: 39176d0b     	strb	w11, [x8, #0x5db]
800838ec: 3917690c     	strb	w12, [x8, #0x5da]
800838f0: 39144d1f     	strb	wzr, [x8, #0x513]
800838f4: 39176105     	strb	w5, [x8, #0x5d8]
800838f8: 39175d0b     	strb	w11, [x8, #0x5d7]
800838fc: 39175906     	strb	w6, [x8, #0x5d6]
80083900: 39175512     	strb	w18, [x8, #0x5d5]
80083904: 3917511b     	strb	w27, [x8, #0x5d4]
80083908: 39174d0b     	strb	w11, [x8, #0x5d3]
8008390c: 3917490d     	strb	w13, [x8, #0x5d2]
80083910: 39174503     	strb	w3, [x8, #0x5d1]
80083914: 39174111     	strb	w17, [x8, #0x5d0]
80083918: 39173d1f     	strb	wzr, [x8, #0x5cf]
8008391c: 3917391f     	strb	wzr, [x8, #0x5ce]
80083920: 3917311f     	strb	wzr, [x8, #0x5cc]
80083924: b905c916     	str	w22, [x8, #0x5c8]
80083928: 39171d1f     	strb	wzr, [x8, #0x5c7]
8008392c: 3917191f     	strb	wzr, [x8, #0x5c6]
80083930: 3917151f     	strb	wzr, [x8, #0x5c5]
80083934: 3917111f     	strb	wzr, [x8, #0x5c4]
80083938: 39170d1f     	strb	wzr, [x8, #0x5c3]
8008393c: 3917091f     	strb	wzr, [x8, #0x5c2]
80083940: 3917051f     	strb	wzr, [x8, #0x5c1]
80083944: 3917011f     	strb	wzr, [x8, #0x5c0]
80083948: 3916fd1f     	strb	wzr, [x8, #0x5bf]
8008394c: 3916f91f     	strb	wzr, [x8, #0x5be]
80083950: 3916f51f     	strb	wzr, [x8, #0x5bd]
80083954: 3916f11f     	strb	wzr, [x8, #0x5bc]
80083958: 3916ed1f     	strb	wzr, [x8, #0x5bb]
8008395c: 3916e91f     	strb	wzr, [x8, #0x5ba]
80083960: 3916e51f     	strb	wzr, [x8, #0x5b9]
80083964: 3916e11f     	strb	wzr, [x8, #0x5b8]
80083968: 3916dd1f     	strb	wzr, [x8, #0x5b7]
8008396c: 3916d91f     	strb	wzr, [x8, #0x5b6]
80083970: 3916d51f     	strb	wzr, [x8, #0x5b5]
80083974: 3916d11f     	strb	wzr, [x8, #0x5b4]
80083978: 3916cd1f     	strb	wzr, [x8, #0x5b3]
8008397c: 3916c91f     	strb	wzr, [x8, #0x5b2]
80083980: 3916c51f     	strb	wzr, [x8, #0x5b1]
80083984: 3916c11f     	strb	wzr, [x8, #0x5b0]
80083988: 3916bd1f     	strb	wzr, [x8, #0x5af]
8008398c: 3916b91f     	strb	wzr, [x8, #0x5ae]
80083990: 3916b51f     	strb	wzr, [x8, #0x5ad]
80083994: 3916b11f     	strb	wzr, [x8, #0x5ac]
80083998: 3916ad1f     	strb	wzr, [x8, #0x5ab]
8008399c: 3916a91c     	strb	w28, [x8, #0x5aa]
800839a0: 3916a50b     	strb	w11, [x8, #0x5a9]
800839a4: 3916a10c     	strb	w12, [x8, #0x5a8]
800839a8: 39169d1f     	strb	wzr, [x8, #0x5a7]
800839ac: 3916990a     	strb	w10, [x8, #0x5a6]
800839b0: 5280020a     	mov	w10, #0x10              // =16
800839b4: 3916950b     	strb	w11, [x8, #0x5a5]
800839b8: 39169107     	strb	w7, [x8, #0x5a4]
800839bc: 39168d07     	strb	w7, [x8, #0x5a3]
800839c0: 39168904     	strb	w4, [x8, #0x5a2]
800839c4: 39168511     	strb	w17, [x8, #0x5a1]
800839c8: 39168106     	strb	w6, [x8, #0x5a0]
800839cc: b9059d0e     	str	w14, [x8, #0x59c]
800839d0: 39166d1f     	strb	wzr, [x8, #0x59b]
800839d4: 3916691f     	strb	wzr, [x8, #0x59a]
800839d8: 3916651f     	strb	wzr, [x8, #0x599]
800839dc: 3916611f     	strb	wzr, [x8, #0x598]
800839e0: 39165d1f     	strb	wzr, [x8, #0x597]
800839e4: 3916591f     	strb	wzr, [x8, #0x596]
800839e8: 3916551f     	strb	wzr, [x8, #0x595]
800839ec: 3916511f     	strb	wzr, [x8, #0x594]
800839f0: 39164d1f     	strb	wzr, [x8, #0x593]
800839f4: 3916491f     	strb	wzr, [x8, #0x592]
800839f8: 3916451f     	strb	wzr, [x8, #0x591]
800839fc: 3916411f     	strb	wzr, [x8, #0x590]
80083a00: 39163d1f     	strb	wzr, [x8, #0x58f]
80083a04: 3916391f     	strb	wzr, [x8, #0x58e]
80083a08: 3916351f     	strb	wzr, [x8, #0x58d]
80083a0c: 3916311f     	strb	wzr, [x8, #0x58c]
80083a10: 39162d1f     	strb	wzr, [x8, #0x58b]
80083a14: 3916291f     	strb	wzr, [x8, #0x58a]
80083a18: 3916251f     	strb	wzr, [x8, #0x589]
80083a1c: 3916211f     	strb	wzr, [x8, #0x588]
80083a20: 39161d1f     	strb	wzr, [x8, #0x587]
80083a24: 3916191f     	strb	wzr, [x8, #0x586]
80083a28: 3916151f     	strb	wzr, [x8, #0x585]
80083a2c: 3916111f     	strb	wzr, [x8, #0x584]
80083a30: 39160d1f     	strb	wzr, [x8, #0x583]
80083a34: 3916091f     	strb	wzr, [x8, #0x582]
80083a38: 3916051f     	strb	wzr, [x8, #0x581]
80083a3c: 3916010b     	strb	w11, [x8, #0x580]
80083a40: 3915fd11     	strb	w17, [x8, #0x57f]
80083a44: 3915f912     	strb	w18, [x8, #0x57e]
80083a48: 3915f511     	strb	w17, [x8, #0x57d]
80083a4c: 3915f106     	strb	w6, [x8, #0x57c]
80083a50: 3915ed1f     	strb	wzr, [x8, #0x57b]
80083a54: 3915e91f     	strb	wzr, [x8, #0x57a]
80083a58: 3915e51f     	strb	wzr, [x8, #0x579]
80083a5c: 3915e11f     	strb	wzr, [x8, #0x578]
80083a60: 3914511f     	strb	wzr, [x8, #0x514]
80083a64: 3915d913     	strb	w19, [x8, #0x576]
80083a68: 3915d507     	strb	w7, [x8, #0x575]
80083a6c: 3915d102     	strb	w2, [x8, #0x574]
80083a70: 3914551f     	strb	wzr, [x8, #0x515]
80083a74: 3915bd1f     	strb	wzr, [x8, #0x56f]
80083a78: 3915b91f     	strb	wzr, [x8, #0x56e]
80083a7c: 3915b51f     	strb	wzr, [x8, #0x56d]
80083a80: 3915b11f     	strb	wzr, [x8, #0x56c]
80083a84: 3915ad1f     	strb	wzr, [x8, #0x56b]
80083a88: 3915a91f     	strb	wzr, [x8, #0x56a]
80083a8c: 3915a51f     	strb	wzr, [x8, #0x569]
80083a90: 3915a11f     	strb	wzr, [x8, #0x568]
80083a94: 39159d1f     	strb	wzr, [x8, #0x567]
80083a98: 3915991f     	strb	wzr, [x8, #0x566]
80083a9c: 3915951f     	strb	wzr, [x8, #0x565]
80083aa0: 3915911f     	strb	wzr, [x8, #0x564]
80083aa4: 39158d1f     	strb	wzr, [x8, #0x563]
80083aa8: 3915891f     	strb	wzr, [x8, #0x562]
80083aac: 3915851f     	strb	wzr, [x8, #0x561]
80083ab0: 3915811f     	strb	wzr, [x8, #0x560]
80083ab4: 39157d1f     	strb	wzr, [x8, #0x55f]
80083ab8: 3915791f     	strb	wzr, [x8, #0x55e]
80083abc: 3915751f     	strb	wzr, [x8, #0x55d]
80083ac0: 3915711f     	strb	wzr, [x8, #0x55c]
80083ac4: 39156d1f     	strb	wzr, [x8, #0x55b]
80083ac8: 3915691f     	strb	wzr, [x8, #0x55a]
80083acc: 3915651f     	strb	wzr, [x8, #0x559]
80083ad0: 3915611f     	strb	wzr, [x8, #0x558]
80083ad4: 39155d1f     	strb	wzr, [x8, #0x557]
80083ad8: 3915591f     	strb	wzr, [x8, #0x556]
80083adc: 3915551f     	strb	wzr, [x8, #0x555]
80083ae0: 3915511f     	strb	wzr, [x8, #0x554]
80083ae4: 39154d0b     	strb	w11, [x8, #0x553]
80083ae8: 3915490d     	strb	w13, [x8, #0x552]
80083aec: 39154512     	strb	w18, [x8, #0x551]
80083af0: 39154100     	strb	w0, [x8, #0x550]
80083af4: b9054d1f     	str	wzr, [x8, #0x54c]
80083af8: 39151d04     	strb	w4, [x8, #0x547]
80083afc: 3914591f     	strb	wzr, [x8, #0x516]
80083b00: 39145d1f     	strb	wzr, [x8, #0x517]
80083b04: b9051916     	str	w22, [x8, #0x518]
80083b08: b9054116     	str	w22, [x8, #0x540]
80083b0c: 3914fd1f     	strb	wzr, [x8, #0x53f]
80083b10: 3914f91f     	strb	wzr, [x8, #0x53e]
80083b14: 3914f51f     	strb	wzr, [x8, #0x53d]
80083b18: 3914f11f     	strb	wzr, [x8, #0x53c]
80083b1c: 3914ed1f     	strb	wzr, [x8, #0x53b]
80083b20: 3914e91f     	strb	wzr, [x8, #0x53a]
80083b24: 3914e51f     	strb	wzr, [x8, #0x539]
80083b28: 3914ad13     	strb	w19, [x8, #0x52b]
80083b2c: 3914a918     	strb	w24, [x8, #0x52a]
80083b30: 391bf11b     	strb	w27, [x8, #0x6fc]
80083b34: 391c811b     	strb	w27, [x8, #0x720]
80083b38: 39226d1b     	strb	w27, [x8, #0x89b]
80083b3c: 39194918     	strb	w24, [x8, #0x652]
80083b40: 391c1118     	strb	w24, [x8, #0x704]
80083b44: 391c9d18     	strb	w24, [x8, #0x727]
80083b48: 391d4518     	strb	w24, [x8, #0x751]
80083b4c: 391de918     	strb	w24, [x8, #0x77a]
80083b50: 3922e118     	strb	w24, [x8, #0x8b8]
80083b54: a9435ff8     	ldp	x24, x23, [sp, #0x30]
80083b58: b9066916     	str	w22, [x8, #0x668]
80083b5c: b906f116     	str	w22, [x8, #0x6f0]
80083b60: b9071916     	str	w22, [x8, #0x718]
80083b64: b9074116     	str	w22, [x8, #0x740]
80083b68: b9076916     	str	w22, [x8, #0x768]
80083b6c: b9079116     	str	w22, [x8, #0x790]
80083b70: b908e916     	str	w22, [x8, #0x8e8]
80083b74: b9092516     	str	w22, [x8, #0x924]
80083b78: b9094d16     	str	w22, [x8, #0x94c]
80083b7c: a94457f6     	ldp	x22, x21, [sp, #0x40]
80083b80: 39194d13     	strb	w19, [x8, #0x653]
80083b84: 391a7913     	strb	w19, [x8, #0x69e]
80083b88: 391c1513     	strb	w19, [x8, #0x705]
80083b8c: 391c8513     	strb	w19, [x8, #0x721]
80083b90: 391ca113     	strb	w19, [x8, #0x728]
80083b94: 391d4913     	strb	w19, [x8, #0x752]
80083b98: 391ded13     	strb	w19, [x8, #0x77b]
80083b9c: 39218113     	strb	w19, [x8, #0x860]
80083ba0: 39230513     	strb	w19, [x8, #0x8c1]
80083ba4: 3925f913     	strb	w19, [x8, #0x97e]
80083ba8: 39265913     	strb	w19, [x8, #0x996]
80083bac: 391d2514     	strb	w20, [x8, #0x749]
80083bb0: 39224514     	strb	w20, [x8, #0x891]
80083bb4: 39227114     	strb	w20, [x8, #0x89c]
80083bb8: 39234914     	strb	w20, [x8, #0x8d2]
80083bbc: 39262114     	strb	w20, [x8, #0x988]
80083bc0: 39262514     	strb	w20, [x8, #0x989]
80083bc4: 39268114     	strb	w20, [x8, #0x9a0]
80083bc8: 39268514     	strb	w20, [x8, #0x9a1]
80083bcc: a9454ff4     	ldp	x20, x19, [sp, #0x50]
80083bd0: 3925411c     	strb	w28, [x8, #0x950]
80083bd4: 39247509     	strb	w9, [x8, #0x91d]
80083bd8: b9091109     	str	w9, [x8, #0x910]
80083bdc: 52801809     	mov	w9, #0xc0               // =192
80083be0: 3928bd0b     	strb	w11, [x8, #0xa2f]
80083be4: 3914dd1f     	strb	wzr, [x8, #0x537]
80083be8: 3914d91f     	strb	wzr, [x8, #0x536]
80083bec: 3914d51f     	strb	wzr, [x8, #0x535]
80083bf0: 3914d11f     	strb	wzr, [x8, #0x534]
80083bf4: 3914cd1f     	strb	wzr, [x8, #0x533]
80083bf8: 3914c91f     	strb	wzr, [x8, #0x532]
80083bfc: 3929891c     	strb	w28, [x8, #0xa62]
80083c00: 3927c909     	strb	w9, [x8, #0x9f2]
80083c04: 392a1909     	strb	w9, [x8, #0xa86]
80083c08: 52800029     	mov	w9, #0x1                // =1
80083c0c: 3914c51f     	strb	wzr, [x8, #0x531]
80083c10: 3914c11f     	strb	wzr, [x8, #0x530]
80083c14: 3914bd10     	strb	w16, [x8, #0x52f]
80083c18: 3914b902     	strb	w2, [x8, #0x52e]
80083c1c: 3914b500     	strb	w0, [x8, #0x52d]
80083c20: 3914b10b     	strb	w11, [x8, #0x52c]
80083c24: 3914a50b     	strb	w11, [x8, #0x529]
80083c28: 3914a10c     	strb	w12, [x8, #0x528]
80083c2c: 3914750b     	strb	w11, [x8, #0x51d]
80083c30: 39149905     	strb	w5, [x8, #0x526]
80083c34: 39149510     	strb	w16, [x8, #0x525]
80083c38: 3914910c     	strb	w12, [x8, #0x524]
80083c3c: 39148d04     	strb	w4, [x8, #0x523]
80083c40: 3914890d     	strb	w13, [x8, #0x522]
80083c44: 3914850b     	strb	w11, [x8, #0x521]
80083c48: 3914810d     	strb	w13, [x8, #0x520]
80083c4c: 3919210d     	strb	w13, [x8, #0x648]
80083c50: 3921cd1f     	strb	wzr, [x8, #0x873]
80083c54: 39193905     	strb	w5, [x8, #0x64e]
80083c58: 391c0105     	strb	w5, [x8, #0x700]
80083c5c: 391c8d05     	strb	w5, [x8, #0x723]
80083c60: 391d3505     	strb	w5, [x8, #0x74d]
80083c64: 391dd905     	strb	w5, [x8, #0x776]
80083c68: 391f1d05     	strb	w5, [x8, #0x7c7]
80083c6c: 391fcd05     	strb	w5, [x8, #0x7f3]
80083c70: 39230105     	strb	w5, [x8, #0x8c0]
80083c74: 39260505     	strb	w5, [x8, #0x981]
80083c78: 39266505     	strb	w5, [x8, #0x999]
80083c7c: 39192d04     	strb	w4, [x8, #0x64b]
80083c80: 3919bd04     	strb	w4, [x8, #0x66f]
80083c84: 391b2904     	strb	w4, [x8, #0x6ca]
80083c88: 391d2904     	strb	w4, [x8, #0x74a]
80083c8c: 391dcd04     	strb	w4, [x8, #0x773]
80083c90: 391e5d04     	strb	w4, [x8, #0x797]
80083c94: 391f2504     	strb	w4, [x8, #0x7c9]
80083c98: 391fd504     	strb	w4, [x8, #0x7f5]
80083c9c: 39225504     	strb	w4, [x8, #0x895]
80083ca0: 3922e904     	strb	w4, [x8, #0x8ba]
80083ca4: 39260d04     	strb	w4, [x8, #0x983]
80083ca8: 39261d04     	strb	w4, [x8, #0x987]
80083cac: 39266d04     	strb	w4, [x8, #0x99b]
80083cb0: 39267d04     	strb	w4, [x8, #0x99f]
80083cb4: 391a9106     	strb	w6, [x8, #0x6a4]
80083cb8: 391b2106     	strb	w6, [x8, #0x6c8]
80083cbc: 391bf906     	strb	w6, [x8, #0x6fe]
80083cc0: 391c8906     	strb	w6, [x8, #0x722]
80083cc4: 391ff506     	strb	w6, [x8, #0x7fd]
80083cc8: 39223106     	strb	w6, [x8, #0x88c]
80083ccc: 3922f906     	strb	w6, [x8, #0x8be]
80083cd0: 3926d906     	strb	w6, [x8, #0x9b6]
80083cd4: 39195500     	strb	w0, [x8, #0x655]
80083cd8: 3919e100     	strb	w0, [x8, #0x678]
80083cdc: 391c1d00     	strb	w0, [x8, #0x707]
80083ce0: 391ca900     	strb	w0, [x8, #0x72a]
80083ce4: 391d5100     	strb	w0, [x8, #0x754]
80083ce8: 391df500     	strb	w0, [x8, #0x77d]
80083cec: 391e8100     	strb	w0, [x8, #0x7a0]
80083cf0: 391fe900     	strb	w0, [x8, #0x7fa]
80083cf4: 3920f100     	strb	w0, [x8, #0x83c]
80083cf8: 39234100     	strb	w0, [x8, #0x8d0]
80083cfc: 3924b100     	strb	w0, [x8, #0x92c]
80083d00: 3925e500     	strb	w0, [x8, #0x979]
80083d04: 39261100     	strb	w0, [x8, #0x984]
80083d08: 39264500     	strb	w0, [x8, #0x991]
80083d0c: 39267100     	strb	w0, [x8, #0x99c]
80083d10: 39282100     	strb	w0, [x8, #0xa08]
80083d14: 52815280     	mov	w0, #0xa94              // =2708
80083d18: 3919e512     	strb	w18, [x8, #0x679]
80083d1c: 391a9912     	strb	w18, [x8, #0x6a6]
80083d20: 391bf512     	strb	w18, [x8, #0x6fd]
80083d24: 391e8512     	strb	w18, [x8, #0x7a1]
80083d28: 391f1112     	strb	w18, [x8, #0x7c4]
80083d2c: 391fc112     	strb	w18, [x8, #0x7f0]
80083d30: 391fe512     	strb	w18, [x8, #0x7f9]
80083d34: 3920f512     	strb	w18, [x8, #0x83d]
80083d38: 39218512     	strb	w18, [x8, #0x861]
80083d3c: 39224112     	strb	w18, [x8, #0x890]
80083d40: 39226112     	strb	w18, [x8, #0x898]
80083d44: 39230912     	strb	w18, [x8, #0x8c2]
80083d48: 39233d12     	strb	w18, [x8, #0x8cf]
80083d4c: 3924b512     	strb	w18, [x8, #0x92d]
80083d50: 3926d512     	strb	w18, [x8, #0x9b5]
80083d54: 39282512     	strb	w18, [x8, #0xa09]
80083d58: 39195902     	strb	w2, [x8, #0x656]
80083d5c: 391a7102     	strb	w2, [x8, #0x69c]
80083d60: 391c2102     	strb	w2, [x8, #0x708]
80083d64: 391cad02     	strb	w2, [x8, #0x72b]
80083d68: 391d2102     	strb	w2, [x8, #0x748]
80083d6c: 391d2d02     	strb	w2, [x8, #0x74b]
80083d70: 391d5502     	strb	w2, [x8, #0x755]
80083d74: 391df902     	strb	w2, [x8, #0x77e]
80083d78: 391f4102     	strb	w2, [x8, #0x7d0]
80083d7c: 3921b102     	strb	w2, [x8, #0x86c]
80083d80: 39225102     	strb	w2, [x8, #0x894]
80083d84: 3922e502     	strb	w2, [x8, #0x8b9]
80083d88: 39254902     	strb	w2, [x8, #0x952]
80083d8c: 39256102     	strb	w2, [x8, #0x958]
80083d90: 39260902     	strb	w2, [x8, #0x982]
80083d94: 39266902     	strb	w2, [x8, #0x99a]
80083d98: 3928e102     	strb	w2, [x8, #0xa38]
80083d9c: 39193510     	strb	w16, [x8, #0x64d]
80083da0: 39195d10     	strb	w16, [x8, #0x657]
80083da4: 391c2510     	strb	w16, [x8, #0x709]
80083da8: 391cb110     	strb	w16, [x8, #0x72c]
80083dac: 391d5910     	strb	w16, [x8, #0x756]
80083db0: 391dd510     	strb	w16, [x8, #0x775]
80083db4: 391dfd10     	strb	w16, [x8, #0x77f]
80083db8: 391f5110     	strb	w16, [x8, #0x7d4]
80083dbc: 3921c110     	strb	w16, [x8, #0x870]
80083dc0: 39257110     	strb	w16, [x8, #0x95c]
80083dc4: 3928f110     	strb	w16, [x8, #0xa3c]
80083dc8: 391a7507     	strb	w7, [x8, #0x69d]
80083dcc: 391b2d07     	strb	w7, [x8, #0x6cb]
80083dd0: 391b3107     	strb	w7, [x8, #0x6cc]
80083dd4: 391f5507     	strb	w7, [x8, #0x7d5]
80083dd8: 3921c507     	strb	w7, [x8, #0x871]
80083ddc: 39225d07     	strb	w7, [x8, #0x897]
80083de0: 39233507     	strb	w7, [x8, #0x8cd]
80083de4: 39257507     	strb	w7, [x8, #0x95d]
80083de8: 3925fd07     	strb	w7, [x8, #0x97f]
80083dec: 39265d07     	strb	w7, [x8, #0x997]
80083df0: 3928f507     	strb	w7, [x8, #0xa3d]
80083df4: 391a9511     	strb	w17, [x8, #0x6a5]
80083df8: 391a9d11     	strb	w17, [x8, #0x6a7]
80083dfc: 391b2511     	strb	w17, [x8, #0x6c9]
80083e00: 391be111     	strb	w17, [x8, #0x6f8]
80083e04: 391f4d11     	strb	w17, [x8, #0x7d3]
80083e08: 39218d11     	strb	w17, [x8, #0x863]
80083e0c: 3921bd11     	strb	w17, [x8, #0x86f]
80083e10: 39226511     	strb	w17, [x8, #0x899]
80083e14: 39231111     	strb	w17, [x8, #0x8c4]
80083e18: 39256d11     	strb	w17, [x8, #0x95b]
80083e1c: 3925e911     	strb	w17, [x8, #0x97a]
80083e20: 39260111     	strb	w17, [x8, #0x980]
80083e24: 39261511     	strb	w17, [x8, #0x985]
80083e28: 39264911     	strb	w17, [x8, #0x992]
80083e2c: 39266111     	strb	w17, [x8, #0x998]
80083e30: 39267511     	strb	w17, [x8, #0x99d]
80083e34: 3926dd11     	strb	w17, [x8, #0x9b7]
80083e38: 3928b111     	strb	w17, [x8, #0xa2c]
80083e3c: 3928ed11     	strb	w17, [x8, #0xa3b]
80083e40: 39296111     	strb	w17, [x8, #0xa58]
80083e44: 391be503     	strb	w3, [x8, #0x6f9]
80083e48: 391f2103     	strb	w3, [x8, #0x7c8]
80083e4c: 391f3d03     	strb	w3, [x8, #0x7cf]
80083e50: 391fd103     	strb	w3, [x8, #0x7f4]
80083e54: 3921ad03     	strb	w3, [x8, #0x86b]
80083e58: 39223d03     	strb	w3, [x8, #0x88f]
80083e5c: 39226903     	strb	w3, [x8, #0x89a]
80083e60: 39254503     	strb	w3, [x8, #0x951]
80083e64: 39255d03     	strb	w3, [x8, #0x957]
80083e68: 3925e103     	strb	w3, [x8, #0x978]
80083e6c: 39264103     	strb	w3, [x8, #0x990]
80083e70: 3928b503     	strb	w3, [x8, #0xa2d]
80083e74: 3928dd03     	strb	w3, [x8, #0xa37]
80083e78: 39296503     	strb	w3, [x8, #0xa59]
80083e7c: 3919290d     	strb	w13, [x8, #0x64a]
80083e80: 3919e90d     	strb	w13, [x8, #0x67a]
80083e84: 391be90d     	strb	w13, [x8, #0x6fa]
80083e88: 391dc10d     	strb	w13, [x8, #0x770]
80083e8c: 391dc90d     	strb	w13, [x8, #0x772]
80083e90: 391e890d     	strb	w13, [x8, #0x7a2]
80083e94: 391f190d     	strb	w13, [x8, #0x7c6]
80083e98: 391fc90d     	strb	w13, [x8, #0x7f2]
80083e9c: 3920f90d     	strb	w13, [x8, #0x83e]
80083ea0: 3922590d     	strb	w13, [x8, #0x896]
80083ea4: 3922ed0d     	strb	w13, [x8, #0x8bb]
80083ea8: 3922f50d     	strb	w13, [x8, #0x8bd]
80083eac: 3922fd0d     	strb	w13, [x8, #0x8bf]
80083eb0: 3923190d     	strb	w13, [x8, #0x8c6]
80083eb4: 3924b90d     	strb	w13, [x8, #0x92e]
80083eb8: 3925ed0b     	strb	w11, [x8, #0x97b]
80083ebc: 3925f50c     	strb	w12, [x8, #0x97d]
80083ec0: 3925f10c     	strb	w12, [x8, #0x97c]
80083ec4: 3926d10d     	strb	w13, [x8, #0x9b4]
80083ec8: 3928290d     	strb	w13, [x8, #0xa0a]
80083ecc: 3928b90d     	strb	w13, [x8, #0xa2e]
80083ed0: 3929690d     	strb	w13, [x8, #0xa5a]
80083ed4: 3919310c     	strb	w12, [x8, #0x64c]
80083ed8: 3925cd1f     	strb	wzr, [x8, #0x973]
80083edc: 3925c91f     	strb	wzr, [x8, #0x972]
80083ee0: 3925c51f     	strb	wzr, [x8, #0x971]
80083ee4: 3925c11f     	strb	wzr, [x8, #0x970]
80083ee8: 3925bd1f     	strb	wzr, [x8, #0x96f]
80083eec: 3925b91f     	strb	wzr, [x8, #0x96e]
80083ef0: 3925b51f     	strb	wzr, [x8, #0x96d]
80083ef4: 3925b11f     	strb	wzr, [x8, #0x96c]
80083ef8: 3925ad1f     	strb	wzr, [x8, #0x96b]
80083efc: 3925a91f     	strb	wzr, [x8, #0x96a]
80083f00: 3925a51f     	strb	wzr, [x8, #0x969]
80083f04: 3925a11f     	strb	wzr, [x8, #0x968]
80083f08: 39259d1f     	strb	wzr, [x8, #0x967]
80083f0c: 3925991f     	strb	wzr, [x8, #0x966]
80083f10: 3925951f     	strb	wzr, [x8, #0x965]
80083f14: 3925911f     	strb	wzr, [x8, #0x964]
80083f18: 39258d1f     	strb	wzr, [x8, #0x963]
80083f1c: 3925891f     	strb	wzr, [x8, #0x962]
80083f20: 3925851f     	strb	wzr, [x8, #0x961]
80083f24: 3925811f     	strb	wzr, [x8, #0x960]
80083f28: 39257d1f     	strb	wzr, [x8, #0x95f]
80083f2c: 3925790b     	strb	w11, [x8, #0x95e]
80083f30: 3919410c     	strb	w12, [x8, #0x650]
80083f34: 391b410c     	strb	w12, [x8, #0x6d0]
80083f38: 391c090c     	strb	w12, [x8, #0x702]
80083f3c: 391c950c     	strb	w12, [x8, #0x725]
80083f40: 3925650b     	strb	w11, [x8, #0x959]
80083f44: 391d3d0c     	strb	w12, [x8, #0x74f]
80083f48: 391dd10c     	strb	w12, [x8, #0x774]
80083f4c: 391de10c     	strb	w12, [x8, #0x778]
80083f50: 3925550b     	strb	w11, [x8, #0x955]
80083f54: 391f150c     	strb	w12, [x8, #0x7c5]
80083f58: 39254d1f     	strb	wzr, [x8, #0x953]
80083f5c: 391fc50c     	strb	w12, [x8, #0x7f1]
80083f60: 391fe10c     	strb	w12, [x8, #0x7f8]
80083f64: 3921890c     	strb	w12, [x8, #0x862]
80083f68: 39252d1f     	strb	wzr, [x8, #0x94b]
80083f6c: 3925291f     	strb	wzr, [x8, #0x94a]
80083f70: 3925251f     	strb	wzr, [x8, #0x949]
80083f74: 3925211f     	strb	wzr, [x8, #0x948]
80083f78: 39251d1f     	strb	wzr, [x8, #0x947]
80083f7c: 3925191f     	strb	wzr, [x8, #0x946]
80083f80: 3925151f     	strb	wzr, [x8, #0x945]
80083f84: 3925111f     	strb	wzr, [x8, #0x944]
80083f88: 39250d1f     	strb	wzr, [x8, #0x943]
80083f8c: 3925091f     	strb	wzr, [x8, #0x942]
80083f90: 3925051f     	strb	wzr, [x8, #0x941]
80083f94: 3925011f     	strb	wzr, [x8, #0x940]
80083f98: 3924fd1f     	strb	wzr, [x8, #0x93f]
80083f9c: 3924f91f     	strb	wzr, [x8, #0x93e]
80083fa0: 3924f51f     	strb	wzr, [x8, #0x93d]
80083fa4: 3924f11f     	strb	wzr, [x8, #0x93c]
80083fa8: 3924ed1f     	strb	wzr, [x8, #0x93b]
80083fac: 3924e91f     	strb	wzr, [x8, #0x93a]
80083fb0: 3924e51f     	strb	wzr, [x8, #0x939]
80083fb4: 3924e11f     	strb	wzr, [x8, #0x938]
80083fb8: 3924dd1f     	strb	wzr, [x8, #0x937]
80083fbc: 3924d91f     	strb	wzr, [x8, #0x936]
80083fc0: 3924d51f     	strb	wzr, [x8, #0x935]
80083fc4: 3924d11f     	strb	wzr, [x8, #0x934]
80083fc8: 3924cd1f     	strb	wzr, [x8, #0x933]
80083fcc: 3924c91f     	strb	wzr, [x8, #0x932]
80083fd0: 3924c51f     	strb	wzr, [x8, #0x931]
80083fd4: 3924c11f     	strb	wzr, [x8, #0x930]
80083fd8: 3924bd0b     	strb	w11, [x8, #0x92f]
80083fdc: 3922390c     	strb	w12, [x8, #0x88e]
80083fe0: 39230d0c     	strb	w12, [x8, #0x8c3]
80083fe4: 39234d0b     	strb	w11, [x8, #0x8d3]
80083fe8: b909291f     	str	wzr, [x8, #0x928]
80083fec: 3923b10a     	strb	w10, [x8, #0x8ec]
80083ff0: b908b50a     	str	w10, [x8, #0x8b4]
80083ff4: 39282d0b     	strb	w11, [x8, #0xa0b]
80083ff8: 3928d50b     	strb	w11, [x8, #0xa35]
80083ffc: 3928e50b     	strb	w11, [x8, #0xa39]
80084000: 3928f90b     	strb	w11, [x8, #0xa3e]
80084004: 39296d0b     	strb	w11, [x8, #0xa5b]
80084008: 3929850b     	strb	w11, [x8, #0xa61]
8008400c: 391bd109     	strb	w9, [x8, #0x6f4]
80084010: 39219d1f     	strb	wzr, [x8, #0x867]
80084014: 3921991f     	strb	wzr, [x8, #0x866]
80084018: 3921951f     	strb	wzr, [x8, #0x865]
8008401c: 3921911f     	strb	wzr, [x8, #0x864]
80084020: 391bd509     	strb	w9, [x8, #0x6f5]
80084024: 391c7d09     	strb	w9, [x8, #0x71f]
80084028: 39209d09     	strb	w9, [x8, #0x827]
8008402c: 3927a909     	strb	w9, [x8, #0x9ea]
80084030: 392a1d09     	strb	w9, [x8, #0xa87]
80084034: 39216d1f     	strb	wzr, [x8, #0x85b]
80084038: 3921691f     	strb	wzr, [x8, #0x85a]
8008403c: 3921651f     	strb	wzr, [x8, #0x859]
80084040: 3921611f     	strb	wzr, [x8, #0x858]
80084044: 39215d1f     	strb	wzr, [x8, #0x857]
80084048: 3921591f     	strb	wzr, [x8, #0x856]
8008404c: 3921551f     	strb	wzr, [x8, #0x855]
80084050: 3921511f     	strb	wzr, [x8, #0x854]
80084054: 39214d1f     	strb	wzr, [x8, #0x853]
80084058: 3921491f     	strb	wzr, [x8, #0x852]
8008405c: 3921451f     	strb	wzr, [x8, #0x851]
80084060: 3921411f     	strb	wzr, [x8, #0x850]
80084064: 39213d1f     	strb	wzr, [x8, #0x84f]
80084068: 3921391f     	strb	wzr, [x8, #0x84e]
8008406c: 3921351f     	strb	wzr, [x8, #0x84d]
80084070: 3921311f     	strb	wzr, [x8, #0x84c]
80084074: 39212d1f     	strb	wzr, [x8, #0x84b]
80084078: 3921291f     	strb	wzr, [x8, #0x84a]
8008407c: 3921251f     	strb	wzr, [x8, #0x849]
80084080: 3921211f     	strb	wzr, [x8, #0x848]
80084084: 39211d1f     	strb	wzr, [x8, #0x847]
80084088: 3921191f     	strb	wzr, [x8, #0x846]
8008408c: 3921151f     	strb	wzr, [x8, #0x845]
80084090: 3921111f     	strb	wzr, [x8, #0x844]
80084094: 39210d1f     	strb	wzr, [x8, #0x843]
80084098: 3921091f     	strb	wzr, [x8, #0x842]
8008409c: 3921051f     	strb	wzr, [x8, #0x841]
800840a0: 3921011f     	strb	wzr, [x8, #0x840]
800840a4: 3919611f     	strb	wzr, [x8, #0x658]
800840a8: 3919651f     	strb	wzr, [x8, #0x659]
800840ac: 3919691f     	strb	wzr, [x8, #0x65a]
800840b0: 39196d1f     	strb	wzr, [x8, #0x65b]
800840b4: b908391f     	str	wzr, [x8, #0x838]
800840b8: 3919711f     	strb	wzr, [x8, #0x65c]
800840bc: 3920cd1f     	strb	wzr, [x8, #0x833]
800840c0: 3920c91f     	strb	wzr, [x8, #0x832]
800840c4: 3920c51f     	strb	wzr, [x8, #0x831]
800840c8: 3920c11f     	strb	wzr, [x8, #0x830]
800840cc: 3920bd0a     	strb	w10, [x8, #0x82f]
800840d0: 3920b91f     	strb	wzr, [x8, #0x82e]
800840d4: 3920b51f     	strb	wzr, [x8, #0x82d]
800840d8: 3920b11f     	strb	wzr, [x8, #0x82c]
800840dc: 3920ad1f     	strb	wzr, [x8, #0x82b]
800840e0: 3920a91f     	strb	wzr, [x8, #0x82a]
800840e4: 3920a51f     	strb	wzr, [x8, #0x829]
800840e8: 3920a11f     	strb	wzr, [x8, #0x828]
800840ec: 3919751f     	strb	wzr, [x8, #0x65d]
800840f0: 3920991f     	strb	wzr, [x8, #0x826]
800840f4: 3920951f     	strb	wzr, [x8, #0x825]
800840f8: 3920911f     	strb	wzr, [x8, #0x824]
800840fc: 39208d1f     	strb	wzr, [x8, #0x823]
80084100: 3920891f     	strb	wzr, [x8, #0x822]
80084104: 3920851f     	strb	wzr, [x8, #0x821]
80084108: 3920811f     	strb	wzr, [x8, #0x820]
8008410c: 39207d1f     	strb	wzr, [x8, #0x81f]
80084110: 3920791f     	strb	wzr, [x8, #0x81e]
80084114: 3920751f     	strb	wzr, [x8, #0x81d]
80084118: 3920711f     	strb	wzr, [x8, #0x81c]
8008411c: 3919791f     	strb	wzr, [x8, #0x65e]
80084120: 39205d1f     	strb	wzr, [x8, #0x817]
80084124: 3920591f     	strb	wzr, [x8, #0x816]
80084128: 3920551f     	strb	wzr, [x8, #0x815]
8008412c: 3920511f     	strb	wzr, [x8, #0x814]
80084130: 39204d1f     	strb	wzr, [x8, #0x813]
80084134: 3920491f     	strb	wzr, [x8, #0x812]
80084138: 3920451f     	strb	wzr, [x8, #0x811]
8008413c: 3920411f     	strb	wzr, [x8, #0x810]
80084140: 39203d1f     	strb	wzr, [x8, #0x80f]
80084144: 3920391f     	strb	wzr, [x8, #0x80e]
80084148: 3920351f     	strb	wzr, [x8, #0x80d]
8008414c: 3920311f     	strb	wzr, [x8, #0x80c]
80084150: 39202d1f     	strb	wzr, [x8, #0x80b]
80084154: 3920291f     	strb	wzr, [x8, #0x80a]
80084158: 3920251f     	strb	wzr, [x8, #0x809]
8008415c: 3920211f     	strb	wzr, [x8, #0x808]
80084160: 39201d1f     	strb	wzr, [x8, #0x807]
80084164: 3920191f     	strb	wzr, [x8, #0x806]
80084168: 3920151f     	strb	wzr, [x8, #0x805]
8008416c: 3920111f     	strb	wzr, [x8, #0x804]
80084170: 39200d1f     	strb	wzr, [x8, #0x803]
80084174: 3920091f     	strb	wzr, [x8, #0x802]
80084178: 3920051f     	strb	wzr, [x8, #0x801]
8008417c: 3920011f     	strb	wzr, [x8, #0x800]
80084180: 391ffd1f     	strb	wzr, [x8, #0x7ff]
80084184: 391ff91f     	strb	wzr, [x8, #0x7fe]
80084188: 39197d1f     	strb	wzr, [x8, #0x65f]
8008418c: 3919811f     	strb	wzr, [x8, #0x660]
80084190: 3919851f     	strb	wzr, [x8, #0x661]
80084194: 3919891f     	strb	wzr, [x8, #0x662]
80084198: 39198d1f     	strb	wzr, [x8, #0x663]
8008419c: 3919911f     	strb	wzr, [x8, #0x664]
800841a0: 391fdd1f     	strb	wzr, [x8, #0x7f7]
800841a4: 391fd91f     	strb	wzr, [x8, #0x7f6]
800841a8: 3919951f     	strb	wzr, [x8, #0x665]
800841ac: 3919991f     	strb	wzr, [x8, #0x666]
800841b0: 39199d1f     	strb	wzr, [x8, #0x667]
800841b4: b906751f     	str	wzr, [x8, #0x674]
800841b8: 3919f11f     	strb	wzr, [x8, #0x67c]
800841bc: 3919f51f     	strb	wzr, [x8, #0x67d]
800841c0: 3919f91f     	strb	wzr, [x8, #0x67e]
800841c4: 391fad1f     	strb	wzr, [x8, #0x7eb]
800841c8: 391fa91f     	strb	wzr, [x8, #0x7ea]
800841cc: 391fa51f     	strb	wzr, [x8, #0x7e9]
800841d0: 391fa11f     	strb	wzr, [x8, #0x7e8]
800841d4: 391f9d1f     	strb	wzr, [x8, #0x7e7]
800841d8: 391f991f     	strb	wzr, [x8, #0x7e6]
800841dc: 391f951f     	strb	wzr, [x8, #0x7e5]
800841e0: 391f911f     	strb	wzr, [x8, #0x7e4]
800841e4: 391f8d1f     	strb	wzr, [x8, #0x7e3]
800841e8: 391f891f     	strb	wzr, [x8, #0x7e2]
800841ec: 391f851f     	strb	wzr, [x8, #0x7e1]
800841f0: 391f811f     	strb	wzr, [x8, #0x7e0]
800841f4: 391f7d1f     	strb	wzr, [x8, #0x7df]
800841f8: 391f791f     	strb	wzr, [x8, #0x7de]
800841fc: 391f751f     	strb	wzr, [x8, #0x7dd]
80084200: 391f711f     	strb	wzr, [x8, #0x7dc]
80084204: 391f6d1f     	strb	wzr, [x8, #0x7db]
80084208: 391f691f     	strb	wzr, [x8, #0x7da]
8008420c: 391f651f     	strb	wzr, [x8, #0x7d9]
80084210: 391f611f     	strb	wzr, [x8, #0x7d8]
80084214: 391f5d1f     	strb	wzr, [x8, #0x7d7]
80084218: 3919fd1f     	strb	wzr, [x8, #0x67f]
8008421c: 391a011f     	strb	wzr, [x8, #0x680]
80084220: 391a051f     	strb	wzr, [x8, #0x681]
80084224: 391a091f     	strb	wzr, [x8, #0x682]
80084228: 391a0d1f     	strb	wzr, [x8, #0x683]
8008422c: 391a111f     	strb	wzr, [x8, #0x684]
80084230: 391a151f     	strb	wzr, [x8, #0x685]
80084234: 391a191f     	strb	wzr, [x8, #0x686]
80084238: 391a1d1f     	strb	wzr, [x8, #0x687]
8008423c: 391a211f     	strb	wzr, [x8, #0x688]
80084240: 391a251f     	strb	wzr, [x8, #0x689]
80084244: 391f2d1f     	strb	wzr, [x8, #0x7cb]
80084248: 391f291f     	strb	wzr, [x8, #0x7ca]
8008424c: 391a291f     	strb	wzr, [x8, #0x68a]
80084250: 391a2d1f     	strb	wzr, [x8, #0x68b]
80084254: 391a311f     	strb	wzr, [x8, #0x68c]
80084258: 391a351f     	strb	wzr, [x8, #0x68d]
8008425c: 391a391f     	strb	wzr, [x8, #0x68e]
80084260: 391a3d1f     	strb	wzr, [x8, #0x68f]
80084264: 391a411f     	strb	wzr, [x8, #0x690]
80084268: 391efd1f     	strb	wzr, [x8, #0x7bf]
8008426c: 391ef91f     	strb	wzr, [x8, #0x7be]
80084270: 391ef51f     	strb	wzr, [x8, #0x7bd]
80084274: 391ef11f     	strb	wzr, [x8, #0x7bc]
80084278: 391eed1f     	strb	wzr, [x8, #0x7bb]
8008427c: 391ee91f     	strb	wzr, [x8, #0x7ba]
80084280: 391ee51f     	strb	wzr, [x8, #0x7b9]
80084284: 391ee11f     	strb	wzr, [x8, #0x7b8]
80084288: 391edd1f     	strb	wzr, [x8, #0x7b7]
8008428c: 391ed91f     	strb	wzr, [x8, #0x7b6]
80084290: 391ed51f     	strb	wzr, [x8, #0x7b5]
80084294: 391ed11f     	strb	wzr, [x8, #0x7b4]
80084298: 391ecd1f     	strb	wzr, [x8, #0x7b3]
8008429c: 391ec91f     	strb	wzr, [x8, #0x7b2]
800842a0: 391ec51f     	strb	wzr, [x8, #0x7b1]
800842a4: 391ec11f     	strb	wzr, [x8, #0x7b0]
800842a8: 391ebd1f     	strb	wzr, [x8, #0x7af]
800842ac: 391eb91f     	strb	wzr, [x8, #0x7ae]
800842b0: 391eb51f     	strb	wzr, [x8, #0x7ad]
800842b4: 391eb11f     	strb	wzr, [x8, #0x7ac]
800842b8: 391ead1f     	strb	wzr, [x8, #0x7ab]
800842bc: 391ea91f     	strb	wzr, [x8, #0x7aa]
800842c0: 391ea51f     	strb	wzr, [x8, #0x7a9]
800842c4: 391ea11f     	strb	wzr, [x8, #0x7a8]
800842c8: 391e9d1f     	strb	wzr, [x8, #0x7a7]
800842cc: 391e991f     	strb	wzr, [x8, #0x7a6]
800842d0: 391e951f     	strb	wzr, [x8, #0x7a5]
800842d4: 391e911f     	strb	wzr, [x8, #0x7a4]
800842d8: 391a451f     	strb	wzr, [x8, #0x691]
800842dc: 391a491f     	strb	wzr, [x8, #0x692]
800842e0: 391a4d1f     	strb	wzr, [x8, #0x693]
800842e4: 391a511f     	strb	wzr, [x8, #0x694]
800842e8: 391a551f     	strb	wzr, [x8, #0x695]
800842ec: 391a591f     	strb	wzr, [x8, #0x696]
800842f0: 391a5d1f     	strb	wzr, [x8, #0x697]
800842f4: 391a811f     	strb	wzr, [x8, #0x6a0]
800842f8: 391a851f     	strb	wzr, [x8, #0x6a1]
800842fc: 391a891f     	strb	wzr, [x8, #0x6a2]
80084300: 391a8d1f     	strb	wzr, [x8, #0x6a3]
80084304: 391e3d1f     	strb	wzr, [x8, #0x78f]
80084308: 391e391f     	strb	wzr, [x8, #0x78e]
8008430c: 391e351f     	strb	wzr, [x8, #0x78d]
80084310: 391e311f     	strb	wzr, [x8, #0x78c]
80084314: 391e2d1f     	strb	wzr, [x8, #0x78b]
80084318: 391e291f     	strb	wzr, [x8, #0x78a]
8008431c: 391e251f     	strb	wzr, [x8, #0x789]
80084320: 391e211f     	strb	wzr, [x8, #0x788]
80084324: 391e1d1f     	strb	wzr, [x8, #0x787]
80084328: 391e191f     	strb	wzr, [x8, #0x786]
8008432c: 391e151f     	strb	wzr, [x8, #0x785]
80084330: 391e111f     	strb	wzr, [x8, #0x784]
80084334: 391e0d1f     	strb	wzr, [x8, #0x783]
80084338: 391e091f     	strb	wzr, [x8, #0x782]
8008433c: 391e051f     	strb	wzr, [x8, #0x781]
80084340: 391e011f     	strb	wzr, [x8, #0x780]
80084344: 391aa51f     	strb	wzr, [x8, #0x6a9]
80084348: 391aa91f     	strb	wzr, [x8, #0x6aa]
8008434c: 391aad1f     	strb	wzr, [x8, #0x6ab]
80084350: 391ab11f     	strb	wzr, [x8, #0x6ac]
80084354: 391ab51f     	strb	wzr, [x8, #0x6ad]
80084358: 391ab91f     	strb	wzr, [x8, #0x6ae]
8008435c: 391abd1f     	strb	wzr, [x8, #0x6af]
80084360: 391ac11f     	strb	wzr, [x8, #0x6b0]
80084364: 391ac51f     	strb	wzr, [x8, #0x6b1]
80084368: 391ac91f     	strb	wzr, [x8, #0x6b2]
8008436c: 391acd1f     	strb	wzr, [x8, #0x6b3]
80084370: 391ad11f     	strb	wzr, [x8, #0x6b4]
80084374: 391ad51f     	strb	wzr, [x8, #0x6b5]
80084378: 391ad91f     	strb	wzr, [x8, #0x6b6]
8008437c: 391add1f     	strb	wzr, [x8, #0x6b7]
80084380: 391ae11f     	strb	wzr, [x8, #0x6b8]
80084384: 391ae51f     	strb	wzr, [x8, #0x6b9]
80084388: 391ae91f     	strb	wzr, [x8, #0x6ba]
8008438c: 391aed1f     	strb	wzr, [x8, #0x6bb]
80084390: 391af11f     	strb	wzr, [x8, #0x6bc]
80084394: 391af51f     	strb	wzr, [x8, #0x6bd]
80084398: 391d9d1f     	strb	wzr, [x8, #0x767]
8008439c: 391d991f     	strb	wzr, [x8, #0x766]
800843a0: 391d951f     	strb	wzr, [x8, #0x765]
800843a4: 391d911f     	strb	wzr, [x8, #0x764]
800843a8: 391d8d1f     	strb	wzr, [x8, #0x763]
800843ac: 391d891f     	strb	wzr, [x8, #0x762]
800843b0: 391d851f     	strb	wzr, [x8, #0x761]
800843b4: 391d811f     	strb	wzr, [x8, #0x760]
800843b8: 391d7d1f     	strb	wzr, [x8, #0x75f]
800843bc: 3923511f     	strb	wzr, [x8, #0x8d4]
800843c0: 39248d1f     	strb	wzr, [x8, #0x923]
800843c4: 3924891f     	strb	wzr, [x8, #0x922]
800843c8: 3924851f     	strb	wzr, [x8, #0x921]
800843cc: 3924811f     	strb	wzr, [x8, #0x920]
800843d0: 39247d1f     	strb	wzr, [x8, #0x91f]
800843d4: 3924791f     	strb	wzr, [x8, #0x91e]
800843d8: 3924711f     	strb	wzr, [x8, #0x91c]
800843dc: 39246d1f     	strb	wzr, [x8, #0x91b]
800843e0: 3924691f     	strb	wzr, [x8, #0x91a]
800843e4: 3924651f     	strb	wzr, [x8, #0x919]
800843e8: 3924611f     	strb	wzr, [x8, #0x918]
800843ec: 3923551f     	strb	wzr, [x8, #0x8d5]
800843f0: 3923591f     	strb	wzr, [x8, #0x8d6]
800843f4: 3924551f     	strb	wzr, [x8, #0x915]
800843f8: 3924511f     	strb	wzr, [x8, #0x914]
800843fc: 39243d1f     	strb	wzr, [x8, #0x90f]
80084400: 3924391f     	strb	wzr, [x8, #0x90e]
80084404: 3924351f     	strb	wzr, [x8, #0x90d]
80084408: 3924311f     	strb	wzr, [x8, #0x90c]
8008440c: 39242d1f     	strb	wzr, [x8, #0x90b]
80084410: 3924291f     	strb	wzr, [x8, #0x90a]
80084414: 3924251f     	strb	wzr, [x8, #0x909]
80084418: 3924211f     	strb	wzr, [x8, #0x908]
8008441c: 39241d1f     	strb	wzr, [x8, #0x907]
80084420: 3924191f     	strb	wzr, [x8, #0x906]
80084424: 3924151f     	strb	wzr, [x8, #0x905]
80084428: 3924111f     	strb	wzr, [x8, #0x904]
8008442c: 39240d1f     	strb	wzr, [x8, #0x903]
80084430: 3924091f     	strb	wzr, [x8, #0x902]
80084434: 3924051f     	strb	wzr, [x8, #0x901]
80084438: 3924011f     	strb	wzr, [x8, #0x900]
8008443c: 3923fd1f     	strb	wzr, [x8, #0x8ff]
80084440: 3923f91f     	strb	wzr, [x8, #0x8fe]
80084444: 3923f51f     	strb	wzr, [x8, #0x8fd]
80084448: 3923f11f     	strb	wzr, [x8, #0x8fc]
8008444c: 3923ed1f     	strb	wzr, [x8, #0x8fb]
80084450: 3923e91f     	strb	wzr, [x8, #0x8fa]
80084454: 3923e51f     	strb	wzr, [x8, #0x8f9]
80084458: 3923e11f     	strb	wzr, [x8, #0x8f8]
8008445c: 3923dd1f     	strb	wzr, [x8, #0x8f7]
80084460: 3923d91f     	strb	wzr, [x8, #0x8f6]
80084464: 3923d51f     	strb	wzr, [x8, #0x8f5]
80084468: 3923d11f     	strb	wzr, [x8, #0x8f4]
8008446c: 3923cd1f     	strb	wzr, [x8, #0x8f3]
80084470: 3923c91c     	strb	w28, [x8, #0x8f2]
80084474: 3923c50b     	strb	w11, [x8, #0x8f1]
80084478: 3923c10c     	strb	w12, [x8, #0x8f0]
8008447c: 3923bd1f     	strb	wzr, [x8, #0x8ef]
80084480: 3923b91f     	strb	wzr, [x8, #0x8ee]
80084484: 3923b51f     	strb	wzr, [x8, #0x8ed]
80084488: 39235d1f     	strb	wzr, [x8, #0x8d7]
8008448c: 39239d1f     	strb	wzr, [x8, #0x8e7]
80084490: 3923991f     	strb	wzr, [x8, #0x8e6]
80084494: 3923951f     	strb	wzr, [x8, #0x8e5]
80084498: 3923911f     	strb	wzr, [x8, #0x8e4]
8008449c: 39238d1f     	strb	wzr, [x8, #0x8e3]
800844a0: 3923891f     	strb	wzr, [x8, #0x8e2]
800844a4: 3923851f     	strb	wzr, [x8, #0x8e1]
800844a8: 3923811f     	strb	wzr, [x8, #0x8e0]
800844ac: 39237d1f     	strb	wzr, [x8, #0x8df]
800844b0: 3923791f     	strb	wzr, [x8, #0x8de]
800844b4: 3923751f     	strb	wzr, [x8, #0x8dd]
800844b8: 3923711f     	strb	wzr, [x8, #0x8dc]
800844bc: 39236d1f     	strb	wzr, [x8, #0x8db]
800844c0: 3923691f     	strb	wzr, [x8, #0x8da]
800844c4: 3923651f     	strb	wzr, [x8, #0x8d9]
800844c8: 3923611f     	strb	wzr, [x8, #0x8d8]
800844cc: 3926190c     	strb	w12, [x8, #0x986]
800844d0: 39262d0c     	strb	w12, [x8, #0x98b]
800844d4: 3926510c     	strb	w12, [x8, #0x994]
800844d8: 3926550c     	strb	w12, [x8, #0x995]
800844dc: 3926790c     	strb	w12, [x8, #0x99e]
800844e0: 39268d0c     	strb	w12, [x8, #0x9a3]
800844e4: 3926e50c     	strb	w12, [x8, #0x9b9]
800844e8: 3926f10c     	strb	w12, [x8, #0x9bc]
800844ec: 3928c10c     	strb	w12, [x8, #0xa30]
800844f0: 3929710c     	strb	w12, [x8, #0xa5c]
800844f4: 3929810c     	strb	w12, [x8, #0xa60]
800844f8: 3919450b     	strb	w11, [x8, #0x651]
800844fc: 3919510b     	strb	w11, [x8, #0x654]
80084500: 3919ed0b     	strb	w11, [x8, #0x67b]
80084504: 391aa10b     	strb	w11, [x8, #0x6a8]
80084508: 391b350b     	strb	w11, [x8, #0x6cd]
8008450c: 39231d1f     	strb	wzr, [x8, #0x8c7]
80084510: 391b450b     	strb	w11, [x8, #0x6d1]
80084514: 391b491c     	strb	w28, [x8, #0x6d2]
80084518: 391bed0b     	strb	w11, [x8, #0x6fb]
8008451c: 391bfd0b     	strb	w11, [x8, #0x6ff]
80084520: 391c0d0b     	strb	w11, [x8, #0x703]
80084524: 391c190b     	strb	w11, [x8, #0x706]
80084528: 391c990b     	strb	w11, [x8, #0x726]
8008452c: 391ca50b     	strb	w11, [x8, #0x729]
80084530: 391d410b     	strb	w11, [x8, #0x750]
80084534: 391d4d0b     	strb	w11, [x8, #0x753]
80084538: 391db50b     	strb	w11, [x8, #0x76d]
8008453c: 391dc50b     	strb	w11, [x8, #0x771]
80084540: 391de50b     	strb	w11, [x8, #0x779]
80084544: 391df10b     	strb	w11, [x8, #0x77c]
80084548: 391e8d0b     	strb	w11, [x8, #0x7a3]
8008454c: 3922cd1f     	strb	wzr, [x8, #0x8b3]
80084550: 3922c91f     	strb	wzr, [x8, #0x8b2]
80084554: 3922c51f     	strb	wzr, [x8, #0x8b1]
80084558: 3922c11f     	strb	wzr, [x8, #0x8b0]
8008455c: 3922bd1f     	strb	wzr, [x8, #0x8af]
80084560: 3922b91f     	strb	wzr, [x8, #0x8ae]
80084564: 3922b51f     	strb	wzr, [x8, #0x8ad]
80084568: 3922b11f     	strb	wzr, [x8, #0x8ac]
8008456c: 3922ad1f     	strb	wzr, [x8, #0x8ab]
80084570: 3922a91f     	strb	wzr, [x8, #0x8aa]
80084574: 3922a51f     	strb	wzr, [x8, #0x8a9]
80084578: 3922a11f     	strb	wzr, [x8, #0x8a8]
8008457c: 39229d1f     	strb	wzr, [x8, #0x8a7]
80084580: 3922991f     	strb	wzr, [x8, #0x8a6]
80084584: 3922951f     	strb	wzr, [x8, #0x8a5]
80084588: 3922911f     	strb	wzr, [x8, #0x8a4]
8008458c: 39228d1f     	strb	wzr, [x8, #0x8a3]
80084590: 3922891f     	strb	wzr, [x8, #0x8a2]
80084594: 3922851f     	strb	wzr, [x8, #0x8a1]
80084598: 3922811f     	strb	wzr, [x8, #0x8a0]
8008459c: 39227d1f     	strb	wzr, [x8, #0x89f]
800845a0: 3922791f     	strb	wzr, [x8, #0x89e]
800845a4: 3922750b     	strb	w11, [x8, #0x89d]
800845a8: 391f350b     	strb	w11, [x8, #0x7cd]
800845ac: 391f450b     	strb	w11, [x8, #0x7d1]
800845b0: 391f590b     	strb	w11, [x8, #0x7d6]
800845b4: 391fed1c     	strb	w28, [x8, #0x7fb]
800845b8: 391ff10b     	strb	w11, [x8, #0x7fc]
800845bc: 3920fd0b     	strb	w11, [x8, #0x83f]
800845c0: 3921a50b     	strb	w11, [x8, #0x869]
800845c4: 3921b50b     	strb	w11, [x8, #0x86d]
800845c8: 3921c90b     	strb	w11, [x8, #0x872]
800845cc: 39224d1f     	strb	wzr, [x8, #0x893]
800845d0: 3922491f     	strb	wzr, [x8, #0x892]
800845d4: 3921d11f     	strb	wzr, [x8, #0x874]
800845d8: 3921d51f     	strb	wzr, [x8, #0x875]
800845dc: 3921d91f     	strb	wzr, [x8, #0x876]
800845e0: 3921dd1f     	strb	wzr, [x8, #0x877]
800845e4: 3922350b     	strb	w11, [x8, #0x88d]
800845e8: 3921e11f     	strb	wzr, [x8, #0x878]
800845ec: 3921e51f     	strb	wzr, [x8, #0x879]
800845f0: 39221d1f     	strb	wzr, [x8, #0x887]
800845f4: 3922191f     	strb	wzr, [x8, #0x886]
800845f8: 3922151f     	strb	wzr, [x8, #0x885]
800845fc: 3922111f     	strb	wzr, [x8, #0x884]
80084600: 39220d1f     	strb	wzr, [x8, #0x883]
80084604: 3922091f     	strb	wzr, [x8, #0x882]
80084608: 3922051f     	strb	wzr, [x8, #0x881]
8008460c: 3922011f     	strb	wzr, [x8, #0x880]
80084610: 3921fd1f     	strb	wzr, [x8, #0x87f]
80084614: 3921f91f     	strb	wzr, [x8, #0x87e]
80084618: 3921f51f     	strb	wzr, [x8, #0x87d]
8008461c: 3921f11f     	strb	wzr, [x8, #0x87c]
80084620: 3921ed1f     	strb	wzr, [x8, #0x87b]
80084624: 3921e91f     	strb	wzr, [x8, #0x87a]
80084628: 3926290b     	strb	w11, [x8, #0x98a]
8008462c: 39264d0b     	strb	w11, [x8, #0x993]
80084630: 3926890b     	strb	w11, [x8, #0x9a2]
80084634: 3926e10b     	strb	w11, [x8, #0x9b8]
80084638: 3926f50b     	strb	w11, [x8, #0x9bd]
8008463c: 3926f91c     	strb	w28, [x8, #0x9be]
80084640: a9416ffc     	ldp	x28, x27, [sp, #0x10]
80084644: 391d791f     	strb	wzr, [x8, #0x75e]
80084648: 391d751f     	strb	wzr, [x8, #0x75d]
8008464c: 391d711f     	strb	wzr, [x8, #0x75c]
80084650: 391d6d1f     	strb	wzr, [x8, #0x75b]
80084654: 391d691f     	strb	wzr, [x8, #0x75a]
80084658: 391d651f     	strb	wzr, [x8, #0x759]
8008465c: 391d611f     	strb	wzr, [x8, #0x758]
80084660: 391d5d1f     	strb	wzr, [x8, #0x757]
80084664: 391af91f     	strb	wzr, [x8, #0x6be]
80084668: 391afd1f     	strb	wzr, [x8, #0x6bf]
8008466c: 391b011f     	strb	wzr, [x8, #0x6c0]
80084670: 391b051f     	strb	wzr, [x8, #0x6c1]
80084674: 391b091f     	strb	wzr, [x8, #0x6c2]
80084678: 391b0d1f     	strb	wzr, [x8, #0x6c3]
8008467c: 391b3d1f     	strb	wzr, [x8, #0x6cf]
80084680: 391b4d1f     	strb	wzr, [x8, #0x6d3]
80084684: 391b511f     	strb	wzr, [x8, #0x6d4]
80084688: 391b551f     	strb	wzr, [x8, #0x6d5]
8008468c: 391b591f     	strb	wzr, [x8, #0x6d6]
80084690: 391b5d1f     	strb	wzr, [x8, #0x6d7]
80084694: 391b611f     	strb	wzr, [x8, #0x6d8]
80084698: 391b651f     	strb	wzr, [x8, #0x6d9]
8008469c: 391b691f     	strb	wzr, [x8, #0x6da]
800846a0: 391b6d1f     	strb	wzr, [x8, #0x6db]
800846a4: 391b711f     	strb	wzr, [x8, #0x6dc]
800846a8: 391b751f     	strb	wzr, [x8, #0x6dd]
800846ac: 391d111f     	strb	wzr, [x8, #0x744]
800846b0: 391b791f     	strb	wzr, [x8, #0x6de]
800846b4: 391cfd1f     	strb	wzr, [x8, #0x73f]
800846b8: 391cf91f     	strb	wzr, [x8, #0x73e]
800846bc: 391cf51f     	strb	wzr, [x8, #0x73d]
800846c0: 391cf11f     	strb	wzr, [x8, #0x73c]
800846c4: 391ced1f     	strb	wzr, [x8, #0x73b]
800846c8: 391ce91f     	strb	wzr, [x8, #0x73a]
800846cc: 391ce51f     	strb	wzr, [x8, #0x739]
800846d0: 391ce11f     	strb	wzr, [x8, #0x738]
800846d4: 391cdd1f     	strb	wzr, [x8, #0x737]
800846d8: 391cd91f     	strb	wzr, [x8, #0x736]
800846dc: 391cd51f     	strb	wzr, [x8, #0x735]
800846e0: 391cd11f     	strb	wzr, [x8, #0x734]
800846e4: 391ccd1f     	strb	wzr, [x8, #0x733]
800846e8: 391cc91f     	strb	wzr, [x8, #0x732]
800846ec: 391cc51f     	strb	wzr, [x8, #0x731]
800846f0: 391cc11f     	strb	wzr, [x8, #0x730]
800846f4: 391cbd1f     	strb	wzr, [x8, #0x72f]
800846f8: 391cb91f     	strb	wzr, [x8, #0x72e]
800846fc: 391cb51f     	strb	wzr, [x8, #0x72d]
80084700: 391b7d1f     	strb	wzr, [x8, #0x6df]
80084704: 391b811f     	strb	wzr, [x8, #0x6e0]
80084708: 391b851f     	strb	wzr, [x8, #0x6e1]
8008470c: 391b891f     	strb	wzr, [x8, #0x6e2]
80084710: 391b8d1f     	strb	wzr, [x8, #0x6e3]
80084714: 391b911f     	strb	wzr, [x8, #0x6e4]
80084718: 391b951f     	strb	wzr, [x8, #0x6e5]
8008471c: 391b991f     	strb	wzr, [x8, #0x6e6]
80084720: 391b9d1f     	strb	wzr, [x8, #0x6e7]
80084724: 391ba11f     	strb	wzr, [x8, #0x6e8]
80084728: 391ba51f     	strb	wzr, [x8, #0x6e9]
8008472c: 391ba91f     	strb	wzr, [x8, #0x6ea]
80084730: 391bad1f     	strb	wzr, [x8, #0x6eb]
80084734: 391bb11f     	strb	wzr, [x8, #0x6ec]
80084738: 391bb51f     	strb	wzr, [x8, #0x6ed]
8008473c: 391bb91f     	strb	wzr, [x8, #0x6ee]
80084740: 391c711f     	strb	wzr, [x8, #0x71c]
80084744: 391bbd1f     	strb	wzr, [x8, #0x6ef]
80084748: 391c5d1f     	strb	wzr, [x8, #0x717]
8008474c: 391c591f     	strb	wzr, [x8, #0x716]
80084750: 391c551f     	strb	wzr, [x8, #0x715]
80084754: 391c511f     	strb	wzr, [x8, #0x714]
80084758: 391c4d1f     	strb	wzr, [x8, #0x713]
8008475c: 391c491f     	strb	wzr, [x8, #0x712]
80084760: 391c451f     	strb	wzr, [x8, #0x711]
80084764: 391c411f     	strb	wzr, [x8, #0x710]
80084768: 391c3d1f     	strb	wzr, [x8, #0x70f]
8008476c: 391c391f     	strb	wzr, [x8, #0x70e]
80084770: 391c351f     	strb	wzr, [x8, #0x70d]
80084774: 391c311f     	strb	wzr, [x8, #0x70c]
80084778: 391c2d1f     	strb	wzr, [x8, #0x70b]
8008477c: 391c291f     	strb	wzr, [x8, #0x70a]
80084780: 391bd91f     	strb	wzr, [x8, #0x6f6]
80084784: 391bdd1f     	strb	wzr, [x8, #0x6f7]
80084788: 3926311f     	strb	wzr, [x8, #0x98c]
8008478c: 3926351f     	strb	wzr, [x8, #0x98d]
80084790: 3926391f     	strb	wzr, [x8, #0x98e]
80084794: 39263d1f     	strb	wzr, [x8, #0x98f]
80084798: 3926911f     	strb	wzr, [x8, #0x9a4]
8008479c: 3926951f     	strb	wzr, [x8, #0x9a5]
800847a0: 3926991f     	strb	wzr, [x8, #0x9a6]
800847a4: 39269d1f     	strb	wzr, [x8, #0x9a7]
800847a8: 3926a11f     	strb	wzr, [x8, #0x9a8]
800847ac: 3926a51f     	strb	wzr, [x8, #0x9a9]
800847b0: 3926a91f     	strb	wzr, [x8, #0x9aa]
800847b4: 3926ad1f     	strb	wzr, [x8, #0x9ab]
800847b8: 3926b11f     	strb	wzr, [x8, #0x9ac]
800847bc: 3926b51f     	strb	wzr, [x8, #0x9ad]
800847c0: 3926b91f     	strb	wzr, [x8, #0x9ae]
800847c4: 3926bd1f     	strb	wzr, [x8, #0x9af]
800847c8: 3926e91f     	strb	wzr, [x8, #0x9ba]
800847cc: 3926ed1f     	strb	wzr, [x8, #0x9bb]
800847d0: 3926fd1f     	strb	wzr, [x8, #0x9bf]
800847d4: 3927011f     	strb	wzr, [x8, #0x9c0]
800847d8: 3927051f     	strb	wzr, [x8, #0x9c1]
800847dc: 3927091f     	strb	wzr, [x8, #0x9c2]
800847e0: 39270d1f     	strb	wzr, [x8, #0x9c3]
800847e4: 3927111f     	strb	wzr, [x8, #0x9c4]
800847e8: 3927151f     	strb	wzr, [x8, #0x9c5]
800847ec: 3927191f     	strb	wzr, [x8, #0x9c6]
800847f0: 39271d1f     	strb	wzr, [x8, #0x9c7]
800847f4: 3927211f     	strb	wzr, [x8, #0x9c8]
800847f8: 3927251f     	strb	wzr, [x8, #0x9c9]
800847fc: 3927291f     	strb	wzr, [x8, #0x9ca]
80084800: 39272d1f     	strb	wzr, [x8, #0x9cb]
80084804: 3927311f     	strb	wzr, [x8, #0x9cc]
80084808: 3927351f     	strb	wzr, [x8, #0x9cd]
8008480c: 3927391f     	strb	wzr, [x8, #0x9ce]
80084810: 39273d1f     	strb	wzr, [x8, #0x9cf]
80084814: 3927411f     	strb	wzr, [x8, #0x9d0]
80084818: 3927451f     	strb	wzr, [x8, #0x9d1]
8008481c: 3927491f     	strb	wzr, [x8, #0x9d2]
80084820: 39274d1f     	strb	wzr, [x8, #0x9d3]
80084824: 3927511f     	strb	wzr, [x8, #0x9d4]
80084828: 3927551f     	strb	wzr, [x8, #0x9d5]
8008482c: 3927591f     	strb	wzr, [x8, #0x9d6]
80084830: 39275d1f     	strb	wzr, [x8, #0x9d7]
80084834: 3927611f     	strb	wzr, [x8, #0x9d8]
80084838: 3927651f     	strb	wzr, [x8, #0x9d9]
8008483c: 3927691f     	strb	wzr, [x8, #0x9da]
80084840: 39276d1f     	strb	wzr, [x8, #0x9db]
80084844: 3927811f     	strb	wzr, [x8, #0x9e0]
80084848: 3927851f     	strb	wzr, [x8, #0x9e1]
8008484c: 3927911f     	strb	wzr, [x8, #0x9e4]
80084850: 3927951f     	strb	wzr, [x8, #0x9e5]
80084854: 3927991f     	strb	wzr, [x8, #0x9e6]
80084858: 39279d1f     	strb	wzr, [x8, #0x9e7]
8008485c: 3927a11f     	strb	wzr, [x8, #0x9e8]
80084860: 3927a51f     	strb	wzr, [x8, #0x9e9]
80084864: 3927ad1f     	strb	wzr, [x8, #0x9eb]
80084868: 3927b11f     	strb	wzr, [x8, #0x9ec]
8008486c: 3927b51f     	strb	wzr, [x8, #0x9ed]
80084870: 3927b91f     	strb	wzr, [x8, #0x9ee]
80084874: 3927bd1f     	strb	wzr, [x8, #0x9ef]
80084878: 3927c11f     	strb	wzr, [x8, #0x9f0]
8008487c: 3927c51f     	strb	wzr, [x8, #0x9f1]
80084880: 3927d11f     	strb	wzr, [x8, #0x9f4]
80084884: 3927d51f     	strb	wzr, [x8, #0x9f5]
80084888: 3927d91f     	strb	wzr, [x8, #0x9f6]
8008488c: 3927dd1f     	strb	wzr, [x8, #0x9f7]
80084890: 3927e11f     	strb	wzr, [x8, #0x9f8]
80084894: 3927e51f     	strb	wzr, [x8, #0x9f9]
80084898: 3927e90a     	strb	w10, [x8, #0x9fa]
8008489c: 3927ed1f     	strb	wzr, [x8, #0x9fb]
800848a0: 3927f11f     	strb	wzr, [x8, #0x9fc]
800848a4: 3927f51f     	strb	wzr, [x8, #0x9fd]
800848a8: 3927f91f     	strb	wzr, [x8, #0x9fe]
800848ac: 3927fd1f     	strb	wzr, [x8, #0x9ff]
800848b0: b90a051f     	str	wzr, [x8, #0xa04]
800848b4: 3928311f     	strb	wzr, [x8, #0xa0c]
800848b8: 3928351f     	strb	wzr, [x8, #0xa0d]
800848bc: 3928391f     	strb	wzr, [x8, #0xa0e]
800848c0: 39283d1f     	strb	wzr, [x8, #0xa0f]
800848c4: 3928411f     	strb	wzr, [x8, #0xa10]
800848c8: 3928451f     	strb	wzr, [x8, #0xa11]
800848cc: 3928491f     	strb	wzr, [x8, #0xa12]
800848d0: 39284d1f     	strb	wzr, [x8, #0xa13]
800848d4: 3928511f     	strb	wzr, [x8, #0xa14]
800848d8: 3928551f     	strb	wzr, [x8, #0xa15]
800848dc: 3928591f     	strb	wzr, [x8, #0xa16]
800848e0: 39285d1f     	strb	wzr, [x8, #0xa17]
800848e4: 3928611f     	strb	wzr, [x8, #0xa18]
800848e8: 3928651f     	strb	wzr, [x8, #0xa19]
800848ec: 3928691f     	strb	wzr, [x8, #0xa1a]
800848f0: 39286d1f     	strb	wzr, [x8, #0xa1b]
800848f4: 3928711f     	strb	wzr, [x8, #0xa1c]
800848f8: 3928751f     	strb	wzr, [x8, #0xa1d]
800848fc: 3928791f     	strb	wzr, [x8, #0xa1e]
80084900: 39287d1f     	strb	wzr, [x8, #0xa1f]
80084904: 3928811f     	strb	wzr, [x8, #0xa20]
80084908: 3928851f     	strb	wzr, [x8, #0xa21]
8008490c: 3928891f     	strb	wzr, [x8, #0xa22]
80084910: 39288d1f     	strb	wzr, [x8, #0xa23]
80084914: 3928911f     	strb	wzr, [x8, #0xa24]
80084918: 3928951f     	strb	wzr, [x8, #0xa25]
8008491c: 3928991f     	strb	wzr, [x8, #0xa26]
80084920: 39289d1f     	strb	wzr, [x8, #0xa27]
80084924: 3928c51f     	strb	wzr, [x8, #0xa31]
80084928: 3928c91f     	strb	wzr, [x8, #0xa32]
8008492c: 3928cd1f     	strb	wzr, [x8, #0xa33]
80084930: 3928fd1f     	strb	wzr, [x8, #0xa3f]
80084934: 3929011f     	strb	wzr, [x8, #0xa40]
80084938: 3929051f     	strb	wzr, [x8, #0xa41]
8008493c: 3929091f     	strb	wzr, [x8, #0xa42]
80084940: 39290d1f     	strb	wzr, [x8, #0xa43]
80084944: 3929111f     	strb	wzr, [x8, #0xa44]
80084948: 3929151f     	strb	wzr, [x8, #0xa45]
8008494c: 3929191f     	strb	wzr, [x8, #0xa46]
80084950: 39291d1f     	strb	wzr, [x8, #0xa47]
80084954: 3929211f     	strb	wzr, [x8, #0xa48]
80084958: 3929251f     	strb	wzr, [x8, #0xa49]
8008495c: 3929291f     	strb	wzr, [x8, #0xa4a]
80084960: 39292d1f     	strb	wzr, [x8, #0xa4b]
80084964: 3929311f     	strb	wzr, [x8, #0xa4c]
80084968: 3929351f     	strb	wzr, [x8, #0xa4d]
8008496c: 3929391f     	strb	wzr, [x8, #0xa4e]
80084970: 39293d1f     	strb	wzr, [x8, #0xa4f]
80084974: 3929411f     	strb	wzr, [x8, #0xa50]
80084978: 3929451f     	strb	wzr, [x8, #0xa51]
8008497c: 3929491f     	strb	wzr, [x8, #0xa52]
80084980: 39294d1f     	strb	wzr, [x8, #0xa53]
80084984: 3929751f     	strb	wzr, [x8, #0xa5d]
80084988: 3929791f     	strb	wzr, [x8, #0xa5e]
8008498c: 39297d1f     	strb	wzr, [x8, #0xa5f]
80084990: 39298d1f     	strb	wzr, [x8, #0xa63]
80084994: 3929911f     	strb	wzr, [x8, #0xa64]
80084998: 3929951f     	strb	wzr, [x8, #0xa65]
8008499c: 3929991f     	strb	wzr, [x8, #0xa66]
800849a0: 39299d1f     	strb	wzr, [x8, #0xa67]
800849a4: 3929a11f     	strb	wzr, [x8, #0xa68]
800849a8: 3929a51f     	strb	wzr, [x8, #0xa69]
800849ac: 3929a91f     	strb	wzr, [x8, #0xa6a]
800849b0: 3929ad1f     	strb	wzr, [x8, #0xa6b]
800849b4: 3929b11f     	strb	wzr, [x8, #0xa6c]
800849b8: 3929b51f     	strb	wzr, [x8, #0xa6d]
800849bc: 3929b91f     	strb	wzr, [x8, #0xa6e]
800849c0: 3929bd1f     	strb	wzr, [x8, #0xa6f]
800849c4: 3929c11f     	strb	wzr, [x8, #0xa70]
800849c8: 3929c51f     	strb	wzr, [x8, #0xa71]
800849cc: 3929c91f     	strb	wzr, [x8, #0xa72]
800849d0: 3929cd1f     	strb	wzr, [x8, #0xa73]
800849d4: 3929d11f     	strb	wzr, [x8, #0xa74]
800849d8: 3929d51f     	strb	wzr, [x8, #0xa75]
800849dc: 3929d91f     	strb	wzr, [x8, #0xa76]
800849e0: 3929dd1f     	strb	wzr, [x8, #0xa77]
800849e4: 3929e11f     	strb	wzr, [x8, #0xa78]
800849e8: 3929e51f     	strb	wzr, [x8, #0xa79]
800849ec: 3929e91f     	strb	wzr, [x8, #0xa7a]
800849f0: 3929ed1f     	strb	wzr, [x8, #0xa7b]
800849f4: 3929f11f     	strb	wzr, [x8, #0xa7c]
800849f8: 3929f51f     	strb	wzr, [x8, #0xa7d]
800849fc: 3929f91f     	strb	wzr, [x8, #0xa7e]
80084a00: 3929fd1f     	strb	wzr, [x8, #0xa7f]
80084a04: b90a810a     	str	w10, [x8, #0xa80]
80084a08: 392a111f     	strb	wzr, [x8, #0xa84]
80084a0c: 392a151f     	strb	wzr, [x8, #0xa85]
80084a10: 392a211f     	strb	wzr, [x8, #0xa88]
80084a14: 392a251f     	strb	wzr, [x8, #0xa89]
80084a18: 392a291f     	strb	wzr, [x8, #0xa8a]
80084a1c: 392a2d1f     	strb	wzr, [x8, #0xa8b]
80084a20: 392a311f     	strb	wzr, [x8, #0xa8c]
80084a24: 392a350a     	strb	w10, [x8, #0xa8d]
80084a28: 392a391f     	strb	wzr, [x8, #0xa8e]
80084a2c: 392a3d1f     	strb	wzr, [x8, #0xa8f]
80084a30: 392a411f     	strb	wzr, [x8, #0xa90]
80084a34: 392a451f     	strb	wzr, [x8, #0xa91]
80084a38: 392a491f     	strb	wzr, [x8, #0xa92]
80084a3c: 392a4d1f     	strb	wzr, [x8, #0xa93]
80084a40: f84607fe     	ldr	x30, [sp], #0x60
80084a44: d65f03c0     	ret

0000000080084a48 <adt_build_tree>:
80084a48: 52b03020     	mov	w0, #-0x7e7f0000        // =-2122252288
80084a4c: 17fff612     	b	0x80082294 <adt_build_tree_at>

0000000080084a50 <fb_init_and_paint>:
80084a50: aa1f03e0     	mov	x0, xzr
80084a54: d65f03c0     	ret

0000000080084a58 <fb_set_color>:
80084a58: d65f03c0     	ret
