
dumper.elf:	file format elf64-littleaarch64

Disassembly of section .text:

0000000080080000 <_start>:
80080000: 14000010     	b	0x80080040 <_real_start>
80080004: 00 00 00 00  	.word	0x00000000
80080008: 00 00 08 00  	.word	0x00080000
8008000c: 00 00 00 00  	.word	0x00000000
80080010: 00 80 00 00  	.word	0x00008000
		...
80080038: 41 52 4d 64  	.word	0x644d5241
8008003c: 40 00 00 00  	.word	0x00000040

0000000080080040 <_real_start>:
80080040: d5034fdf     	msr	DAIFSet, #0xf
80080044: aa0003f3     	mov	x19, x0
80080048: d5384254     	mrs	x20, CurrentEL
8008004c: d342fe94     	lsr	x20, x20, #2
80080050: d53800b5     	mrs	x21, MPIDR_EL1
80080054: 58007b61     	ldr	x1, 0x80080fc0 <dumper_exc_handler+0x3c>
80080058: 58007b82     	ldr	x2, 0x80080fc8 <dumper_exc_handler+0x44>
8008005c: eb02003f     	cmp	x1, x2
80080060: 5400006a     	b.ge	0x8008006c <_real_start+0x2c>
80080064: f800843f     	str	xzr, [x1], #0x8
80080068: 17fffffd     	b	0x8008005c <_real_start+0x1c>
8008006c: 58007b24     	ldr	x4, 0x80080fd0 <dumper_exc_handler+0x4c>
80080070: 9100009f     	mov	sp, x4
80080074: 10003c60     	adr	x0, 0x80080800 <dumper_exc_vectors>
80080078: d518c000     	msr	VBAR_EL1, x0
8008007c: d5033fdf     	isb
80080080: aa1303e0     	mov	x0, x19
80080084: aa1403e1     	mov	x1, x20
80080088: aa1503e2     	mov	x2, x21
8008008c: 9400041c     	bl	0x800810fc <dumper_main>

0000000080080090 <dead_loop>:
80080090: d503205f     	wfe
80080094: 17ffffff     	b	0x80080090 <dead_loop>
80080098: d503201f     	nop
8008009c: d503201f     	nop
800800a0: d503201f     	nop
800800a4: d503201f     	nop
800800a8: d503201f     	nop
800800ac: d503201f     	nop
800800b0: d503201f     	nop
800800b4: d503201f     	nop
800800b8: d503201f     	nop
800800bc: d503201f     	nop
800800c0: d503201f     	nop
800800c4: d503201f     	nop
800800c8: d503201f     	nop
800800cc: d503201f     	nop
800800d0: d503201f     	nop
800800d4: d503201f     	nop
800800d8: d503201f     	nop
800800dc: d503201f     	nop
800800e0: d503201f     	nop
800800e4: d503201f     	nop
800800e8: d503201f     	nop
800800ec: d503201f     	nop
800800f0: d503201f     	nop
800800f4: d503201f     	nop
800800f8: d503201f     	nop
800800fc: d503201f     	nop
80080100: d503201f     	nop
80080104: d503201f     	nop
80080108: d503201f     	nop
8008010c: d503201f     	nop
80080110: d503201f     	nop
80080114: d503201f     	nop
80080118: d503201f     	nop
8008011c: d503201f     	nop
80080120: d503201f     	nop
80080124: d503201f     	nop
80080128: d503201f     	nop
8008012c: d503201f     	nop
80080130: d503201f     	nop
80080134: d503201f     	nop
80080138: d503201f     	nop
8008013c: d503201f     	nop
80080140: d503201f     	nop
80080144: d503201f     	nop
80080148: d503201f     	nop
8008014c: d503201f     	nop
80080150: d503201f     	nop
80080154: d503201f     	nop
80080158: d503201f     	nop
8008015c: d503201f     	nop
80080160: d503201f     	nop
80080164: d503201f     	nop
80080168: d503201f     	nop
8008016c: d503201f     	nop
80080170: d503201f     	nop
80080174: d503201f     	nop
80080178: d503201f     	nop
8008017c: d503201f     	nop
80080180: d503201f     	nop
80080184: d503201f     	nop
80080188: d503201f     	nop
8008018c: d503201f     	nop
80080190: d503201f     	nop
80080194: d503201f     	nop
80080198: d503201f     	nop
8008019c: d503201f     	nop
800801a0: d503201f     	nop
800801a4: d503201f     	nop
800801a8: d503201f     	nop
800801ac: d503201f     	nop
800801b0: d503201f     	nop
800801b4: d503201f     	nop
800801b8: d503201f     	nop
800801bc: d503201f     	nop
800801c0: d503201f     	nop
800801c4: d503201f     	nop
800801c8: d503201f     	nop
800801cc: d503201f     	nop
800801d0: d503201f     	nop
800801d4: d503201f     	nop
800801d8: d503201f     	nop
800801dc: d503201f     	nop
800801e0: d503201f     	nop
800801e4: d503201f     	nop
800801e8: d503201f     	nop
800801ec: d503201f     	nop
800801f0: d503201f     	nop
800801f4: d503201f     	nop
800801f8: d503201f     	nop
800801fc: d503201f     	nop
80080200: d503201f     	nop
80080204: d503201f     	nop
80080208: d503201f     	nop
8008020c: d503201f     	nop
80080210: d503201f     	nop
80080214: d503201f     	nop
80080218: d503201f     	nop
8008021c: d503201f     	nop
80080220: d503201f     	nop
80080224: d503201f     	nop
80080228: d503201f     	nop
8008022c: d503201f     	nop
80080230: d503201f     	nop
80080234: d503201f     	nop
80080238: d503201f     	nop
8008023c: d503201f     	nop
80080240: d503201f     	nop
80080244: d503201f     	nop
80080248: d503201f     	nop
8008024c: d503201f     	nop
80080250: d503201f     	nop
80080254: d503201f     	nop
80080258: d503201f     	nop
8008025c: d503201f     	nop
80080260: d503201f     	nop
80080264: d503201f     	nop
80080268: d503201f     	nop
8008026c: d503201f     	nop
80080270: d503201f     	nop
80080274: d503201f     	nop
80080278: d503201f     	nop
8008027c: d503201f     	nop
80080280: d503201f     	nop
80080284: d503201f     	nop
80080288: d503201f     	nop
8008028c: d503201f     	nop
80080290: d503201f     	nop
80080294: d503201f     	nop
80080298: d503201f     	nop
8008029c: d503201f     	nop
800802a0: d503201f     	nop
800802a4: d503201f     	nop
800802a8: d503201f     	nop
800802ac: d503201f     	nop
800802b0: d503201f     	nop
800802b4: d503201f     	nop
800802b8: d503201f     	nop
800802bc: d503201f     	nop
800802c0: d503201f     	nop
800802c4: d503201f     	nop
800802c8: d503201f     	nop
800802cc: d503201f     	nop
800802d0: d503201f     	nop
800802d4: d503201f     	nop
800802d8: d503201f     	nop
800802dc: d503201f     	nop
800802e0: d503201f     	nop
800802e4: d503201f     	nop
800802e8: d503201f     	nop
800802ec: d503201f     	nop
800802f0: d503201f     	nop
800802f4: d503201f     	nop
800802f8: d503201f     	nop
800802fc: d503201f     	nop
80080300: d503201f     	nop
80080304: d503201f     	nop
80080308: d503201f     	nop
8008030c: d503201f     	nop
80080310: d503201f     	nop
80080314: d503201f     	nop
80080318: d503201f     	nop
8008031c: d503201f     	nop
80080320: d503201f     	nop
80080324: d503201f     	nop
80080328: d503201f     	nop
8008032c: d503201f     	nop
80080330: d503201f     	nop
80080334: d503201f     	nop
80080338: d503201f     	nop
8008033c: d503201f     	nop
80080340: d503201f     	nop
80080344: d503201f     	nop
80080348: d503201f     	nop
8008034c: d503201f     	nop
80080350: d503201f     	nop
80080354: d503201f     	nop
80080358: d503201f     	nop
8008035c: d503201f     	nop
80080360: d503201f     	nop
80080364: d503201f     	nop
80080368: d503201f     	nop
8008036c: d503201f     	nop
80080370: d503201f     	nop
80080374: d503201f     	nop
80080378: d503201f     	nop
8008037c: d503201f     	nop
80080380: d503201f     	nop
80080384: d503201f     	nop
80080388: d503201f     	nop
8008038c: d503201f     	nop
80080390: d503201f     	nop
80080394: d503201f     	nop
80080398: d503201f     	nop
8008039c: d503201f     	nop
800803a0: d503201f     	nop
800803a4: d503201f     	nop
800803a8: d503201f     	nop
800803ac: d503201f     	nop
800803b0: d503201f     	nop
800803b4: d503201f     	nop
800803b8: d503201f     	nop
800803bc: d503201f     	nop
800803c0: d503201f     	nop
800803c4: d503201f     	nop
800803c8: d503201f     	nop
800803cc: d503201f     	nop
800803d0: d503201f     	nop
800803d4: d503201f     	nop
800803d8: d503201f     	nop
800803dc: d503201f     	nop
800803e0: d503201f     	nop
800803e4: d503201f     	nop
800803e8: d503201f     	nop
800803ec: d503201f     	nop
800803f0: d503201f     	nop
800803f4: d503201f     	nop
800803f8: d503201f     	nop
800803fc: d503201f     	nop
80080400: d503201f     	nop
80080404: d503201f     	nop
80080408: d503201f     	nop
8008040c: d503201f     	nop
80080410: d503201f     	nop
80080414: d503201f     	nop
80080418: d503201f     	nop
8008041c: d503201f     	nop
80080420: d503201f     	nop
80080424: d503201f     	nop
80080428: d503201f     	nop
8008042c: d503201f     	nop
80080430: d503201f     	nop
80080434: d503201f     	nop
80080438: d503201f     	nop
8008043c: d503201f     	nop
80080440: d503201f     	nop
80080444: d503201f     	nop
80080448: d503201f     	nop
8008044c: d503201f     	nop
80080450: d503201f     	nop
80080454: d503201f     	nop
80080458: d503201f     	nop
8008045c: d503201f     	nop
80080460: d503201f     	nop
80080464: d503201f     	nop
80080468: d503201f     	nop
8008046c: d503201f     	nop
80080470: d503201f     	nop
80080474: d503201f     	nop
80080478: d503201f     	nop
8008047c: d503201f     	nop
80080480: d503201f     	nop
80080484: d503201f     	nop
80080488: d503201f     	nop
8008048c: d503201f     	nop
80080490: d503201f     	nop
80080494: d503201f     	nop
80080498: d503201f     	nop
8008049c: d503201f     	nop
800804a0: d503201f     	nop
800804a4: d503201f     	nop
800804a8: d503201f     	nop
800804ac: d503201f     	nop
800804b0: d503201f     	nop
800804b4: d503201f     	nop
800804b8: d503201f     	nop
800804bc: d503201f     	nop
800804c0: d503201f     	nop
800804c4: d503201f     	nop
800804c8: d503201f     	nop
800804cc: d503201f     	nop
800804d0: d503201f     	nop
800804d4: d503201f     	nop
800804d8: d503201f     	nop
800804dc: d503201f     	nop
800804e0: d503201f     	nop
800804e4: d503201f     	nop
800804e8: d503201f     	nop
800804ec: d503201f     	nop
800804f0: d503201f     	nop
800804f4: d503201f     	nop
800804f8: d503201f     	nop
800804fc: d503201f     	nop
80080500: d503201f     	nop
80080504: d503201f     	nop
80080508: d503201f     	nop
8008050c: d503201f     	nop
80080510: d503201f     	nop
80080514: d503201f     	nop
80080518: d503201f     	nop
8008051c: d503201f     	nop
80080520: d503201f     	nop
80080524: d503201f     	nop
80080528: d503201f     	nop
8008052c: d503201f     	nop
80080530: d503201f     	nop
80080534: d503201f     	nop
80080538: d503201f     	nop
8008053c: d503201f     	nop
80080540: d503201f     	nop
80080544: d503201f     	nop
80080548: d503201f     	nop
8008054c: d503201f     	nop
80080550: d503201f     	nop
80080554: d503201f     	nop
80080558: d503201f     	nop
8008055c: d503201f     	nop
80080560: d503201f     	nop
80080564: d503201f     	nop
80080568: d503201f     	nop
8008056c: d503201f     	nop
80080570: d503201f     	nop
80080574: d503201f     	nop
80080578: d503201f     	nop
8008057c: d503201f     	nop
80080580: d503201f     	nop
80080584: d503201f     	nop
80080588: d503201f     	nop
8008058c: d503201f     	nop
80080590: d503201f     	nop
80080594: d503201f     	nop
80080598: d503201f     	nop
8008059c: d503201f     	nop
800805a0: d503201f     	nop
800805a4: d503201f     	nop
800805a8: d503201f     	nop
800805ac: d503201f     	nop
800805b0: d503201f     	nop
800805b4: d503201f     	nop
800805b8: d503201f     	nop
800805bc: d503201f     	nop
800805c0: d503201f     	nop
800805c4: d503201f     	nop
800805c8: d503201f     	nop
800805cc: d503201f     	nop
800805d0: d503201f     	nop
800805d4: d503201f     	nop
800805d8: d503201f     	nop
800805dc: d503201f     	nop
800805e0: d503201f     	nop
800805e4: d503201f     	nop
800805e8: d503201f     	nop
800805ec: d503201f     	nop
800805f0: d503201f     	nop
800805f4: d503201f     	nop
800805f8: d503201f     	nop
800805fc: d503201f     	nop
80080600: d503201f     	nop
80080604: d503201f     	nop
80080608: d503201f     	nop
8008060c: d503201f     	nop
80080610: d503201f     	nop
80080614: d503201f     	nop
80080618: d503201f     	nop
8008061c: d503201f     	nop
80080620: d503201f     	nop
80080624: d503201f     	nop
80080628: d503201f     	nop
8008062c: d503201f     	nop
80080630: d503201f     	nop
80080634: d503201f     	nop
80080638: d503201f     	nop
8008063c: d503201f     	nop
80080640: d503201f     	nop
80080644: d503201f     	nop
80080648: d503201f     	nop
8008064c: d503201f     	nop
80080650: d503201f     	nop
80080654: d503201f     	nop
80080658: d503201f     	nop
8008065c: d503201f     	nop
80080660: d503201f     	nop
80080664: d503201f     	nop
80080668: d503201f     	nop
8008066c: d503201f     	nop
80080670: d503201f     	nop
80080674: d503201f     	nop
80080678: d503201f     	nop
8008067c: d503201f     	nop
80080680: d503201f     	nop
80080684: d503201f     	nop
80080688: d503201f     	nop
8008068c: d503201f     	nop
80080690: d503201f     	nop
80080694: d503201f     	nop
80080698: d503201f     	nop
8008069c: d503201f     	nop
800806a0: d503201f     	nop
800806a4: d503201f     	nop
800806a8: d503201f     	nop
800806ac: d503201f     	nop
800806b0: d503201f     	nop
800806b4: d503201f     	nop
800806b8: d503201f     	nop
800806bc: d503201f     	nop
800806c0: d503201f     	nop
800806c4: d503201f     	nop
800806c8: d503201f     	nop
800806cc: d503201f     	nop
800806d0: d503201f     	nop
800806d4: d503201f     	nop
800806d8: d503201f     	nop
800806dc: d503201f     	nop
800806e0: d503201f     	nop
800806e4: d503201f     	nop
800806e8: d503201f     	nop
800806ec: d503201f     	nop
800806f0: d503201f     	nop
800806f4: d503201f     	nop
800806f8: d503201f     	nop
800806fc: d503201f     	nop
80080700: d503201f     	nop
80080704: d503201f     	nop
80080708: d503201f     	nop
8008070c: d503201f     	nop
80080710: d503201f     	nop
80080714: d503201f     	nop
80080718: d503201f     	nop
8008071c: d503201f     	nop
80080720: d503201f     	nop
80080724: d503201f     	nop
80080728: d503201f     	nop
8008072c: d503201f     	nop
80080730: d503201f     	nop
80080734: d503201f     	nop
80080738: d503201f     	nop
8008073c: d503201f     	nop
80080740: d503201f     	nop
80080744: d503201f     	nop
80080748: d503201f     	nop
8008074c: d503201f     	nop
80080750: d503201f     	nop
80080754: d503201f     	nop
80080758: d503201f     	nop
8008075c: d503201f     	nop
80080760: d503201f     	nop
80080764: d503201f     	nop
80080768: d503201f     	nop
8008076c: d503201f     	nop
80080770: d503201f     	nop
80080774: d503201f     	nop
80080778: d503201f     	nop
8008077c: d503201f     	nop
80080780: d503201f     	nop
80080784: d503201f     	nop
80080788: d503201f     	nop
8008078c: d503201f     	nop
80080790: d503201f     	nop
80080794: d503201f     	nop
80080798: d503201f     	nop
8008079c: d503201f     	nop
800807a0: d503201f     	nop
800807a4: d503201f     	nop
800807a8: d503201f     	nop
800807ac: d503201f     	nop
800807b0: d503201f     	nop
800807b4: d503201f     	nop
800807b8: d503201f     	nop
800807bc: d503201f     	nop
800807c0: d503201f     	nop
800807c4: d503201f     	nop
800807c8: d503201f     	nop
800807cc: d503201f     	nop
800807d0: d503201f     	nop
800807d4: d503201f     	nop
800807d8: d503201f     	nop
800807dc: d503201f     	nop
800807e0: d503201f     	nop
800807e4: d503201f     	nop
800807e8: d503201f     	nop
800807ec: d503201f     	nop
800807f0: d503201f     	nop
800807f4: d503201f     	nop
800807f8: d503201f     	nop
800807fc: d503201f     	nop

0000000080080800 <dumper_exc_vectors>:
80080800: 140001e1     	b	0x80080f84 <dumper_exc_handler>
80080804: d503201f     	nop
80080808: d503201f     	nop
8008080c: d503201f     	nop
80080810: d503201f     	nop
80080814: d503201f     	nop
80080818: d503201f     	nop
8008081c: d503201f     	nop
80080820: d503201f     	nop
80080824: d503201f     	nop
80080828: d503201f     	nop
8008082c: d503201f     	nop
80080830: d503201f     	nop
80080834: d503201f     	nop
80080838: d503201f     	nop
8008083c: d503201f     	nop
80080840: d503201f     	nop
80080844: d503201f     	nop
80080848: d503201f     	nop
8008084c: d503201f     	nop
80080850: d503201f     	nop
80080854: d503201f     	nop
80080858: d503201f     	nop
8008085c: d503201f     	nop
80080860: d503201f     	nop
80080864: d503201f     	nop
80080868: d503201f     	nop
8008086c: d503201f     	nop
80080870: d503201f     	nop
80080874: d503201f     	nop
80080878: d503201f     	nop
8008087c: d503201f     	nop
80080880: 140001c1     	b	0x80080f84 <dumper_exc_handler>
80080884: d503201f     	nop
80080888: d503201f     	nop
8008088c: d503201f     	nop
80080890: d503201f     	nop
80080894: d503201f     	nop
80080898: d503201f     	nop
8008089c: d503201f     	nop
800808a0: d503201f     	nop
800808a4: d503201f     	nop
800808a8: d503201f     	nop
800808ac: d503201f     	nop
800808b0: d503201f     	nop
800808b4: d503201f     	nop
800808b8: d503201f     	nop
800808bc: d503201f     	nop
800808c0: d503201f     	nop
800808c4: d503201f     	nop
800808c8: d503201f     	nop
800808cc: d503201f     	nop
800808d0: d503201f     	nop
800808d4: d503201f     	nop
800808d8: d503201f     	nop
800808dc: d503201f     	nop
800808e0: d503201f     	nop
800808e4: d503201f     	nop
800808e8: d503201f     	nop
800808ec: d503201f     	nop
800808f0: d503201f     	nop
800808f4: d503201f     	nop
800808f8: d503201f     	nop
800808fc: d503201f     	nop
80080900: 140001a1     	b	0x80080f84 <dumper_exc_handler>
80080904: d503201f     	nop
80080908: d503201f     	nop
8008090c: d503201f     	nop
80080910: d503201f     	nop
80080914: d503201f     	nop
80080918: d503201f     	nop
8008091c: d503201f     	nop
80080920: d503201f     	nop
80080924: d503201f     	nop
80080928: d503201f     	nop
8008092c: d503201f     	nop
80080930: d503201f     	nop
80080934: d503201f     	nop
80080938: d503201f     	nop
8008093c: d503201f     	nop
80080940: d503201f     	nop
80080944: d503201f     	nop
80080948: d503201f     	nop
8008094c: d503201f     	nop
80080950: d503201f     	nop
80080954: d503201f     	nop
80080958: d503201f     	nop
8008095c: d503201f     	nop
80080960: d503201f     	nop
80080964: d503201f     	nop
80080968: d503201f     	nop
8008096c: d503201f     	nop
80080970: d503201f     	nop
80080974: d503201f     	nop
80080978: d503201f     	nop
8008097c: d503201f     	nop
80080980: 14000181     	b	0x80080f84 <dumper_exc_handler>
80080984: d503201f     	nop
80080988: d503201f     	nop
8008098c: d503201f     	nop
80080990: d503201f     	nop
80080994: d503201f     	nop
80080998: d503201f     	nop
8008099c: d503201f     	nop
800809a0: d503201f     	nop
800809a4: d503201f     	nop
800809a8: d503201f     	nop
800809ac: d503201f     	nop
800809b0: d503201f     	nop
800809b4: d503201f     	nop
800809b8: d503201f     	nop
800809bc: d503201f     	nop
800809c0: d503201f     	nop
800809c4: d503201f     	nop
800809c8: d503201f     	nop
800809cc: d503201f     	nop
800809d0: d503201f     	nop
800809d4: d503201f     	nop
800809d8: d503201f     	nop
800809dc: d503201f     	nop
800809e0: d503201f     	nop
800809e4: d503201f     	nop
800809e8: d503201f     	nop
800809ec: d503201f     	nop
800809f0: d503201f     	nop
800809f4: d503201f     	nop
800809f8: d503201f     	nop
800809fc: d503201f     	nop
80080a00: 14000161     	b	0x80080f84 <dumper_exc_handler>
80080a04: d503201f     	nop
80080a08: d503201f     	nop
80080a0c: d503201f     	nop
80080a10: d503201f     	nop
80080a14: d503201f     	nop
80080a18: d503201f     	nop
80080a1c: d503201f     	nop
80080a20: d503201f     	nop
80080a24: d503201f     	nop
80080a28: d503201f     	nop
80080a2c: d503201f     	nop
80080a30: d503201f     	nop
80080a34: d503201f     	nop
80080a38: d503201f     	nop
80080a3c: d503201f     	nop
80080a40: d503201f     	nop
80080a44: d503201f     	nop
80080a48: d503201f     	nop
80080a4c: d503201f     	nop
80080a50: d503201f     	nop
80080a54: d503201f     	nop
80080a58: d503201f     	nop
80080a5c: d503201f     	nop
80080a60: d503201f     	nop
80080a64: d503201f     	nop
80080a68: d503201f     	nop
80080a6c: d503201f     	nop
80080a70: d503201f     	nop
80080a74: d503201f     	nop
80080a78: d503201f     	nop
80080a7c: d503201f     	nop
80080a80: 14000141     	b	0x80080f84 <dumper_exc_handler>
80080a84: d503201f     	nop
80080a88: d503201f     	nop
80080a8c: d503201f     	nop
80080a90: d503201f     	nop
80080a94: d503201f     	nop
80080a98: d503201f     	nop
80080a9c: d503201f     	nop
80080aa0: d503201f     	nop
80080aa4: d503201f     	nop
80080aa8: d503201f     	nop
80080aac: d503201f     	nop
80080ab0: d503201f     	nop
80080ab4: d503201f     	nop
80080ab8: d503201f     	nop
80080abc: d503201f     	nop
80080ac0: d503201f     	nop
80080ac4: d503201f     	nop
80080ac8: d503201f     	nop
80080acc: d503201f     	nop
80080ad0: d503201f     	nop
80080ad4: d503201f     	nop
80080ad8: d503201f     	nop
80080adc: d503201f     	nop
80080ae0: d503201f     	nop
80080ae4: d503201f     	nop
80080ae8: d503201f     	nop
80080aec: d503201f     	nop
80080af0: d503201f     	nop
80080af4: d503201f     	nop
80080af8: d503201f     	nop
80080afc: d503201f     	nop
80080b00: 14000121     	b	0x80080f84 <dumper_exc_handler>
80080b04: d503201f     	nop
80080b08: d503201f     	nop
80080b0c: d503201f     	nop
80080b10: d503201f     	nop
80080b14: d503201f     	nop
80080b18: d503201f     	nop
80080b1c: d503201f     	nop
80080b20: d503201f     	nop
80080b24: d503201f     	nop
80080b28: d503201f     	nop
80080b2c: d503201f     	nop
80080b30: d503201f     	nop
80080b34: d503201f     	nop
80080b38: d503201f     	nop
80080b3c: d503201f     	nop
80080b40: d503201f     	nop
80080b44: d503201f     	nop
80080b48: d503201f     	nop
80080b4c: d503201f     	nop
80080b50: d503201f     	nop
80080b54: d503201f     	nop
80080b58: d503201f     	nop
80080b5c: d503201f     	nop
80080b60: d503201f     	nop
80080b64: d503201f     	nop
80080b68: d503201f     	nop
80080b6c: d503201f     	nop
80080b70: d503201f     	nop
80080b74: d503201f     	nop
80080b78: d503201f     	nop
80080b7c: d503201f     	nop
80080b80: 14000101     	b	0x80080f84 <dumper_exc_handler>
80080b84: d503201f     	nop
80080b88: d503201f     	nop
80080b8c: d503201f     	nop
80080b90: d503201f     	nop
80080b94: d503201f     	nop
80080b98: d503201f     	nop
80080b9c: d503201f     	nop
80080ba0: d503201f     	nop
80080ba4: d503201f     	nop
80080ba8: d503201f     	nop
80080bac: d503201f     	nop
80080bb0: d503201f     	nop
80080bb4: d503201f     	nop
80080bb8: d503201f     	nop
80080bbc: d503201f     	nop
80080bc0: d503201f     	nop
80080bc4: d503201f     	nop
80080bc8: d503201f     	nop
80080bcc: d503201f     	nop
80080bd0: d503201f     	nop
80080bd4: d503201f     	nop
80080bd8: d503201f     	nop
80080bdc: d503201f     	nop
80080be0: d503201f     	nop
80080be4: d503201f     	nop
80080be8: d503201f     	nop
80080bec: d503201f     	nop
80080bf0: d503201f     	nop
80080bf4: d503201f     	nop
80080bf8: d503201f     	nop
80080bfc: d503201f     	nop
80080c00: 140000e1     	b	0x80080f84 <dumper_exc_handler>
80080c04: d503201f     	nop
80080c08: d503201f     	nop
80080c0c: d503201f     	nop
80080c10: d503201f     	nop
80080c14: d503201f     	nop
80080c18: d503201f     	nop
80080c1c: d503201f     	nop
80080c20: d503201f     	nop
80080c24: d503201f     	nop
80080c28: d503201f     	nop
80080c2c: d503201f     	nop
80080c30: d503201f     	nop
80080c34: d503201f     	nop
80080c38: d503201f     	nop
80080c3c: d503201f     	nop
80080c40: d503201f     	nop
80080c44: d503201f     	nop
80080c48: d503201f     	nop
80080c4c: d503201f     	nop
80080c50: d503201f     	nop
80080c54: d503201f     	nop
80080c58: d503201f     	nop
80080c5c: d503201f     	nop
80080c60: d503201f     	nop
80080c64: d503201f     	nop
80080c68: d503201f     	nop
80080c6c: d503201f     	nop
80080c70: d503201f     	nop
80080c74: d503201f     	nop
80080c78: d503201f     	nop
80080c7c: d503201f     	nop
80080c80: 140000c1     	b	0x80080f84 <dumper_exc_handler>
80080c84: d503201f     	nop
80080c88: d503201f     	nop
80080c8c: d503201f     	nop
80080c90: d503201f     	nop
80080c94: d503201f     	nop
80080c98: d503201f     	nop
80080c9c: d503201f     	nop
80080ca0: d503201f     	nop
80080ca4: d503201f     	nop
80080ca8: d503201f     	nop
80080cac: d503201f     	nop
80080cb0: d503201f     	nop
80080cb4: d503201f     	nop
80080cb8: d503201f     	nop
80080cbc: d503201f     	nop
80080cc0: d503201f     	nop
80080cc4: d503201f     	nop
80080cc8: d503201f     	nop
80080ccc: d503201f     	nop
80080cd0: d503201f     	nop
80080cd4: d503201f     	nop
80080cd8: d503201f     	nop
80080cdc: d503201f     	nop
80080ce0: d503201f     	nop
80080ce4: d503201f     	nop
80080ce8: d503201f     	nop
80080cec: d503201f     	nop
80080cf0: d503201f     	nop
80080cf4: d503201f     	nop
80080cf8: d503201f     	nop
80080cfc: d503201f     	nop
80080d00: 140000a1     	b	0x80080f84 <dumper_exc_handler>
80080d04: d503201f     	nop
80080d08: d503201f     	nop
80080d0c: d503201f     	nop
80080d10: d503201f     	nop
80080d14: d503201f     	nop
80080d18: d503201f     	nop
80080d1c: d503201f     	nop
80080d20: d503201f     	nop
80080d24: d503201f     	nop
80080d28: d503201f     	nop
80080d2c: d503201f     	nop
80080d30: d503201f     	nop
80080d34: d503201f     	nop
80080d38: d503201f     	nop
80080d3c: d503201f     	nop
80080d40: d503201f     	nop
80080d44: d503201f     	nop
80080d48: d503201f     	nop
80080d4c: d503201f     	nop
80080d50: d503201f     	nop
80080d54: d503201f     	nop
80080d58: d503201f     	nop
80080d5c: d503201f     	nop
80080d60: d503201f     	nop
80080d64: d503201f     	nop
80080d68: d503201f     	nop
80080d6c: d503201f     	nop
80080d70: d503201f     	nop
80080d74: d503201f     	nop
80080d78: d503201f     	nop
80080d7c: d503201f     	nop
80080d80: 14000081     	b	0x80080f84 <dumper_exc_handler>
80080d84: d503201f     	nop
80080d88: d503201f     	nop
80080d8c: d503201f     	nop
80080d90: d503201f     	nop
80080d94: d503201f     	nop
80080d98: d503201f     	nop
80080d9c: d503201f     	nop
80080da0: d503201f     	nop
80080da4: d503201f     	nop
80080da8: d503201f     	nop
80080dac: d503201f     	nop
80080db0: d503201f     	nop
80080db4: d503201f     	nop
80080db8: d503201f     	nop
80080dbc: d503201f     	nop
80080dc0: d503201f     	nop
80080dc4: d503201f     	nop
80080dc8: d503201f     	nop
80080dcc: d503201f     	nop
80080dd0: d503201f     	nop
80080dd4: d503201f     	nop
80080dd8: d503201f     	nop
80080ddc: d503201f     	nop
80080de0: d503201f     	nop
80080de4: d503201f     	nop
80080de8: d503201f     	nop
80080dec: d503201f     	nop
80080df0: d503201f     	nop
80080df4: d503201f     	nop
80080df8: d503201f     	nop
80080dfc: d503201f     	nop
80080e00: 14000061     	b	0x80080f84 <dumper_exc_handler>
80080e04: d503201f     	nop
80080e08: d503201f     	nop
80080e0c: d503201f     	nop
80080e10: d503201f     	nop
80080e14: d503201f     	nop
80080e18: d503201f     	nop
80080e1c: d503201f     	nop
80080e20: d503201f     	nop
80080e24: d503201f     	nop
80080e28: d503201f     	nop
80080e2c: d503201f     	nop
80080e30: d503201f     	nop
80080e34: d503201f     	nop
80080e38: d503201f     	nop
80080e3c: d503201f     	nop
80080e40: d503201f     	nop
80080e44: d503201f     	nop
80080e48: d503201f     	nop
80080e4c: d503201f     	nop
80080e50: d503201f     	nop
80080e54: d503201f     	nop
80080e58: d503201f     	nop
80080e5c: d503201f     	nop
80080e60: d503201f     	nop
80080e64: d503201f     	nop
80080e68: d503201f     	nop
80080e6c: d503201f     	nop
80080e70: d503201f     	nop
80080e74: d503201f     	nop
80080e78: d503201f     	nop
80080e7c: d503201f     	nop
80080e80: 14000041     	b	0x80080f84 <dumper_exc_handler>
80080e84: d503201f     	nop
80080e88: d503201f     	nop
80080e8c: d503201f     	nop
80080e90: d503201f     	nop
80080e94: d503201f     	nop
80080e98: d503201f     	nop
80080e9c: d503201f     	nop
80080ea0: d503201f     	nop
80080ea4: d503201f     	nop
80080ea8: d503201f     	nop
80080eac: d503201f     	nop
80080eb0: d503201f     	nop
80080eb4: d503201f     	nop
80080eb8: d503201f     	nop
80080ebc: d503201f     	nop
80080ec0: d503201f     	nop
80080ec4: d503201f     	nop
80080ec8: d503201f     	nop
80080ecc: d503201f     	nop
80080ed0: d503201f     	nop
80080ed4: d503201f     	nop
80080ed8: d503201f     	nop
80080edc: d503201f     	nop
80080ee0: d503201f     	nop
80080ee4: d503201f     	nop
80080ee8: d503201f     	nop
80080eec: d503201f     	nop
80080ef0: d503201f     	nop
80080ef4: d503201f     	nop
80080ef8: d503201f     	nop
80080efc: d503201f     	nop
80080f00: 14000021     	b	0x80080f84 <dumper_exc_handler>
80080f04: d503201f     	nop
80080f08: d503201f     	nop
80080f0c: d503201f     	nop
80080f10: d503201f     	nop
80080f14: d503201f     	nop
80080f18: d503201f     	nop
80080f1c: d503201f     	nop
80080f20: d503201f     	nop
80080f24: d503201f     	nop
80080f28: d503201f     	nop
80080f2c: d503201f     	nop
80080f30: d503201f     	nop
80080f34: d503201f     	nop
80080f38: d503201f     	nop
80080f3c: d503201f     	nop
80080f40: d503201f     	nop
80080f44: d503201f     	nop
80080f48: d503201f     	nop
80080f4c: d503201f     	nop
80080f50: d503201f     	nop
80080f54: d503201f     	nop
80080f58: d503201f     	nop
80080f5c: d503201f     	nop
80080f60: d503201f     	nop
80080f64: d503201f     	nop
80080f68: d503201f     	nop
80080f6c: d503201f     	nop
80080f70: d503201f     	nop
80080f74: d503201f     	nop
80080f78: d503201f     	nop
80080f7c: d503201f     	nop
80080f80: 14000001     	b	0x80080f84 <dumper_exc_handler>

0000000080080f84 <dumper_exc_handler>:
80080f84: d5385200     	mrs	x0, ESR_EL1
80080f88: d5384021     	mrs	x1, ELR_EL1
80080f8c: d5386002     	mrs	x2, FAR_EL1
80080f90: d5384003     	mrs	x3, SPSR_EL1
80080f94: d2b000c4     	mov	x4, #0x80060000         // =2147876864
80080f98: f9000c81     	str	x1, [x4, #0x18]
80080f9c: f9001080     	str	x0, [x4, #0x20]
80080fa0: f9001482     	str	x2, [x4, #0x28]
80080fa4: f9001883     	str	x3, [x4, #0x30]
80080fa8: b9401085     	ldr	w5, [x4, #0x10]
80080fac: 110004a5     	add	w5, w5, #0x1
80080fb0: b9001085     	str	w5, [x4, #0x10]
80080fb4: 94000009     	bl	0x80080fd8 <dumper_on_exception>
80080fb8: d503205f     	wfe
80080fbc: 17ffffff     	b	0x80080fb8 <dumper_exc_handler+0x34>
80080fc0: 40 36 08 80  	.word	0x80083640
80080fc4: 00 00 00 00  	.word	0x00000000
80080fc8: 50 9b 08 80  	.word	0x80089b50
80080fcc: 00 00 00 00  	.word	0x00000000
80080fd0: 00 80 08 80  	.word	0x80088000
80080fd4: 00 00 00 00  	.word	0x00000000

0000000080080fd8 <dumper_on_exception>:
80080fd8: a9bc7bfd     	stp	x29, x30, [sp, #-0x40]!
80080fdc: a9015ff8     	stp	x24, x23, [sp, #0x10]
80080fe0: 52800717     	mov	w23, #0x38              // =56
80080fe4: 52800038     	mov	w24, #0x1               // =1
80080fe8: a90257f6     	stp	x22, x21, [sp, #0x20]
80080fec: aa0003f6     	mov	x22, x0
80080ff0: 72a13077     	movk	w23, #0x983, lsl #16
80080ff4: d503201f     	nop
80080ff8: 3000fde0     	adr	x0, 0x80082fb5
80080ffc: a9034ff4     	stp	x20, x19, [sp, #0x30]
80081000: 910003fd     	mov	x29, sp
80081004: aa0303f3     	mov	x19, x3
80081008: aa0203f4     	mov	x20, x2
8008100c: aa0103f5     	mov	x21, x1
80081010: b9000aff     	str	wzr, [x23, #0x8]
80081014: b90002f8     	str	w24, [x23]
80081018: 9400037f     	bl	0x80081e14 <uart_puts>
8008101c: d0000000     	adrp	x0, 0x80083000
80081020: 91000c00     	add	x0, x0, #0x3
80081024: 9400037c     	bl	0x80081e14 <uart_puts>
80081028: aa1603e0     	mov	x0, x22
8008102c: 94000387     	bl	0x80081e48 <uart_puthex64>
80081030: d0000016     	adrp	x22, 0x80083000
80081034: 910c76d6     	add	x22, x22, #0x31d
80081038: aa1603e0     	mov	x0, x22
8008103c: 94000376     	bl	0x80081e14 <uart_puts>
80081040: d0000000     	adrp	x0, 0x80083000
80081044: 91063000     	add	x0, x0, #0x18c
80081048: 94000373     	bl	0x80081e14 <uart_puts>
8008104c: aa1503e0     	mov	x0, x21
80081050: 9400037e     	bl	0x80081e48 <uart_puthex64>
80081054: aa1603e0     	mov	x0, x22
80081058: 9400036f     	bl	0x80081e14 <uart_puts>
8008105c: d0000000     	adrp	x0, 0x80083000
80081060: 91104000     	add	x0, x0, #0x410
80081064: 9400036c     	bl	0x80081e14 <uart_puts>
80081068: aa1403e0     	mov	x0, x20
8008106c: 94000377     	bl	0x80081e48 <uart_puthex64>
80081070: aa1603e0     	mov	x0, x22
80081074: 94000368     	bl	0x80081e14 <uart_puts>
80081078: d0000000     	adrp	x0, 0x80083000
8008107c: 9113d400     	add	x0, x0, #0x4f5
80081080: 94000365     	bl	0x80081e14 <uart_puts>
80081084: aa1303e0     	mov	x0, x19
80081088: 94000370     	bl	0x80081e48 <uart_puthex64>
8008108c: aa1603e0     	mov	x0, x22
80081090: 94000361     	bl	0x80081e14 <uart_puts>
80081094: d29ef9f4     	mov	x20, #0xf7cf            // =63439
80081098: 52800653     	mov	w19, #0x32              // =50
8008109c: f2bc6a74     	movk	x20, #0xe353, lsl #16
800810a0: f2d374b4     	movk	x20, #0x9ba5, lsl #32
800810a4: f2e41894     	movk	x20, #0x20c4, lsl #48
800810a8: b9000aff     	str	wzr, [x23, #0x8]
800810ac: b90002f8     	str	w24, [x23]
800810b0: 94000461     	bl	0x80082234 <usb_poll>
800810b4: d53be009     	mrs	x9, CNTFRQ_EL0
800810b8: d53be048     	mrs	x8, CNTVCT_EL0
800810bc: d53be04a     	mrs	x10, CNTVCT_EL0
800810c0: 9b137d29     	mul	x9, x9, x19
800810c4: cb08014a     	sub	x10, x10, x8
800810c8: d343fd29     	lsr	x9, x9, #3
800810cc: 9bd47d29     	umulh	x9, x9, x20
800810d0: d344fd29     	lsr	x9, x9, #4
800810d4: eb09015f     	cmp	x10, x9
800810d8: 54fffe82     	b.hs	0x800810a8 <dumper_on_exception+0xd0>
800810dc: b9000aff     	str	wzr, [x23, #0x8]
800810e0: b90002f8     	str	w24, [x23]
800810e4: d503201f     	nop
800810e8: d53be04a     	mrs	x10, CNTVCT_EL0
800810ec: cb08014a     	sub	x10, x10, x8
800810f0: eb09015f     	cmp	x10, x9
800810f4: 54ffff43     	b.lo	0x800810dc <dumper_on_exception+0x104>
800810f8: 17ffffec     	b	0x800810a8 <dumper_on_exception+0xd0>

00000000800810fc <dumper_main>:
800810fc: d102c3ff     	sub	sp, sp, #0xb0
80081100: a90767fa     	stp	x26, x25, [sp, #0x70]
80081104: 5280071a     	mov	w26, #0x38              // =56
80081108: 52800028     	mov	w8, #0x1                // =1
8008110c: a9066ffc     	stp	x28, x27, [sp, #0x60]
80081110: 72a1307a     	movk	w26, #0x983, lsl #16
80081114: 5280021b     	mov	w27, #0x10              // =16
80081118: a90a4ff4     	stp	x20, x19, [sp, #0xa0]
8008111c: 528a6893     	mov	w19, #0x5344            // =21316
80081120: d0000000     	adrp	x0, 0x80083000
80081124: 910e5000     	add	x0, x0, #0x394
80081128: a9057bfd     	stp	x29, x30, [sp, #0x50]
8008112c: 910143fd     	add	x29, sp, #0x50
80081130: a9085ff8     	stp	x24, x23, [sp, #0x80]
80081134: 72b000db     	movk	w27, #0x8006, lsl #16
80081138: 72ab0b53     	movk	w19, #0x585a, lsl #16
8008113c: a90957f6     	stp	x22, x21, [sp, #0x90]
80081140: b9000b5f     	str	wzr, [x26, #0x8]
80081144: b9000348     	str	w8, [x26]
80081148: 94000333     	bl	0x80081e14 <uart_puts>
8008114c: d0000000     	adrp	x0, 0x80083000
80081150: 9109cc00     	add	x0, x0, #0x273
80081154: 94000330     	bl	0x80081e14 <uart_puts>
80081158: b0000000     	adrp	x0, 0x80082000 <uart_putdec+0xc8>
8008115c: 913d0000     	add	x0, x0, #0xf40
80081160: 9400032d     	bl	0x80081e14 <uart_puts>
80081164: 52b000c8     	mov	w8, #-0x7ffa0000        // =-2147090432
80081168: b9400108     	ldr	w8, [x8]
8008116c: 6b13011f     	cmp	w8, w19
80081170: 540008a1     	b.ne	0x80081284 <dumper_main+0x188>
80081174: d0000000     	adrp	x0, 0x80083000
80081178: 91120000     	add	x0, x0, #0x480
8008117c: 94000326     	bl	0x80081e14 <uart_puts>
80081180: d0000000     	adrp	x0, 0x80083000
80081184: 91078000     	add	x0, x0, #0x1e0
80081188: 94000323     	bl	0x80081e14 <uart_puts>
8008118c: d0000000     	adrp	x0, 0x80083000
80081190: 91152000     	add	x0, x0, #0x548
80081194: 94000320     	bl	0x80081e14 <uart_puts>
80081198: b85fc360     	ldur	w0, [x27, #-0x4]
8008119c: 94000367     	bl	0x80081f38 <uart_putdec>
800811a0: d0000013     	adrp	x19, 0x80083000
800811a4: 910c7673     	add	x19, x19, #0x31d
800811a8: aa1303e0     	mov	x0, x19
800811ac: 9400031a     	bl	0x80081e14 <uart_puts>
800811b0: d0000000     	adrp	x0, 0x80083000
800811b4: 910bd000     	add	x0, x0, #0x2f4
800811b8: 94000317     	bl	0x80081e14 <uart_puts>
800811bc: b9400760     	ldr	w0, [x27, #0x4]
800811c0: 94000322     	bl	0x80081e48 <uart_puthex64>
800811c4: d0000000     	adrp	x0, 0x80083000
800811c8: 9103f800     	add	x0, x0, #0xfe
800811cc: 94000312     	bl	0x80081e14 <uart_puts>
800811d0: b9400760     	ldr	w0, [x27, #0x4]
800811d4: 94000298     	bl	0x80081c34 <xzs_stage_to_string>
800811d8: 9400030f     	bl	0x80081e14 <uart_puts>
800811dc: d0000000     	adrp	x0, 0x80083000
800811e0: 910b0800     	add	x0, x0, #0x2c2
800811e4: 9400030c     	bl	0x80081e14 <uart_puts>
800811e8: d0000000     	adrp	x0, 0x80083000
800811ec: 91129000     	add	x0, x0, #0x4a4
800811f0: 94000309     	bl	0x80081e14 <uart_puts>
800811f4: b9400360     	ldr	w0, [x27]
800811f8: 94000350     	bl	0x80081f38 <uart_putdec>
800811fc: aa1303e0     	mov	x0, x19
80081200: 94000305     	bl	0x80081e14 <uart_puts>
80081204: b9400368     	ldr	w8, [x27]
80081208: 350000a8     	cbnz	w8, 0x8008121c <dumper_main+0x120>
8008120c: f9400b68     	ldr	x8, [x27, #0x10]
80081210: b5000068     	cbnz	x8, 0x8008121c <dumper_main+0x120>
80081214: f9400768     	ldr	x8, [x27, #0x8]
80081218: b40004e8     	cbz	x8, 0x800812b4 <dumper_main+0x1b8>
8008121c: d0000000     	adrp	x0, 0x80083000
80081220: 91141000     	add	x0, x0, #0x504
80081224: 940002fc     	bl	0x80081e14 <uart_puts>
80081228: f9400b60     	ldr	x0, [x27, #0x10]
8008122c: 94000307     	bl	0x80081e48 <uart_puthex64>
80081230: aa1303e0     	mov	x0, x19
80081234: 940002f8     	bl	0x80081e14 <uart_puts>
80081238: d0000000     	adrp	x0, 0x80083000
8008123c: 91021c00     	add	x0, x0, #0x87
80081240: 940002f5     	bl	0x80081e14 <uart_puts>
80081244: f9400760     	ldr	x0, [x27, #0x8]
80081248: 94000300     	bl	0x80081e48 <uart_puthex64>
8008124c: aa1303e0     	mov	x0, x19
80081250: 940002f1     	bl	0x80081e14 <uart_puts>
80081254: d0000000     	adrp	x0, 0x80083000
80081258: 91059800     	add	x0, x0, #0x166
8008125c: 940002ee     	bl	0x80081e14 <uart_puts>
80081260: f9400f60     	ldr	x0, [x27, #0x18]
80081264: 940002f9     	bl	0x80081e48 <uart_puthex64>
80081268: aa1303e0     	mov	x0, x19
8008126c: 940002ea     	bl	0x80081e14 <uart_puts>
80081270: d0000000     	adrp	x0, 0x80083000
80081274: 910c7c00     	add	x0, x0, #0x31f
80081278: 940002e7     	bl	0x80081e14 <uart_puts>
8008127c: f9401360     	ldr	x0, [x27, #0x20]
80081280: 14000009     	b	0x800812a4 <dumper_main+0x1a8>
80081284: b0000000     	adrp	x0, 0x80082000 <uart_putdec+0xc8>
80081288: 913f3800     	add	x0, x0, #0xfce
8008128c: 940002e2     	bl	0x80081e14 <uart_puts>
80081290: d0000000     	adrp	x0, 0x80083000
80081294: 91107c00     	add	x0, x0, #0x41f
80081298: 940002df     	bl	0x80081e14 <uart_puts>
8008129c: 52b000c8     	mov	w8, #-0x7ffa0000        // =-2147090432
800812a0: b9400100     	ldr	w0, [x8]
800812a4: 940002e9     	bl	0x80081e48 <uart_puthex64>
800812a8: d0000000     	adrp	x0, 0x80083000
800812ac: 910c7400     	add	x0, x0, #0x31d
800812b0: 940002d9     	bl	0x80081e14 <uart_puts>
800812b4: b0000000     	adrp	x0, 0x80082000 <uart_putdec+0xc8>
800812b8: 913d0000     	add	x0, x0, #0xf40
800812bc: 940002d6     	bl	0x80081e14 <uart_puts>
800812c0: 94000356     	bl	0x80082018 <usb_init>
800812c4: d29ef9f8     	mov	x24, #0xf7cf            // =63439
800812c8: 910083f3     	add	x19, sp, #0x20
800812cc: d10063b4     	sub	x20, x29, #0x18
800812d0: f2bc6a78     	movk	x24, #0xe353, lsl #16
800812d4: 91004269     	add	x9, x19, #0x10
800812d8: d1003e88     	sub	x8, x20, #0xf
800812dc: f2d374b8     	movk	x24, #0x9ba5, lsl #32
800812e0: b202e7f9     	mov	x25, #-0x3333333333333334 // =-3689348814741910324
800812e4: 2a1f03fc     	mov	w28, wzr
800812e8: d0000017     	adrp	x23, 0x80083000
800812ec: 9111bef7     	add	x23, x23, #0x46f
800812f0: a900a7e8     	stp	x8, x9, [sp, #0x8]
800812f4: d1001e88     	sub	x8, x20, #0x7
800812f8: 52800035     	mov	w21, #0x1               // =1
800812fc: f2e41898     	movk	x24, #0x20c4, lsl #48
80081300: f29999b9     	movk	x25, #0xcccd
80081304: 52800156     	mov	w22, #0xa               // =10
80081308: f9000fe8     	str	x8, [sp, #0x18]
8008130c: 14000008     	b	0x8008132c <dumper_main+0x230>
80081310: d0000000     	adrp	x0, 0x80083000
80081314: 91032000     	add	x0, x0, #0xc8
80081318: 9400068d     	bl	0x80082d4c <usb_puts>
8008131c: d0000000     	adrp	x0, 0x80083000
80081320: 9112d800     	add	x0, x0, #0x4b6
80081324: 9400068a     	bl	0x80082d4c <usb_puts>
80081328: 2a1f03fc     	mov	w28, wzr
8008132c: b9000b5f     	str	wzr, [x26, #0x8]
80081330: b9000355     	str	w21, [x26]
80081334: 940003c0     	bl	0x80082234 <usb_poll>
80081338: d53be009     	mrs	x9, CNTFRQ_EL0
8008133c: d53be048     	mrs	x8, CNTVCT_EL0
80081340: d53be04a     	mrs	x10, CNTVCT_EL0
80081344: d342f929     	ubfx	x9, x9, #2, #61
80081348: 9bd87d29     	umulh	x9, x9, x24
8008134c: d344fd29     	lsr	x9, x9, #4
80081350: cb08014a     	sub	x10, x10, x8
80081354: eb09015f     	cmp	x10, x9
80081358: 540000c2     	b.hs	0x80081370 <dumper_main+0x274>
8008135c: b9000b5f     	str	wzr, [x26, #0x8]
80081360: b9000355     	str	w21, [x26]
80081364: d503201f     	nop
80081368: d53be04a     	mrs	x10, CNTVCT_EL0
8008136c: 17fffff9     	b	0x80081350 <dumper_main+0x254>
80081370: 7107cf9f     	cmp	w28, #0x1f3
80081374: 1100079c     	add	w28, w28, #0x1
80081378: 54fffda3     	b.lo	0x8008132c <dumper_main+0x230>
8008137c: d0000000     	adrp	x0, 0x80083000
80081380: 910e5000     	add	x0, x0, #0x394
80081384: 94000672     	bl	0x80082d4c <usb_puts>
80081388: d0000000     	adrp	x0, 0x80083000
8008138c: 91013400     	add	x0, x0, #0x4d
80081390: 9400066f     	bl	0x80082d4c <usb_puts>
80081394: b0000000     	adrp	x0, 0x80082000 <uart_putdec+0xc8>
80081398: 913d0000     	add	x0, x0, #0xf40
8008139c: 9400066c     	bl	0x80082d4c <usb_puts>
800813a0: 52b000dc     	mov	w28, #-0x7ffa0000       // =-2147090432
800813a4: 528a6889     	mov	w9, #0x5344             // =21316
800813a8: b9400388     	ldr	w8, [x28]
800813ac: 72ab0b49     	movk	w9, #0x585a, lsl #16
800813b0: 6b09011f     	cmp	w8, w9
800813b4: 54000401     	b.ne	0x80081434 <dumper_main+0x338>
800813b8: d0000000     	adrp	x0, 0x80083000
800813bc: 91120000     	add	x0, x0, #0x480
800813c0: 94000663     	bl	0x80082d4c <usb_puts>
800813c4: d0000000     	adrp	x0, 0x80083000
800813c8: 91078000     	add	x0, x0, #0x1e0
800813cc: 94000660     	bl	0x80082d4c <usb_puts>
800813d0: d0000000     	adrp	x0, 0x80083000
800813d4: 91152000     	add	x0, x0, #0x548
800813d8: 9400065d     	bl	0x80082d4c <usb_puts>
800813dc: b85fc36b     	ldur	w11, [x27, #-0x4]
800813e0: 529c001c     	mov	w28, #0xe000            // =57344
800813e4: 72b4ff7c     	movk	w28, #0xa7fb, lsl #16
800813e8: 3400080b     	cbz	w11, 0x800814e8 <dumper_main+0x3ec>
800813ec: aa1f03e8     	mov	x8, xzr
800813f0: 5280002c     	mov	w12, #0x1               // =1
800813f4: 9bd97d69     	umulh	x9, x11, x25
800813f8: aa0803ea     	mov	x10, x8
800813fc: f100297f     	cmp	x11, #0xa
80081400: 91000508     	add	x8, x8, #0x1
80081404: d343fd2d     	lsr	x13, x9, #3
80081408: aa0c03e9     	mov	x9, x12
8008140c: 9100058c     	add	x12, x12, #0x1
80081410: 1b16adae     	msub	w14, w13, w22, w11
80081414: 321c05cb     	orr	w11, w14, #0x30
80081418: 382a6a8b     	strb	w11, [x20, x10]
8008141c: aa0d03eb     	mov	x11, x13
80081420: 54fffea2     	b.hs	0x800813f4 <dumper_main+0x2f8>
80081424: 71001d1f     	cmp	w8, #0x7
80081428: 54000668     	b.hi	0x800814f4 <dumper_main+0x3f8>
8008142c: aa1f03eb     	mov	x11, xzr
80081430: 14000055     	b	0x80081584 <dumper_main+0x488>
80081434: b0000000     	adrp	x0, 0x80082000 <uart_putdec+0xc8>
80081438: 913f3800     	add	x0, x0, #0xfce
8008143c: 94000644     	bl	0x80082d4c <usb_puts>
80081440: b0000000     	adrp	x0, 0x80082000 <uart_putdec+0xc8>
80081444: 913df800     	add	x0, x0, #0xf7e
80081448: 94000641     	bl	0x80082d4c <usb_puts>
8008144c: b9400388     	ldr	w8, [x28]
80081450: 528f0609     	mov	w9, #0x7830             // =30768
80081454: d0000000     	adrp	x0, 0x80083000
80081458: 91156800     	add	x0, x0, #0x55a
8008145c: 781e83a9     	sturh	w9, [x29, #-0x18]
80081460: d35cfd09     	lsr	x9, x8, #28
80081464: d3586d0a     	ubfx	x10, x8, #24, #4
80081468: d3545d0b     	ubfx	x11, x8, #20, #4
8008146c: d3504d0c     	ubfx	x12, x8, #16, #4
80081470: 381f23bf     	sturb	wzr, [x29, #-0xe]
80081474: 38696ae9     	ldrb	w9, [x23, x9]
80081478: 386a6aea     	ldrb	w10, [x23, x10]
8008147c: 386b6aeb     	ldrb	w11, [x23, x11]
80081480: 386c6aec     	ldrb	w12, [x23, x12]
80081484: 381ea3a9     	sturb	w9, [x29, #-0x16]
80081488: d34c3d09     	ubfx	x9, x8, #12, #4
8008148c: 381eb3aa     	sturb	w10, [x29, #-0x15]
80081490: d3482d0a     	ubfx	x10, x8, #8, #4
80081494: 381ec3ab     	sturb	w11, [x29, #-0x14]
80081498: d3441d0b     	ubfx	x11, x8, #4, #4
8008149c: 38696ae9     	ldrb	w9, [x23, x9]
800814a0: 92400d08     	and	x8, x8, #0xf
800814a4: 386a6aea     	ldrb	w10, [x23, x10]
800814a8: 381ed3ac     	sturb	w12, [x29, #-0x13]
800814ac: 381ee3a9     	sturb	w9, [x29, #-0x12]
800814b0: 386b6ae9     	ldrb	w9, [x23, x11]
800814b4: 38686ae8     	ldrb	w8, [x23, x8]
800814b8: 381ef3aa     	sturb	w10, [x29, #-0x11]
800814bc: 381f03a9     	sturb	w9, [x29, #-0x10]
800814c0: 381f13a8     	sturb	w8, [x29, #-0xf]
800814c4: 94000622     	bl	0x80082d4c <usb_puts>
800814c8: d10063a0     	sub	x0, x29, #0x18
800814cc: 94000620     	bl	0x80082d4c <usb_puts>
800814d0: d0000000     	adrp	x0, 0x80083000
800814d4: 910c7400     	add	x0, x0, #0x31d
800814d8: 9400061d     	bl	0x80082d4c <usb_puts>
800814dc: 529c001c     	mov	w28, #0xe000            // =57344
800814e0: 72b4ff7c     	movk	w28, #0xa7fb, lsl #16
800814e4: 140001ae     	b	0x80081b9c <dumper_main+0xaa0>
800814e8: 52800608     	mov	w8, #0x30               // =48
800814ec: 790043e8     	strh	w8, [sp, #0x20]
800814f0: 1400002d     	b	0x800815a4 <dumper_main+0x4a8>
800814f4: 7100811f     	cmp	w8, #0x20
800814f8: 54000062     	b.hs	0x80081504 <dumper_main+0x408>
800814fc: aa1f03eb     	mov	x11, xzr
80081500: 14000013     	b	0x8008154c <dumper_main+0x450>
80081504: a940bbeb     	ldp	x11, x14, [sp, #0x8]
80081508: 927b692d     	and	x13, x9, #0xffffffe0
8008150c: 8b2ac16c     	add	x12, x11, w10, sxtw
80081510: 927b690b     	and	x11, x8, #0xffffffe0
80081514: ad7f8181     	ldp	q1, q0, [x12, #-0x10]
80081518: d10081ad     	sub	x13, x13, #0x20
8008151c: d100818c     	sub	x12, x12, #0x20
80081520: 4e200800     	rev64	v0.16b, v0.16b
80081524: 4e200821     	rev64	v1.16b, v1.16b
80081528: 6e004000     	ext	v0.16b, v0.16b, v0.16b, #0x8
8008152c: 6e014021     	ext	v1.16b, v1.16b, v1.16b, #0x8
80081530: ad3f85c0     	stp	q0, q1, [x14, #-0x10]
80081534: 910081ce     	add	x14, x14, #0x20
80081538: b5fffeed     	cbnz	x13, 0x80081514 <dumper_main+0x418>
8008153c: eb0b011f     	cmp	x8, x11
80081540: 54000300     	b.eq	0x800815a0 <dumper_main+0x4a4>
80081544: f27d051f     	tst	x8, #0x18
80081548: 540001e0     	b.eq	0x80081584 <dumper_main+0x488>
8008154c: f9400fec     	ldr	x12, [sp, #0x18]
80081550: 927d712d     	and	x13, x9, #0xfffffff8
80081554: 8b0b026e     	add	x14, x19, x11
80081558: cb0d016d     	sub	x13, x11, x13
8008155c: cb0b018c     	sub	x12, x12, x11
80081560: 927d710b     	and	x11, x8, #0xfffffff8
80081564: 8b2ac18c     	add	x12, x12, w10, sxtw
80081568: fc5f8580     	ldr	d0, [x12], #-0x8
8008156c: b10021ad     	adds	x13, x13, #0x8
80081570: 0e200800     	rev64	v0.8b, v0.8b
80081574: fc0085c0     	str	d0, [x14], #0x8
80081578: 54ffff81     	b.ne	0x80081568 <dumper_main+0x46c>
8008157c: eb0b011f     	cmp	x8, x11
80081580: 54000100     	b.eq	0x800815a0 <dumper_main+0x4a4>
80081584: cb0b028c     	sub	x12, x20, x11
80081588: 8b2ac18a     	add	x10, x12, w10, sxtw
8008158c: 385ff54c     	ldrb	w12, [x10], #-0x1
80081590: 382b6a6c     	strb	w12, [x19, x11]
80081594: 9100056b     	add	x11, x11, #0x1
80081598: eb0b013f     	cmp	x9, x11
8008159c: 54ffff81     	b.ne	0x8008158c <dumper_main+0x490>
800815a0: 38286a7f     	strb	wzr, [x19, x8]
800815a4: 910083e0     	add	x0, sp, #0x20
800815a8: 940005e9     	bl	0x80082d4c <usb_puts>
800815ac: d0000000     	adrp	x0, 0x80083000
800815b0: 910c2000     	add	x0, x0, #0x308
800815b4: 940005e6     	bl	0x80082d4c <usb_puts>
800815b8: b9400768     	ldr	w8, [x27, #0x4]
800815bc: 528f0609     	mov	w9, #0x7830             // =30768
800815c0: 910083e0     	add	x0, sp, #0x20
800815c4: 790043e9     	strh	w9, [sp, #0x20]
800815c8: d35cfd09     	lsr	x9, x8, #28
800815cc: d3586d0a     	ubfx	x10, x8, #24, #4
800815d0: d3545d0b     	ubfx	x11, x8, #20, #4
800815d4: d3504d0c     	ubfx	x12, x8, #16, #4
800815d8: 3900abff     	strb	wzr, [sp, #0x2a]
800815dc: 38696ae9     	ldrb	w9, [x23, x9]
800815e0: 386a6aea     	ldrb	w10, [x23, x10]
800815e4: 386b6aeb     	ldrb	w11, [x23, x11]
800815e8: 386c6aec     	ldrb	w12, [x23, x12]
800815ec: 39008be9     	strb	w9, [sp, #0x22]
800815f0: d34c3d09     	ubfx	x9, x8, #12, #4
800815f4: 39008fea     	strb	w10, [sp, #0x23]
800815f8: d3482d0a     	ubfx	x10, x8, #8, #4
800815fc: 390093eb     	strb	w11, [sp, #0x24]
80081600: d3441d0b     	ubfx	x11, x8, #4, #4
80081604: 38696ae9     	ldrb	w9, [x23, x9]
80081608: 92400d08     	and	x8, x8, #0xf
8008160c: 386a6aea     	ldrb	w10, [x23, x10]
80081610: 390097ec     	strb	w12, [sp, #0x25]
80081614: 39009be9     	strb	w9, [sp, #0x26]
80081618: 386b6ae9     	ldrb	w9, [x23, x11]
8008161c: 38686ae8     	ldrb	w8, [x23, x8]
80081620: 39009fea     	strb	w10, [sp, #0x27]
80081624: 3900a3e9     	strb	w9, [sp, #0x28]
80081628: 3900a7e8     	strb	w8, [sp, #0x29]
8008162c: 940005c8     	bl	0x80082d4c <usb_puts>
80081630: d0000000     	adrp	x0, 0x80083000
80081634: 9103f800     	add	x0, x0, #0xfe
80081638: 940005c5     	bl	0x80082d4c <usb_puts>
8008163c: b9400760     	ldr	w0, [x27, #0x4]
80081640: 9400017d     	bl	0x80081c34 <xzs_stage_to_string>
80081644: 940005c2     	bl	0x80082d4c <usb_puts>
80081648: d0000000     	adrp	x0, 0x80083000
8008164c: 910d9400     	add	x0, x0, #0x365
80081650: 940005bf     	bl	0x80082d4c <usb_puts>
80081654: b940036b     	ldr	w11, [x27]
80081658: 3400026b     	cbz	w11, 0x800816a4 <dumper_main+0x5a8>
8008165c: aa1f03e8     	mov	x8, xzr
80081660: 5280002c     	mov	w12, #0x1               // =1
80081664: 9bd97d69     	umulh	x9, x11, x25
80081668: aa0803ea     	mov	x10, x8
8008166c: f100297f     	cmp	x11, #0xa
80081670: 91000508     	add	x8, x8, #0x1
80081674: d343fd2d     	lsr	x13, x9, #3
80081678: aa0c03e9     	mov	x9, x12
8008167c: 9100058c     	add	x12, x12, #0x1
80081680: 1b16adae     	msub	w14, w13, w22, w11
80081684: 321c05cb     	orr	w11, w14, #0x30
80081688: 382a6a8b     	strb	w11, [x20, x10]
8008168c: aa0d03eb     	mov	x11, x13
80081690: 54fffea2     	b.hs	0x80081664 <dumper_main+0x568>
80081694: 71001d1f     	cmp	w8, #0x7
80081698: 540000c8     	b.hi	0x800816b0 <dumper_main+0x5b4>
8008169c: aa1f03eb     	mov	x11, xzr
800816a0: 14000028     	b	0x80081740 <dumper_main+0x644>
800816a4: 52800608     	mov	w8, #0x30               // =48
800816a8: 790043e8     	strh	w8, [sp, #0x20]
800816ac: 1400002d     	b	0x80081760 <dumper_main+0x664>
800816b0: 7100811f     	cmp	w8, #0x20
800816b4: 54000062     	b.hs	0x800816c0 <dumper_main+0x5c4>
800816b8: aa1f03eb     	mov	x11, xzr
800816bc: 14000013     	b	0x80081708 <dumper_main+0x60c>
800816c0: a940bbeb     	ldp	x11, x14, [sp, #0x8]
800816c4: 927b692d     	and	x13, x9, #0xffffffe0
800816c8: 8b2ac16c     	add	x12, x11, w10, sxtw
800816cc: 927b690b     	and	x11, x8, #0xffffffe0
800816d0: ad7f8181     	ldp	q1, q0, [x12, #-0x10]
800816d4: d10081ad     	sub	x13, x13, #0x20
800816d8: d100818c     	sub	x12, x12, #0x20
800816dc: 4e200800     	rev64	v0.16b, v0.16b
800816e0: 4e200821     	rev64	v1.16b, v1.16b
800816e4: 6e004000     	ext	v0.16b, v0.16b, v0.16b, #0x8
800816e8: 6e014021     	ext	v1.16b, v1.16b, v1.16b, #0x8
800816ec: ad3f85c0     	stp	q0, q1, [x14, #-0x10]
800816f0: 910081ce     	add	x14, x14, #0x20
800816f4: b5fffeed     	cbnz	x13, 0x800816d0 <dumper_main+0x5d4>
800816f8: eb0b011f     	cmp	x8, x11
800816fc: 54000300     	b.eq	0x8008175c <dumper_main+0x660>
80081700: f27d051f     	tst	x8, #0x18
80081704: 540001e0     	b.eq	0x80081740 <dumper_main+0x644>
80081708: f9400fec     	ldr	x12, [sp, #0x18]
8008170c: 927d712d     	and	x13, x9, #0xfffffff8
80081710: 8b0b026e     	add	x14, x19, x11
80081714: cb0d016d     	sub	x13, x11, x13
80081718: cb0b018c     	sub	x12, x12, x11
8008171c: 927d710b     	and	x11, x8, #0xfffffff8
80081720: 8b2ac18c     	add	x12, x12, w10, sxtw
80081724: fc5f8580     	ldr	d0, [x12], #-0x8
80081728: b10021ad     	adds	x13, x13, #0x8
8008172c: 0e200800     	rev64	v0.8b, v0.8b
80081730: fc0085c0     	str	d0, [x14], #0x8
80081734: 54ffff81     	b.ne	0x80081724 <dumper_main+0x628>
80081738: eb0b011f     	cmp	x8, x11
8008173c: 54000100     	b.eq	0x8008175c <dumper_main+0x660>
80081740: cb0b028c     	sub	x12, x20, x11
80081744: 8b2ac18a     	add	x10, x12, w10, sxtw
80081748: 385ff54c     	ldrb	w12, [x10], #-0x1
8008174c: 382b6a6c     	strb	w12, [x19, x11]
80081750: 9100056b     	add	x11, x11, #0x1
80081754: eb0b013f     	cmp	x9, x11
80081758: 54ffff81     	b.ne	0x80081748 <dumper_main+0x64c>
8008175c: 38286a7f     	strb	wzr, [x19, x8]
80081760: 910083e0     	add	x0, sp, #0x20
80081764: 9400057a     	bl	0x80082d4c <usb_puts>
80081768: d0000000     	adrp	x0, 0x80083000
8008176c: 910c7400     	add	x0, x0, #0x31d
80081770: 94000577     	bl	0x80082d4c <usb_puts>
80081774: b9400368     	ldr	w8, [x27]
80081778: 350000a8     	cbnz	w8, 0x8008178c <dumper_main+0x690>
8008177c: f9400b68     	ldr	x8, [x27, #0x10]
80081780: b5000068     	cbnz	x8, 0x8008178c <dumper_main+0x690>
80081784: f9400768     	ldr	x8, [x27, #0x8]
80081788: b4001e88     	cbz	x8, 0x80081b58 <dumper_main+0xa5c>
8008178c: b0000000     	adrp	x0, 0x80082000 <uart_putdec+0xc8>
80081790: 913fc400     	add	x0, x0, #0xff1
80081794: 9400056e     	bl	0x80082d4c <usb_puts>
80081798: f9400b68     	ldr	x8, [x27, #0x10]
8008179c: 528f061b     	mov	w27, #0x7830            // =30768
800817a0: d10063a0     	sub	x0, x29, #0x18
800817a4: 781e83bb     	sturh	w27, [x29, #-0x18]
800817a8: d37cfd09     	lsr	x9, x8, #60
800817ac: d378ed0a     	ubfx	x10, x8, #56, #4
800817b0: d374dd0b     	ubfx	x11, x8, #52, #4
800817b4: d370cd0c     	ubfx	x12, x8, #48, #4
800817b8: 381fa3bf     	sturb	wzr, [x29, #-0x6]
800817bc: 38696ae9     	ldrb	w9, [x23, x9]
800817c0: 386a6aea     	ldrb	w10, [x23, x10]
800817c4: 386b6aeb     	ldrb	w11, [x23, x11]
800817c8: 386c6aec     	ldrb	w12, [x23, x12]
800817cc: 381ea3a9     	sturb	w9, [x29, #-0x16]
800817d0: d36cbd09     	ubfx	x9, x8, #44, #4
800817d4: 381eb3aa     	sturb	w10, [x29, #-0x15]
800817d8: d368ad0a     	ubfx	x10, x8, #40, #4
800817dc: 381ec3ab     	sturb	w11, [x29, #-0x14]
800817e0: d3649d0b     	ubfx	x11, x8, #36, #4
800817e4: 38696ae9     	ldrb	w9, [x23, x9]
800817e8: 381ed3ac     	sturb	w12, [x29, #-0x13]
800817ec: d3608d0c     	ubfx	x12, x8, #32, #4
800817f0: 386a6aea     	ldrb	w10, [x23, x10]
800817f4: 381ee3a9     	sturb	w9, [x29, #-0x12]
800817f8: 386b6ae9     	ldrb	w9, [x23, x11]
800817fc: 531c7d0b     	lsr	w11, w8, #28
80081800: 381ef3aa     	sturb	w10, [x29, #-0x11]
80081804: 386c6aea     	ldrb	w10, [x23, x12]
80081808: d3586d0c     	ubfx	x12, x8, #24, #4
8008180c: 381f03a9     	sturb	w9, [x29, #-0x10]
80081810: 386b6ae9     	ldrb	w9, [x23, x11]
80081814: d3545d0b     	ubfx	x11, x8, #20, #4
80081818: 381f13aa     	sturb	w10, [x29, #-0xf]
8008181c: 386c6aea     	ldrb	w10, [x23, x12]
80081820: d3504d0c     	ubfx	x12, x8, #16, #4
80081824: 381f23a9     	sturb	w9, [x29, #-0xe]
80081828: 386b6ae9     	ldrb	w9, [x23, x11]
8008182c: d34c3d0b     	ubfx	x11, x8, #12, #4
80081830: 381f33aa     	sturb	w10, [x29, #-0xd]
80081834: 386c6aea     	ldrb	w10, [x23, x12]
80081838: d3482d0c     	ubfx	x12, x8, #8, #4
8008183c: 381f43a9     	sturb	w9, [x29, #-0xc]
80081840: 386b6ae9     	ldrb	w9, [x23, x11]
80081844: d3441d0b     	ubfx	x11, x8, #4, #4
80081848: 92400d08     	and	x8, x8, #0xf
8008184c: 381f53aa     	sturb	w10, [x29, #-0xb]
80081850: 386c6aea     	ldrb	w10, [x23, x12]
80081854: 381f63a9     	sturb	w9, [x29, #-0xa]
80081858: 386b6ae9     	ldrb	w9, [x23, x11]
8008185c: 38686ae8     	ldrb	w8, [x23, x8]
80081860: 381f73aa     	sturb	w10, [x29, #-0x9]
80081864: 381f83a9     	sturb	w9, [x29, #-0x8]
80081868: 381f93a8     	sturb	w8, [x29, #-0x7]
8008186c: 94000538     	bl	0x80082d4c <usb_puts>
80081870: d0000018     	adrp	x24, 0x80083000
80081874: 910c7718     	add	x24, x24, #0x31d
80081878: aa1803e0     	mov	x0, x24
8008187c: 94000534     	bl	0x80082d4c <usb_puts>
80081880: d0000000     	adrp	x0, 0x80083000
80081884: 91004800     	add	x0, x0, #0x12
80081888: 94000531     	bl	0x80082d4c <usb_puts>
8008188c: 52800208     	mov	w8, #0x10               // =16
80081890: d10063a0     	sub	x0, x29, #0x18
80081894: 72b000c8     	movk	w8, #0x8006, lsl #16
80081898: f9400508     	ldr	x8, [x8, #0x8]
8008189c: 781e83bb     	sturh	w27, [x29, #-0x18]
800818a0: 381fa3bf     	sturb	wzr, [x29, #-0x6]
800818a4: d37cfd09     	lsr	x9, x8, #60
800818a8: d378ed0a     	ubfx	x10, x8, #56, #4
800818ac: d374dd0b     	ubfx	x11, x8, #52, #4
800818b0: d370cd0c     	ubfx	x12, x8, #48, #4
800818b4: 38696ae9     	ldrb	w9, [x23, x9]
800818b8: 386a6aea     	ldrb	w10, [x23, x10]
800818bc: 386b6aeb     	ldrb	w11, [x23, x11]
800818c0: 386c6aec     	ldrb	w12, [x23, x12]
800818c4: 381ea3a9     	sturb	w9, [x29, #-0x16]
800818c8: d36cbd09     	ubfx	x9, x8, #44, #4
800818cc: 381eb3aa     	sturb	w10, [x29, #-0x15]
800818d0: d368ad0a     	ubfx	x10, x8, #40, #4
800818d4: 381ec3ab     	sturb	w11, [x29, #-0x14]
800818d8: d3649d0b     	ubfx	x11, x8, #36, #4
800818dc: 38696ae9     	ldrb	w9, [x23, x9]
800818e0: 381ed3ac     	sturb	w12, [x29, #-0x13]
800818e4: d3608d0c     	ubfx	x12, x8, #32, #4
800818e8: 386a6aea     	ldrb	w10, [x23, x10]
800818ec: 381ee3a9     	sturb	w9, [x29, #-0x12]
800818f0: 386b6ae9     	ldrb	w9, [x23, x11]
800818f4: 531c7d0b     	lsr	w11, w8, #28
800818f8: 381ef3aa     	sturb	w10, [x29, #-0x11]
800818fc: 386c6aea     	ldrb	w10, [x23, x12]
80081900: d3586d0c     	ubfx	x12, x8, #24, #4
80081904: 381f03a9     	sturb	w9, [x29, #-0x10]
80081908: 386b6ae9     	ldrb	w9, [x23, x11]
8008190c: d3545d0b     	ubfx	x11, x8, #20, #4
80081910: 381f13aa     	sturb	w10, [x29, #-0xf]
80081914: 386c6aea     	ldrb	w10, [x23, x12]
80081918: d3504d0c     	ubfx	x12, x8, #16, #4
8008191c: 381f23a9     	sturb	w9, [x29, #-0xe]
80081920: 386b6ae9     	ldrb	w9, [x23, x11]
80081924: d34c3d0b     	ubfx	x11, x8, #12, #4
80081928: 381f33aa     	sturb	w10, [x29, #-0xd]
8008192c: 386c6aea     	ldrb	w10, [x23, x12]
80081930: d3482d0c     	ubfx	x12, x8, #8, #4
80081934: 381f43a9     	sturb	w9, [x29, #-0xc]
80081938: 386b6ae9     	ldrb	w9, [x23, x11]
8008193c: d3441d0b     	ubfx	x11, x8, #4, #4
80081940: 92400d08     	and	x8, x8, #0xf
80081944: 381f53aa     	sturb	w10, [x29, #-0xb]
80081948: 386c6aea     	ldrb	w10, [x23, x12]
8008194c: 381f63a9     	sturb	w9, [x29, #-0xa]
80081950: 386b6ae9     	ldrb	w9, [x23, x11]
80081954: 38686ae8     	ldrb	w8, [x23, x8]
80081958: 381f73aa     	sturb	w10, [x29, #-0x9]
8008195c: 381f83a9     	sturb	w9, [x29, #-0x8]
80081960: 381f93a8     	sturb	w8, [x29, #-0x7]
80081964: 940004fa     	bl	0x80082d4c <usb_puts>
80081968: aa1803e0     	mov	x0, x24
8008196c: 940004f8     	bl	0x80082d4c <usb_puts>
80081970: d0000000     	adrp	x0, 0x80083000
80081974: 9105e800     	add	x0, x0, #0x17a
80081978: 940004f5     	bl	0x80082d4c <usb_puts>
8008197c: 52800208     	mov	w8, #0x10               // =16
80081980: d10063a0     	sub	x0, x29, #0x18
80081984: 72b000c8     	movk	w8, #0x8006, lsl #16
80081988: f9400d08     	ldr	x8, [x8, #0x18]
8008198c: 781e83bb     	sturh	w27, [x29, #-0x18]
80081990: 381fa3bf     	sturb	wzr, [x29, #-0x6]
80081994: d37cfd09     	lsr	x9, x8, #60
80081998: d378ed0a     	ubfx	x10, x8, #56, #4
8008199c: d374dd0b     	ubfx	x11, x8, #52, #4
800819a0: d370cd0c     	ubfx	x12, x8, #48, #4
800819a4: 38696ae9     	ldrb	w9, [x23, x9]
800819a8: 386a6aea     	ldrb	w10, [x23, x10]
800819ac: 386b6aeb     	ldrb	w11, [x23, x11]
800819b0: 386c6aec     	ldrb	w12, [x23, x12]
800819b4: 381ea3a9     	sturb	w9, [x29, #-0x16]
800819b8: d36cbd09     	ubfx	x9, x8, #44, #4
800819bc: 381eb3aa     	sturb	w10, [x29, #-0x15]
800819c0: d368ad0a     	ubfx	x10, x8, #40, #4
800819c4: 381ec3ab     	sturb	w11, [x29, #-0x14]
800819c8: d3649d0b     	ubfx	x11, x8, #36, #4
800819cc: 38696ae9     	ldrb	w9, [x23, x9]
800819d0: 381ed3ac     	sturb	w12, [x29, #-0x13]
800819d4: d3608d0c     	ubfx	x12, x8, #32, #4
800819d8: 386a6aea     	ldrb	w10, [x23, x10]
800819dc: 381ee3a9     	sturb	w9, [x29, #-0x12]
800819e0: 386b6ae9     	ldrb	w9, [x23, x11]
800819e4: 531c7d0b     	lsr	w11, w8, #28
800819e8: 381ef3aa     	sturb	w10, [x29, #-0x11]
800819ec: 386c6aea     	ldrb	w10, [x23, x12]
800819f0: d3586d0c     	ubfx	x12, x8, #24, #4
800819f4: 381f03a9     	sturb	w9, [x29, #-0x10]
800819f8: 386b6ae9     	ldrb	w9, [x23, x11]
800819fc: d3545d0b     	ubfx	x11, x8, #20, #4
80081a00: 381f13aa     	sturb	w10, [x29, #-0xf]
80081a04: 386c6aea     	ldrb	w10, [x23, x12]
80081a08: d3504d0c     	ubfx	x12, x8, #16, #4
80081a0c: 381f23a9     	sturb	w9, [x29, #-0xe]
80081a10: 386b6ae9     	ldrb	w9, [x23, x11]
80081a14: d34c3d0b     	ubfx	x11, x8, #12, #4
80081a18: 381f33aa     	sturb	w10, [x29, #-0xd]
80081a1c: 386c6aea     	ldrb	w10, [x23, x12]
80081a20: d3482d0c     	ubfx	x12, x8, #8, #4
80081a24: 381f43a9     	sturb	w9, [x29, #-0xc]
80081a28: 386b6ae9     	ldrb	w9, [x23, x11]
80081a2c: d3441d0b     	ubfx	x11, x8, #4, #4
80081a30: 92400d08     	and	x8, x8, #0xf
80081a34: 381f53aa     	sturb	w10, [x29, #-0xb]
80081a38: 386c6aea     	ldrb	w10, [x23, x12]
80081a3c: 381f63a9     	sturb	w9, [x29, #-0xa]
80081a40: 386b6ae9     	ldrb	w9, [x23, x11]
80081a44: 38686ae8     	ldrb	w8, [x23, x8]
80081a48: 381f73aa     	sturb	w10, [x29, #-0x9]
80081a4c: 381f83a9     	sturb	w9, [x29, #-0x8]
80081a50: 381f93a8     	sturb	w8, [x29, #-0x7]
80081a54: 940004be     	bl	0x80082d4c <usb_puts>
80081a58: aa1803e0     	mov	x0, x24
80081a5c: 940004bc     	bl	0x80082d4c <usb_puts>
80081a60: d0000000     	adrp	x0, 0x80083000
80081a64: 91110400     	add	x0, x0, #0x441
80081a68: 940004b9     	bl	0x80082d4c <usb_puts>
80081a6c: 52800208     	mov	w8, #0x10               // =16
80081a70: d10063a0     	sub	x0, x29, #0x18
80081a74: 72b000c8     	movk	w8, #0x8006, lsl #16
80081a78: f9401108     	ldr	x8, [x8, #0x20]
80081a7c: 781e83bb     	sturh	w27, [x29, #-0x18]
80081a80: 5280021b     	mov	w27, #0x10              // =16
80081a84: 72b000db     	movk	w27, #0x8006, lsl #16
80081a88: 381fa3bf     	sturb	wzr, [x29, #-0x6]
80081a8c: d37cfd09     	lsr	x9, x8, #60
80081a90: d378ed0a     	ubfx	x10, x8, #56, #4
80081a94: d374dd0b     	ubfx	x11, x8, #52, #4
80081a98: d370cd0c     	ubfx	x12, x8, #48, #4
80081a9c: 38696ae9     	ldrb	w9, [x23, x9]
80081aa0: 386a6aea     	ldrb	w10, [x23, x10]
80081aa4: 386b6aeb     	ldrb	w11, [x23, x11]
80081aa8: 386c6aec     	ldrb	w12, [x23, x12]
80081aac: 381ea3a9     	sturb	w9, [x29, #-0x16]
80081ab0: d36cbd09     	ubfx	x9, x8, #44, #4
80081ab4: 381eb3aa     	sturb	w10, [x29, #-0x15]
80081ab8: d368ad0a     	ubfx	x10, x8, #40, #4
80081abc: 381ec3ab     	sturb	w11, [x29, #-0x14]
80081ac0: d3649d0b     	ubfx	x11, x8, #36, #4
80081ac4: 38696ae9     	ldrb	w9, [x23, x9]
80081ac8: 381ed3ac     	sturb	w12, [x29, #-0x13]
80081acc: d3608d0c     	ubfx	x12, x8, #32, #4
80081ad0: 386a6aea     	ldrb	w10, [x23, x10]
80081ad4: 381ee3a9     	sturb	w9, [x29, #-0x12]
80081ad8: 386b6ae9     	ldrb	w9, [x23, x11]
80081adc: 531c7d0b     	lsr	w11, w8, #28
80081ae0: 381ef3aa     	sturb	w10, [x29, #-0x11]
80081ae4: 386c6aea     	ldrb	w10, [x23, x12]
80081ae8: d3586d0c     	ubfx	x12, x8, #24, #4
80081aec: 381f03a9     	sturb	w9, [x29, #-0x10]
80081af0: 386b6ae9     	ldrb	w9, [x23, x11]
80081af4: d3545d0b     	ubfx	x11, x8, #20, #4
80081af8: 381f13aa     	sturb	w10, [x29, #-0xf]
80081afc: 386c6aea     	ldrb	w10, [x23, x12]
80081b00: d3504d0c     	ubfx	x12, x8, #16, #4
80081b04: 381f23a9     	sturb	w9, [x29, #-0xe]
80081b08: 386b6ae9     	ldrb	w9, [x23, x11]
80081b0c: d34c3d0b     	ubfx	x11, x8, #12, #4
80081b10: 381f33aa     	sturb	w10, [x29, #-0xd]
80081b14: 386c6aea     	ldrb	w10, [x23, x12]
80081b18: d3482d0c     	ubfx	x12, x8, #8, #4
80081b1c: 381f43a9     	sturb	w9, [x29, #-0xc]
80081b20: 386b6ae9     	ldrb	w9, [x23, x11]
80081b24: d3441d0b     	ubfx	x11, x8, #4, #4
80081b28: 92400d08     	and	x8, x8, #0xf
80081b2c: 381f53aa     	sturb	w10, [x29, #-0xb]
80081b30: 386c6aea     	ldrb	w10, [x23, x12]
80081b34: 381f63a9     	sturb	w9, [x29, #-0xa]
80081b38: 386b6ae9     	ldrb	w9, [x23, x11]
80081b3c: 38686ae8     	ldrb	w8, [x23, x8]
80081b40: 381f73aa     	sturb	w10, [x29, #-0x9]
80081b44: 381f83a9     	sturb	w9, [x29, #-0x8]
80081b48: 381f93a8     	sturb	w8, [x29, #-0x7]
80081b4c: 94000480     	bl	0x80082d4c <usb_puts>
80081b50: aa1803e0     	mov	x0, x24
80081b54: 9400047e     	bl	0x80082d4c <usb_puts>
80081b58: d0000000     	adrp	x0, 0x80083000
80081b5c: 91040400     	add	x0, x0, #0x101
80081b60: 9400047b     	bl	0x80082d4c <usb_puts>
80081b64: b85f8368     	ldur	w8, [x27, #-0x8]
80081b68: 340000c8     	cbz	w8, 0x80081b80 <dumper_main+0xa84>
80081b6c: 529ff809     	mov	w9, #0xffc0             // =65472
80081b70: 9100c360     	add	x0, x27, #0x30
80081b74: 6b09011f     	cmp	w8, w9
80081b78: 1a893101     	csel	w1, w8, w9, lo
80081b7c: 940003fd     	bl	0x80082b70 <usb_write_bytes>
80081b80: d0000000     	adrp	x0, 0x80083000
80081b84: 91114c00     	add	x0, x0, #0x453
80081b88: 94000471     	bl	0x80082d4c <usb_puts>
80081b8c: d29ef9f8     	mov	x24, #0xf7cf            // =63439
80081b90: f2bc6a78     	movk	x24, #0xe353, lsl #16
80081b94: f2d374b8     	movk	x24, #0x9ba5, lsl #32
80081b98: f2e41898     	movk	x24, #0x20c4, lsl #48
80081b9c: b9400388     	ldr	w8, [x28]
80081ba0: 52884889     	mov	w9, #0x4244             // =16964
80081ba4: 72a868e9     	movk	w9, #0x4347, lsl #16
80081ba8: 6b09011f     	cmp	w8, w9
80081bac: 540001e1     	b.ne	0x80081be8 <dumper_main+0xaec>
80081bb0: d0000000     	adrp	x0, 0x80083000
80081bb4: 91026c00     	add	x0, x0, #0x9b
80081bb8: 94000465     	bl	0x80082d4c <usb_puts>
80081bbc: b9400b88     	ldr	w8, [x28, #0x8]
80081bc0: 340000e8     	cbz	w8, 0x80081bdc <dumper_main+0xae0>
80081bc4: 529fee09     	mov	w9, #0xff70             // =65392
80081bc8: 91003380     	add	x0, x28, #0xc
80081bcc: 72a00069     	movk	w9, #0x3, lsl #16
80081bd0: 6b09011f     	cmp	w8, w9
80081bd4: 1a893101     	csel	w1, w8, w9, lo
80081bd8: 940003e6     	bl	0x80082b70 <usb_write_bytes>
80081bdc: d0000000     	adrp	x0, 0x80083000
80081be0: 9108d400     	add	x0, x0, #0x235
80081be4: 9400045a     	bl	0x80082d4c <usb_puts>
80081be8: 52b4fe08     	mov	w8, #-0x58100000        // =-1477443584
80081bec: 52884889     	mov	w9, #0x4244             // =16964
80081bf0: b9400108     	ldr	w8, [x8]
80081bf4: 72a868e9     	movk	w9, #0x4347, lsl #16
80081bf8: 6b09011f     	cmp	w8, w9
80081bfc: 54ffb901     	b.ne	0x8008131c <dumper_main+0x220>
80081c00: d0000000     	adrp	x0, 0x80083000
80081c04: 91066c00     	add	x0, x0, #0x19b
80081c08: 94000451     	bl	0x80082d4c <usb_puts>
80081c0c: 52800109     	mov	w9, #0x8                // =8
80081c10: 72b4fe09     	movk	w9, #0xa7f0, lsl #16
80081c14: b9400128     	ldr	w8, [x9]
80081c18: 34ffb7c8     	cbz	w8, 0x80081310 <dumper_main+0x214>
80081c1c: 713e811f     	cmp	w8, #0xfa0
80081c20: 5281f40a     	mov	w10, #0xfa0             // =4000
80081c24: 91001120     	add	x0, x9, #0x4
80081c28: 1a8a3101     	csel	w1, w8, w10, lo
80081c2c: 940003d1     	bl	0x80082b70 <usb_write_bytes>
80081c30: 17fffdb8     	b	0x80081310 <dumper_main+0x214>

0000000080081c34 <xzs_stage_to_string>:
80081c34: 7107fc1f     	cmp	w0, #0x1ff
80081c38: 5400018d     	b.le	0x80081c68 <xzs_stage_to_string+0x34>
80081c3c: 71080c1f     	cmp	w0, #0x203
80081c40: 540002ac     	b.gt	0x80081c94 <xzs_stage_to_string+0x60>
80081c44: 7108041f     	cmp	w0, #0x201
80081c48: 5400058c     	b.gt	0x80081cf8 <xzs_stage_to_string+0xc4>
80081c4c: 7108001f     	cmp	w0, #0x200
80081c50: 54000820     	b.eq	0x80081d54 <xzs_stage_to_string+0x120>
80081c54: 7108041f     	cmp	w0, #0x201
80081c58: 54000961     	b.ne	0x80081d84 <xzs_stage_to_string+0x150>
80081c5c: d0000000     	adrp	x0, 0x80083000
80081c60: 910fd400     	add	x0, x0, #0x3f5
80081c64: d65f03c0     	ret
80081c68: 7104081f     	cmp	w0, #0x102
80081c6c: 5400026d     	b.le	0x80081cb8 <xzs_stage_to_string+0x84>
80081c70: 7104101f     	cmp	w0, #0x104
80081c74: 5400034c     	b.gt	0x80081cdc <xzs_stage_to_string+0xa8>
80081c78: 71040c1f     	cmp	w0, #0x103
80081c7c: 540005a0     	b.eq	0x80081d30 <xzs_stage_to_string+0xfc>
80081c80: 7104101f     	cmp	w0, #0x104
80081c84: 54000801     	b.ne	0x80081d84 <xzs_stage_to_string+0x150>
80081c88: d0000000     	adrp	x0, 0x80083000
80081c8c: 9115cc00     	add	x0, x0, #0x573
80081c90: d65f03c0     	ret
80081c94: 7108141f     	cmp	w0, #0x205
80081c98: 540003ec     	b.gt	0x80081d14 <xzs_stage_to_string+0xe0>
80081c9c: 7108101f     	cmp	w0, #0x204
80081ca0: 54000600     	b.eq	0x80081d60 <xzs_stage_to_string+0x12c>
80081ca4: 7108141f     	cmp	w0, #0x205
80081ca8: 540006e1     	b.ne	0x80081d84 <xzs_stage_to_string+0x150>
80081cac: d0000000     	adrp	x0, 0x80083000
80081cb0: 910b6800     	add	x0, x0, #0x2da
80081cb4: d65f03c0     	ret
80081cb8: 7104001f     	cmp	w0, #0x100
80081cbc: 540006a0     	b.eq	0x80081d90 <xzs_stage_to_string+0x15c>
80081cc0: 7104041f     	cmp	w0, #0x101
80081cc4: 54000420     	b.eq	0x80081d48 <xzs_stage_to_string+0x114>
80081cc8: 7104081f     	cmp	w0, #0x102
80081ccc: 540005c1     	b.ne	0x80081d84 <xzs_stage_to_string+0x150>
80081cd0: d0000000     	adrp	x0, 0x80083000
80081cd4: 91146000     	add	x0, x0, #0x518
80081cd8: d65f03c0     	ret
80081cdc: 7104141f     	cmp	w0, #0x105
80081ce0: 540002e0     	b.eq	0x80081d3c <xzs_stage_to_string+0x108>
80081ce4: 7104181f     	cmp	w0, #0x106
80081ce8: 540004e1     	b.ne	0x80081d84 <xzs_stage_to_string+0x150>
80081cec: d0000000     	adrp	x0, 0x80083000
80081cf0: 9101bc00     	add	x0, x0, #0x6f
80081cf4: d65f03c0     	ret
80081cf8: 7108081f     	cmp	w0, #0x202
80081cfc: 54000380     	b.eq	0x80081d6c <xzs_stage_to_string+0x138>
80081d00: 71080c1f     	cmp	w0, #0x203
80081d04: 54000401     	b.ne	0x80081d84 <xzs_stage_to_string+0x150>
80081d08: d0000000     	adrp	x0, 0x80083000
80081d0c: 91039800     	add	x0, x0, #0xe6
80081d10: d65f03c0     	ret
80081d14: 7108181f     	cmp	w0, #0x206
80081d18: 54000300     	b.eq	0x80081d78 <xzs_stage_to_string+0x144>
80081d1c: 71081c1f     	cmp	w0, #0x207
80081d20: 54000321     	b.ne	0x80081d84 <xzs_stage_to_string+0x150>
80081d24: d0000000     	adrp	x0, 0x80083000
80081d28: 9100cc00     	add	x0, x0, #0x33
80081d2c: d65f03c0     	ret
80081d30: d0000000     	adrp	x0, 0x80083000
80081d34: 910f4c00     	add	x0, x0, #0x3d3
80081d38: d65f03c0     	ret
80081d3c: d0000000     	adrp	x0, 0x80083000
80081d40: 9114bc00     	add	x0, x0, #0x52f
80081d44: d65f03c0     	ret
80081d48: d0000000     	adrp	x0, 0x80083000
80081d4c: 910b1400     	add	x0, x0, #0x2c5
80081d50: d65f03c0     	ret
80081d54: d0000000     	adrp	x0, 0x80083000
80081d58: 91049000     	add	x0, x0, #0x124
80081d5c: d65f03c0     	ret
80081d60: d0000000     	adrp	x0, 0x80083000
80081d64: 910de400     	add	x0, x0, #0x379
80081d68: d65f03c0     	ret
80081d6c: d0000000     	adrp	x0, 0x80083000
80081d70: 910a9000     	add	x0, x0, #0x2a4
80081d74: d65f03c0     	ret
80081d78: d0000000     	adrp	x0, 0x80083000
80081d7c: 91071800     	add	x0, x0, #0x1c6
80081d80: d65f03c0     	ret
80081d84: d0000000     	adrp	x0, 0x80083000
80081d88: 910fb400     	add	x0, x0, #0x3ed
80081d8c: d65f03c0     	ret
80081d90: d503201f     	nop
80081d94: 10009480     	adr	x0, 0x80083024
80081d98: d65f03c0     	ret

0000000080081d9c <uart_putc>:
80081d9c: a9be7bfd     	stp	x29, x30, [sp, #-0x20]!
80081da0: f9000bf3     	str	x19, [sp, #0x10]
80081da4: 12001c13     	and	w19, w0, #0xff
80081da8: 910003fd     	mov	x29, sp
80081dac: 71002a7f     	cmp	w19, #0xa
80081db0: 54000061     	b.ne	0x80081dbc <uart_putc+0x20>
80081db4: 528001a0     	mov	w0, #0xd                // =13
80081db8: 97fffff9     	bl	0x80081d9c <uart_putc>
80081dbc: 52800108     	mov	w8, #0x8                // =8
80081dc0: 129869e9     	mov	w9, #-0xc350            // =-50000
80081dc4: 72a0eb68     	movk	w8, #0x75b, lsl #16
80081dc8: b9000d1f     	str	wzr, [x8, #0xc]
80081dcc: b940010a     	ldr	w10, [x8]
80081dd0: 3718008a     	tbnz	w10, #0x3, 0x80081de0 <uart_putc+0x44>
80081dd4: 31000529     	adds	w9, w9, #0x1
80081dd8: 54ffffa3     	b.lo	0x80081dcc <uart_putc+0x30>
80081ddc: 1400000b     	b	0x80081e08 <uart_putc+0x6c>
80081de0: 52800029     	mov	w9, #0x1                // =1
80081de4: b9003909     	str	w9, [x8, #0x38]
80081de8: 129869e9     	mov	w9, #-0xc350            // =-50000
80081dec: b940391f     	ldr	wzr, [x8, #0x38]
80081df0: b940010a     	ldr	w10, [x8]
80081df4: 3710008a     	tbnz	w10, #0x2, 0x80081e04 <uart_putc+0x68>
80081df8: 31000529     	adds	w9, w9, #0x1
80081dfc: 54ffffa3     	b.lo	0x80081df0 <uart_putc+0x54>
80081e00: 14000002     	b	0x80081e08 <uart_putc+0x6c>
80081e04: b9006913     	str	w19, [x8, #0x68]
80081e08: f9400bf3     	ldr	x19, [sp, #0x10]
80081e0c: a8c27bfd     	ldp	x29, x30, [sp], #0x20
80081e10: d65f03c0     	ret

0000000080081e14 <uart_puts>:
80081e14: aa0003e8     	mov	x8, x0
80081e18: 39400000     	ldrb	w0, [x0]
80081e1c: 34000140     	cbz	w0, 0x80081e44 <uart_puts+0x30>
80081e20: a9be7bfd     	stp	x29, x30, [sp, #-0x20]!
80081e24: f9000bf3     	str	x19, [sp, #0x10]
80081e28: 91000513     	add	x19, x8, #0x1
80081e2c: 910003fd     	mov	x29, sp
80081e30: 97ffffdb     	bl	0x80081d9c <uart_putc>
80081e34: 38401660     	ldrb	w0, [x19], #0x1
80081e38: 35ffffc0     	cbnz	w0, 0x80081e30 <uart_puts+0x1c>
80081e3c: f9400bf3     	ldr	x19, [sp, #0x10]
80081e40: a8c27bfd     	ldp	x29, x30, [sp], #0x20
80081e44: d65f03c0     	ret

0000000080081e48 <uart_puthex64>:
80081e48: a9be7bfd     	stp	x29, x30, [sp, #-0x20]!
80081e4c: a9014ff4     	stp	x20, x19, [sp, #0x10]
80081e50: aa0003f3     	mov	x19, x0
80081e54: 52800600     	mov	w0, #0x30               // =48
80081e58: 910003fd     	mov	x29, sp
80081e5c: 97ffffd0     	bl	0x80081d9c <uart_putc>
80081e60: 52800f00     	mov	w0, #0x78               // =120
80081e64: 97ffffce     	bl	0x80081d9c <uart_putc>
80081e68: d37cfe68     	lsr	x8, x19, #60
80081e6c: d0000014     	adrp	x20, 0x80083000
80081e70: 9111be94     	add	x20, x20, #0x46f
80081e74: 38686a80     	ldrb	w0, [x20, x8]
80081e78: 97ffffc9     	bl	0x80081d9c <uart_putc>
80081e7c: d378ee68     	ubfx	x8, x19, #56, #4
80081e80: 38686a80     	ldrb	w0, [x20, x8]
80081e84: 97ffffc6     	bl	0x80081d9c <uart_putc>
80081e88: d374de68     	ubfx	x8, x19, #52, #4
80081e8c: 38686a80     	ldrb	w0, [x20, x8]
80081e90: 97ffffc3     	bl	0x80081d9c <uart_putc>
80081e94: d370ce68     	ubfx	x8, x19, #48, #4
80081e98: 38686a80     	ldrb	w0, [x20, x8]
80081e9c: 97ffffc0     	bl	0x80081d9c <uart_putc>
80081ea0: d36cbe68     	ubfx	x8, x19, #44, #4
80081ea4: 38686a80     	ldrb	w0, [x20, x8]
80081ea8: 97ffffbd     	bl	0x80081d9c <uart_putc>
80081eac: d368ae68     	ubfx	x8, x19, #40, #4
80081eb0: 38686a80     	ldrb	w0, [x20, x8]
80081eb4: 97ffffba     	bl	0x80081d9c <uart_putc>
80081eb8: d3649e68     	ubfx	x8, x19, #36, #4
80081ebc: 38686a80     	ldrb	w0, [x20, x8]
80081ec0: 97ffffb7     	bl	0x80081d9c <uart_putc>
80081ec4: d3608e68     	ubfx	x8, x19, #32, #4
80081ec8: 38686a80     	ldrb	w0, [x20, x8]
80081ecc: 97ffffb4     	bl	0x80081d9c <uart_putc>
80081ed0: 531c7e68     	lsr	w8, w19, #28
80081ed4: 38686a80     	ldrb	w0, [x20, x8]
80081ed8: 97ffffb1     	bl	0x80081d9c <uart_putc>
80081edc: d3586e68     	ubfx	x8, x19, #24, #4
80081ee0: 38686a80     	ldrb	w0, [x20, x8]
80081ee4: 97ffffae     	bl	0x80081d9c <uart_putc>
80081ee8: d3545e68     	ubfx	x8, x19, #20, #4
80081eec: 38686a80     	ldrb	w0, [x20, x8]
80081ef0: 97ffffab     	bl	0x80081d9c <uart_putc>
80081ef4: d3504e68     	ubfx	x8, x19, #16, #4
80081ef8: 38686a80     	ldrb	w0, [x20, x8]
80081efc: 97ffffa8     	bl	0x80081d9c <uart_putc>
80081f00: d34c3e68     	ubfx	x8, x19, #12, #4
80081f04: 38686a80     	ldrb	w0, [x20, x8]
80081f08: 97ffffa5     	bl	0x80081d9c <uart_putc>
80081f0c: d3482e68     	ubfx	x8, x19, #8, #4
80081f10: 38686a80     	ldrb	w0, [x20, x8]
80081f14: 97ffffa2     	bl	0x80081d9c <uart_putc>
80081f18: d3441e68     	ubfx	x8, x19, #4, #4
80081f1c: 38686a80     	ldrb	w0, [x20, x8]
80081f20: 97ffff9f     	bl	0x80081d9c <uart_putc>
80081f24: 92400e68     	and	x8, x19, #0xf
80081f28: 38686a80     	ldrb	w0, [x20, x8]
80081f2c: a9414ff4     	ldp	x20, x19, [sp, #0x10]
80081f30: a8c27bfd     	ldp	x29, x30, [sp], #0x20
80081f34: 17ffff9a     	b	0x80081d9c <uart_putc>

0000000080081f38 <uart_putdec>:
80081f38: d10143ff     	sub	sp, sp, #0x50
80081f3c: a9027bfd     	stp	x29, x30, [sp, #0x20]
80081f40: 910083fd     	add	x29, sp, #0x20
80081f44: f9001bf5     	str	x21, [sp, #0x30]
80081f48: a9044ff4     	stp	x20, x19, [sp, #0x40]
80081f4c: b4000340     	cbz	x0, 0x80081fb4 <uart_putdec+0x7c>
80081f50: b202e7e8     	mov	x8, #-0x3333333333333334 // =-3689348814741910324
80081f54: aa1f03f3     	mov	x19, xzr
80081f58: 52800149     	mov	w9, #0xa                // =10
80081f5c: f29999a8     	movk	x8, #0xcccd
80081f60: 910023ea     	add	x10, sp, #0x8
80081f64: 9bc87c0b     	umulh	x11, x0, x8
80081f68: f100241f     	cmp	x0, #0x9
80081f6c: d343fd6b     	lsr	x11, x11, #3
80081f70: 1b09816c     	msub	w12, w11, w9, w0
80081f74: aa0b03e0     	mov	x0, x11
80081f78: 321c058c     	orr	w12, w12, #0x30
80081f7c: 3833694c     	strb	w12, [x10, x19]
80081f80: 91000673     	add	x19, x19, #0x1
80081f84: 54ffff08     	b.hi	0x80081f64 <uart_putdec+0x2c>
80081f88: 910023e8     	add	x8, sp, #0x8
80081f8c: 92800015     	mov	x21, #-0x1              // =-1
80081f90: 8b130114     	add	x20, x8, x19
80081f94: 38756a80     	ldrb	w0, [x20, x21]
80081f98: 97ffff81     	bl	0x80081d9c <uart_putc>
80081f9c: d10006b5     	sub	x21, x21, #0x1
80081fa0: 0b150268     	add	w8, w19, w21
80081fa4: 11000908     	add	w8, w8, #0x2
80081fa8: 7100051f     	cmp	w8, #0x1
80081fac: 54ffff4c     	b.gt	0x80081f94 <uart_putdec+0x5c>
80081fb0: 14000015     	b	0x80082004 <uart_putdec+0xcc>
80081fb4: 52800108     	mov	w8, #0x8                // =8
80081fb8: 129869e9     	mov	w9, #-0xc350            // =-50000
80081fbc: 72a0eb68     	movk	w8, #0x75b, lsl #16
80081fc0: b9000d1f     	str	wzr, [x8, #0xc]
80081fc4: b940010a     	ldr	w10, [x8]
80081fc8: 3718008a     	tbnz	w10, #0x3, 0x80081fd8 <uart_putdec+0xa0>
80081fcc: 31000529     	adds	w9, w9, #0x1
80081fd0: 54ffffa3     	b.lo	0x80081fc4 <uart_putdec+0x8c>
80081fd4: 1400000c     	b	0x80082004 <uart_putdec+0xcc>
80081fd8: 52800029     	mov	w9, #0x1                // =1
80081fdc: b9003909     	str	w9, [x8, #0x38]
80081fe0: 129869e9     	mov	w9, #-0xc350            // =-50000
80081fe4: b940391f     	ldr	wzr, [x8, #0x38]
80081fe8: b940010a     	ldr	w10, [x8]
80081fec: 3710008a     	tbnz	w10, #0x2, 0x80081ffc <uart_putdec+0xc4>
80081ff0: 31000529     	adds	w9, w9, #0x1
80081ff4: 54ffffa3     	b.lo	0x80081fe8 <uart_putdec+0xb0>
80081ff8: 14000003     	b	0x80082004 <uart_putdec+0xcc>
80081ffc: 52800609     	mov	w9, #0x30               // =48
80082000: b9006909     	str	w9, [x8, #0x68]
80082004: a9444ff4     	ldp	x20, x19, [sp, #0x40]
80082008: f9401bf5     	ldr	x21, [sp, #0x30]
8008200c: a9427bfd     	ldp	x29, x30, [sp, #0x20]
80082010: 910143ff     	add	sp, sp, #0x50
80082014: d65f03c0     	ret

0000000080082018 <usb_init>:
80082018: a9be7bfd     	stp	x29, x30, [sp, #-0x20]!
8008201c: a9014ff4     	stp	x20, x19, [sp, #0x10]
80082020: 5298e094     	mov	w20, #0xc704            // =50948
80082024: d503201f     	nop
80082028: 30009160     	adr	x0, 0x80083255
8008202c: 72a0d414     	movk	w20, #0x6a0, lsl #16
80082030: 910003fd     	mov	x29, sp
80082034: d1179288     	sub	x8, x20, #0x5e4
80082038: b9400113     	ldr	w19, [x8]
8008203c: 97ffff76     	bl	0x80081e14 <uart_puts>
80082040: aa1303e0     	mov	x0, x19
80082044: 97ffff81     	bl	0x80081e48 <uart_puthex64>
80082048: b0000000     	adrp	x0, 0x80083000
8008204c: 910c7400     	add	x0, x0, #0x31d
80082050: 97ffff71     	bl	0x80081e14 <uart_puts>
80082054: b9400288     	ldr	w8, [x20]
80082058: d10c1289     	sub	x9, x20, #0x304
8008205c: 12007908     	and	w8, w8, #0x7fffffff
80082060: b9000288     	str	w8, [x20]
80082064: b85fc288     	ldur	w8, [x20, #-0x4]
80082068: 121d7108     	and	w8, w8, #0xfffffff8
8008206c: b81fc288     	stur	w8, [x20, #-0x4]
80082070: d503201f     	nop
80082074: 1002fc68     	adr	x8, 0x80088000 <g_event_buf>
80082078: b9000128     	str	w8, [x9]
8008207c: d10c0288     	sub	x8, x20, #0x300
80082080: d10bf289     	sub	x9, x20, #0x2fc
80082084: b900011f     	str	wzr, [x8]
80082088: 52820008     	mov	w8, #0x1000             // =4096
8008208c: b9000128     	str	w8, [x9]
80082090: d10be288     	sub	x8, x20, #0x2f8
80082094: f0000029     	adrp	x9, 0x80089000 <g_event_pos>
80082098: b900011f     	str	wzr, [x8]
8008209c: 52800168     	mov	w8, #0xb                // =11
800820a0: b900013f     	str	wzr, [x9]
800820a4: b9000688     	str	w8, [x20, #0x4]
800820a8: 94000021     	bl	0x8008212c <dwc3_setup_ep0>
800820ac: f0000028     	adrp	x8, 0x80089000 <g_event_pos>
800820b0: 91010108     	add	x8, x8, #0x40
800820b4: 1e270100     	fmov	s0, w8
800820b8: 52800108     	mov	w8, #0x8                // =8
800820bc: 4e0c1fe0     	mov	v0.s[1], wzr
800820c0: 4e141d00     	mov	v0.s[2], w8
800820c4: 52818428     	mov	w8, #0xc21              // =3105
800820c8: 4e1c1d00     	mov	v0.s[3], w8
800820cc: 52800068     	mov	w8, #0x3                // =3
800820d0: b9001e88     	str	w8, [x20, #0x1c]
800820d4: f0000028     	adrp	x8, 0x80089000 <g_event_pos>
800820d8: 91240108     	add	x8, x8, #0x900
800820dc: 3d800100     	str	q0, [x8]
800820e0: b900fe9f     	str	wzr, [x20, #0xfc]
800820e4: b901029f     	str	wzr, [x20, #0x100]
800820e8: b9010688     	str	w8, [x20, #0x104]
800820ec: 528080c8     	mov	w8, #0x406              // =1030
800820f0: b9010a88     	str	w8, [x20, #0x108]
800820f4: 129869c8     	mov	w8, #-0xc34f            // =-49999
800820f8: b9410a8a     	ldr	w10, [x20, #0x108]
800820fc: 3650008a     	tbz	w10, #0xa, 0x8008210c <usb_init+0xf4>
80082100: 2a0803e9     	mov	w9, w8
80082104: 11000508     	add	w8, w8, #0x1
80082108: 35ffff89     	cbnz	w9, 0x800820f8 <usb_init+0xe0>
8008210c: b9400288     	ldr	w8, [x20]
80082110: b0000000     	adrp	x0, 0x80083000
80082114: 910ccc00     	add	x0, x0, #0x333
80082118: 32010108     	orr	w8, w8, #0x80000000
8008211c: b9000288     	str	w8, [x20]
80082120: a9414ff4     	ldp	x20, x19, [sp, #0x10]
80082124: a8c27bfd     	ldp	x29, x30, [sp], #0x20
80082128: 17ffff3b     	b	0x80081e14 <uart_puts>

000000008008212c <dwc3_setup_ep0>:
8008212c: 52990188     	mov	w8, #0xc80c             // =51212
80082130: 5280812a     	mov	w10, #0x409             // =1033
80082134: 129869c9     	mov	w9, #-0xc34f            // =-49999
80082138: 72a0d408     	movk	w8, #0x6a0, lsl #16
8008213c: b81f411f     	stur	wzr, [x8, #-0xc]
80082140: b81f811f     	stur	wzr, [x8, #-0x8]
80082144: b81fc11f     	stur	wzr, [x8, #-0x4]
80082148: b900010a     	str	w10, [x8]
8008214c: b940010b     	ldr	w11, [x8]
80082150: 3650008b     	tbz	w11, #0xa, 0x80082160 <dwc3_setup_ep0+0x34>
80082154: 2a0903ea     	mov	w10, w9
80082158: 11000529     	add	w9, w9, #0x1
8008215c: 35ffff8a     	cbnz	w10, 0x8008214c <dwc3_setup_ep0+0x20>
80082160: 52804009     	mov	w9, #0x200              // =512
80082164: b81f411f     	stur	wzr, [x8, #-0xc]
80082168: 5280802a     	mov	w10, #0x401             // =1025
8008216c: b81f811f     	stur	wzr, [x8, #-0x8]
80082170: b81fc109     	stur	w9, [x8, #-0x4]
80082174: 129869c9     	mov	w9, #-0xc34f            // =-49999
80082178: b900010a     	str	w10, [x8]
8008217c: b940010b     	ldr	w11, [x8]
80082180: 3650008b     	tbz	w11, #0xa, 0x80082190 <dwc3_setup_ep0+0x64>
80082184: 2a0903ea     	mov	w10, w9
80082188: 11000529     	add	w9, w9, #0x1
8008218c: 35ffff8a     	cbnz	w10, 0x8008217c <dwc3_setup_ep0+0x50>
80082190: 52b00009     	mov	w9, #-0x80000000        // =-2147483648
80082194: 5280400a     	mov	w10, #0x200             // =512
80082198: b900051f     	str	wzr, [x8, #0x4]
8008219c: b9000909     	str	w9, [x8, #0x8]
800821a0: 129869c9     	mov	w9, #-0xc34f            // =-49999
800821a4: b9000d0a     	str	w10, [x8, #0xc]
800821a8: 5280802a     	mov	w10, #0x401             // =1025
800821ac: b900110a     	str	w10, [x8, #0x10]
800821b0: b940110b     	ldr	w11, [x8, #0x10]
800821b4: 3650008b     	tbz	w11, #0xa, 0x800821c4 <dwc3_setup_ep0+0x98>
800821b8: 2a0903ea     	mov	w10, w9
800821bc: 11000529     	add	w9, w9, #0x1
800821c0: 35ffff8a     	cbnz	w10, 0x800821b0 <dwc3_setup_ep0+0x84>
800821c4: 52800029     	mov	w9, #0x1                // =1
800821c8: b81f411f     	stur	wzr, [x8, #-0xc]
800821cc: 5280804a     	mov	w10, #0x402             // =1026
800821d0: b81f811f     	stur	wzr, [x8, #-0x8]
800821d4: b81fc109     	stur	w9, [x8, #-0x4]
800821d8: 129869c9     	mov	w9, #-0xc34f            // =-49999
800821dc: b900010a     	str	w10, [x8]
800821e0: b940010b     	ldr	w11, [x8]
800821e4: 3650008b     	tbz	w11, #0xa, 0x800821f4 <dwc3_setup_ep0+0xc8>
800821e8: 2a0903ea     	mov	w10, w9
800821ec: 11000529     	add	w9, w9, #0x1
800821f0: 35ffff8a     	cbnz	w10, 0x800821e0 <dwc3_setup_ep0+0xb4>
800821f4: 52800029     	mov	w9, #0x1                // =1
800821f8: b900051f     	str	wzr, [x8, #0x4]
800821fc: 5280804a     	mov	w10, #0x402             // =1026
80082200: b900091f     	str	wzr, [x8, #0x8]
80082204: b9000d09     	str	w9, [x8, #0xc]
80082208: 129869c9     	mov	w9, #-0xc34f            // =-49999
8008220c: b900110a     	str	w10, [x8, #0x10]
80082210: b940110b     	ldr	w11, [x8, #0x10]
80082214: 3650008b     	tbz	w11, #0xa, 0x80082224 <dwc3_setup_ep0+0xf8>
80082218: 2a0903ea     	mov	w10, w9
8008221c: 11000529     	add	w9, w9, #0x1
80082220: 35ffff8a     	cbnz	w10, 0x80082210 <dwc3_setup_ep0+0xe4>
80082224: d65f03c0     	ret

0000000080082228 <usb_is_configured>:
80082228: f0000028     	adrp	x8, 0x80089000 <g_event_pos>
8008222c: 39401100     	ldrb	w0, [x8, #0x4]
80082230: d65f03c0     	ret

0000000080082234 <usb_poll>:
80082234: d10203ff     	sub	sp, sp, #0x80
80082238: a90657f6     	stp	x22, x21, [sp, #0x60]
8008223c: 52990195     	mov	w21, #0xc80c            // =51212
80082240: 72a0d415     	movk	w21, #0x6a0, lsl #16
80082244: a9027bfd     	stp	x29, x30, [sp, #0x20]
80082248: 910083fd     	add	x29, sp, #0x20
8008224c: a9036ffc     	stp	x28, x27, [sp, #0x30]
80082250: d11002b6     	sub	x22, x21, #0x400
80082254: a90467fa     	stp	x26, x25, [sp, #0x40]
80082258: a9055ff8     	stp	x24, x23, [sp, #0x50]
8008225c: a9074ff4     	stp	x20, x19, [sp, #0x70]
80082260: b94002d7     	ldr	w23, [x22]
80082264: 710012ff     	cmp	w23, #0x4
80082268: 54000122     	b.hs	0x8008228c <usb_poll+0x58>
8008226c: a9474ff4     	ldp	x20, x19, [sp, #0x70]
80082270: a94657f6     	ldp	x22, x21, [sp, #0x60]
80082274: a9455ff8     	ldp	x24, x23, [sp, #0x50]
80082278: a94467fa     	ldp	x26, x25, [sp, #0x40]
8008227c: a9436ffc     	ldp	x28, x27, [sp, #0x30]
80082280: a9427bfd     	ldp	x29, x30, [sp, #0x20]
80082284: 910203ff     	add	sp, sp, #0x80
80082288: d65f03c0     	ret
8008228c: f0000034     	adrp	x20, 0x80089000 <g_event_pos>
80082290: 91010294     	add	x20, x20, #0x40
80082294: f0000028     	adrp	x8, 0x80089000 <g_event_pos>
80082298: 91250108     	add	x8, x8, #0x940
8008229c: 1e270280     	fmov	s0, w20
800822a0: f0000038     	adrp	x24, 0x80089000 <g_event_pos>
800822a4: d503201f     	nop
800822a8: 1002ead9     	adr	x25, 0x80088000 <g_event_buf>
800822ac: 5280009a     	mov	w26, #0x4               // =4
800822b0: f000003b     	adrp	x27, 0x80089000 <g_event_pos>
800822b4: 9124037b     	add	x27, x27, #0x900
800822b8: 528080d3     	mov	w19, #0x406             // =1030
800822bc: 3d8007e0     	str	q0, [sp, #0x10]
800822c0: 1e270100     	fmov	s0, w8
800822c4: f000003c     	adrp	x28, 0x80089000 <g_event_pos>
800822c8: 912d039c     	add	x28, x28, #0xb40
800822cc: 3d8003e0     	str	q0, [sp]
800822d0: 1400000b     	b	0x800822fc <usb_poll+0xc8>
800822d4: f0000028     	adrp	x8, 0x80089000 <g_event_pos>
800822d8: b0000000     	adrp	x0, 0x80083000
800822dc: 91082800     	add	x0, x0, #0x20a
800822e0: 3900111f     	strb	wzr, [x8, #0x4]
800822e4: f0000028     	adrp	x8, 0x80089000 <g_event_pos>
800822e8: 3902011f     	strb	wzr, [x8, #0x80]
800822ec: 97fffeca     	bl	0x80081e14 <uart_puts>
800822f0: 510012f7     	sub	w23, w23, #0x4
800822f4: 71000eff     	cmp	w23, #0x3
800822f8: 54fffba9     	b.ls	0x8008226c <usb_poll+0x38>
800822fc: b9400308     	ldr	w8, [x24]
80082300: 11000509     	add	w9, w8, #0x1
80082304: b8687b28     	ldr	w8, [x25, x8, lsl #2]
80082308: 12002529     	and	w9, w9, #0x3ff
8008230c: b9000309     	str	w9, [x24]
80082310: b90002da     	str	w26, [x22]
80082314: 370003e8     	tbnz	w8, #0x0, 0x80082390 <usb_poll+0x15c>
80082318: 53082d08     	ubfx	w8, w8, #8, #4
8008231c: 71000d1f     	cmp	w8, #0x3
80082320: 54fffda0     	b.eq	0x800822d4 <usb_poll+0xa0>
80082324: 7100051f     	cmp	w8, #0x1
80082328: 54fffe41     	b.ne	0x800822f0 <usb_poll+0xbc>
8008232c: f0000028     	adrp	x8, 0x80089000 <g_event_pos>
80082330: 3900111f     	strb	wzr, [x8, #0x4]
80082334: f0000028     	adrp	x8, 0x80089000 <g_event_pos>
80082338: 3902011f     	strb	wzr, [x8, #0x80]
8008233c: 97ffff7c     	bl	0x8008212c <dwc3_setup_ep0>
80082340: 3dc007e0     	ldr	q0, [sp, #0x10]
80082344: 52800108     	mov	w8, #0x8                // =8
80082348: 4e0c1fe0     	mov	v0.s[1], wzr
8008234c: 4e141d00     	mov	v0.s[2], w8
80082350: 52818428     	mov	w8, #0xc21              // =3105
80082354: 4e1c1d00     	mov	v0.s[3], w8
80082358: 52800068     	mov	w8, #0x3                // =3
8008235c: b81142a8     	stur	w8, [x21, #-0xec]
80082360: 129869c8     	mov	w8, #-0xc34f            // =-49999
80082364: 3d800360     	str	q0, [x27]
80082368: b81f42bf     	stur	wzr, [x21, #-0xc]
8008236c: b81f82bf     	stur	wzr, [x21, #-0x8]
80082370: b81fc2bb     	stur	w27, [x21, #-0x4]
80082374: b90002b3     	str	w19, [x21]
80082378: b94002aa     	ldr	w10, [x21]
8008237c: 3657fbaa     	tbz	w10, #0xa, 0x800822f0 <usb_poll+0xbc>
80082380: 2a0803e9     	mov	w9, w8
80082384: 11000508     	add	w8, w8, #0x1
80082388: 35ffff89     	cbnz	w9, 0x80082378 <usb_poll+0x144>
8008238c: 17ffffd9     	b	0x800822f0 <usb_poll+0xbc>
80082390: 53011509     	ubfx	w9, w8, #1, #5
80082394: 35000609     	cbnz	w9, 0x80082454 <usb_poll+0x220>
80082398: 121a0d08     	and	w8, w8, #0x3c0
8008239c: 7101011f     	cmp	w8, #0x40
800823a0: 540005a1     	b.ne	0x80082454 <usb_poll+0x220>
800823a4: 39400288     	ldrb	w8, [x20]
800823a8: 121b0508     	and	w8, w8, #0x60
800823ac: 7100811f     	cmp	w8, #0x20
800823b0: 540005c0     	b.eq	0x80082468 <usb_poll+0x234>
800823b4: 35001c68     	cbnz	w8, 0x80082740 <usb_poll+0x50c>
800823b8: f0000028     	adrp	x8, 0x80089000 <g_event_pos>
800823bc: 39410509     	ldrb	w9, [x8, #0x41]
800823c0: 39400a88     	ldrb	w8, [x20, #0x2]
800823c4: 7100153f     	cmp	w9, #0x5
800823c8: 540011e0     	b.eq	0x80082604 <usb_poll+0x3d0>
800823cc: 7100253f     	cmp	w9, #0x9
800823d0: 54000900     	b.eq	0x800824f0 <usb_poll+0x2bc>
800823d4: 7100193f     	cmp	w9, #0x6
800823d8: 54001b41     	b.ne	0x80082740 <usb_poll+0x50c>
800823dc: 39401a8a     	ldrb	w10, [x20, #0x6]
800823e0: 39401e8b     	ldrb	w11, [x20, #0x7]
800823e4: 39400e8c     	ldrb	w12, [x20, #0x3]
800823e8: 2a0a03e9     	mov	w9, w10
800823ec: 71000d9f     	cmp	w12, #0x3
800823f0: 33185d69     	bfi	w9, w11, #8, #24
800823f4: 540017c0     	b.eq	0x800826ec <usb_poll+0x4b8>
800823f8: 53185d6b     	lsl	w11, w11, #8
800823fc: 7100099f     	cmp	w12, #0x2
80082400: 54001520     	b.eq	0x800826a4 <usb_poll+0x470>
80082404: 7100059f     	cmp	w12, #0x1
80082408: 540019c1     	b.ne	0x80082740 <usb_poll+0x50c>
8008240c: 12003d29     	and	w9, w9, #0xffff
80082410: 52800248     	mov	w8, #0x12               // =18
80082414: 7100493f     	cmp	w9, #0x12
80082418: 1a883128     	csel	w8, w9, w8, lo
8008241c: 34002089     	cbz	w9, 0x8008282c <usb_poll+0x5f8>
80082420: 2a0a0169     	orr	w9, w11, w10
80082424: 5280024a     	mov	w10, #0x12              // =18
80082428: 12003d29     	and	w9, w9, #0xffff
8008242c: 7100493f     	cmp	w9, #0x12
80082430: 1a8a312c     	csel	w12, w9, w10, lo
80082434: 7100413f     	cmp	w9, #0x10
80082438: 54001d42     	b.hs	0x800827e0 <usb_poll+0x5ac>
8008243c: d503201f     	nop
80082440: 10008a89     	adr	x9, 0x80083590 <dev_desc>
80082444: f000002a     	adrp	x10, 0x80089000 <g_event_pos>
80082448: 9125014a     	add	x10, x10, #0x940
8008244c: aa0803eb     	mov	x11, x8
80082450: 140000f3     	b	0x8008281c <usb_poll+0x5e8>
80082454: 71000d3f     	cmp	w9, #0x3
80082458: 54fff4c1     	b.ne	0x800822f0 <usb_poll+0xbc>
8008245c: f0000028     	adrp	x8, 0x80089000 <g_event_pos>
80082460: 3902011f     	strb	wzr, [x8, #0x80]
80082464: 17ffffa3     	b	0x800822f0 <usb_poll+0xbc>
80082468: 3dc003e0     	ldr	q0, [sp]
8008246c: 52808868     	mov	w8, #0x443              // =1091
80082470: 4e0c1fe0     	mov	v0.s[1], wzr
80082474: 4e141fe0     	mov	v0.s[2], wzr
80082478: 4e1c1d00     	mov	v0.s[3], w8
8008247c: 129869c8     	mov	w8, #-0xc34f            // =-49999
80082480: 3d800380     	str	q0, [x28]
80082484: b90006bf     	str	wzr, [x21, #0x4]
80082488: b9000abf     	str	wzr, [x21, #0x8]
8008248c: b9000ebc     	str	w28, [x21, #0xc]
80082490: b90012b3     	str	w19, [x21, #0x10]
80082494: b94012aa     	ldr	w10, [x21, #0x10]
80082498: 3650008a     	tbz	w10, #0xa, 0x800824a8 <usb_poll+0x274>
8008249c: 2a0803e9     	mov	w9, w8
800824a0: 11000508     	add	w8, w8, #0x1
800824a4: 35ffff89     	cbnz	w9, 0x80082494 <usb_poll+0x260>
800824a8: 1e270280     	fmov	s0, w20
800824ac: 52800108     	mov	w8, #0x8                // =8
800824b0: 4e0c1fe0     	mov	v0.s[1], wzr
800824b4: 4e141d00     	mov	v0.s[2], w8
800824b8: 52818428     	mov	w8, #0xc21              // =3105
800824bc: 4e1c1d00     	mov	v0.s[3], w8
800824c0: 129869c8     	mov	w8, #-0xc34f            // =-49999
800824c4: 3d800360     	str	q0, [x27]
800824c8: b81f42bf     	stur	wzr, [x21, #-0xc]
800824cc: b81f82bf     	stur	wzr, [x21, #-0x8]
800824d0: b81fc2bb     	stur	w27, [x21, #-0x4]
800824d4: b90002b3     	str	w19, [x21]
800824d8: b94002aa     	ldr	w10, [x21]
800824dc: 3657f0aa     	tbz	w10, #0xa, 0x800822f0 <usb_poll+0xbc>
800824e0: 2a0803e9     	mov	w9, w8
800824e4: 11000508     	add	w8, w8, #0x1
800824e8: 35ffff89     	cbnz	w9, 0x800824d8 <usb_poll+0x2a4>
800824ec: 17ffff81     	b	0x800822f0 <usb_poll+0xbc>
800824f0: 52b02008     	mov	w8, #-0x7f000000        // =-2130706432
800824f4: b90026bf     	str	wzr, [x21, #0x24]
800824f8: 52808029     	mov	w9, #0x401              // =1025
800824fc: b9002aa8     	str	w8, [x21, #0x28]
80082500: 52804088     	mov	w8, #0x204              // =516
80082504: b9002ea8     	str	w8, [x21, #0x2c]
80082508: 129869c8     	mov	w8, #-0xc34f            // =-49999
8008250c: b90032a9     	str	w9, [x21, #0x30]
80082510: b94032aa     	ldr	w10, [x21, #0x30]
80082514: 3650008a     	tbz	w10, #0xa, 0x80082524 <usb_poll+0x2f0>
80082518: 2a0803e9     	mov	w9, w8
8008251c: 11000508     	add	w8, w8, #0x1
80082520: 35ffff89     	cbnz	w9, 0x80082510 <usb_poll+0x2dc>
80082524: 52800028     	mov	w8, #0x1                // =1
80082528: b90026bf     	str	wzr, [x21, #0x24]
8008252c: 52808049     	mov	w9, #0x402              // =1026
80082530: b9002abf     	str	wzr, [x21, #0x28]
80082534: b9002ea8     	str	w8, [x21, #0x2c]
80082538: 129869c8     	mov	w8, #-0xc34f            // =-49999
8008253c: b90032a9     	str	w9, [x21, #0x30]
80082540: b94032aa     	ldr	w10, [x21, #0x30]
80082544: 3650008a     	tbz	w10, #0xa, 0x80082554 <usb_poll+0x320>
80082548: 2a0803e9     	mov	w9, w8
8008254c: 11000508     	add	w8, w8, #0x1
80082550: 35ffff89     	cbnz	w9, 0x80082540 <usb_poll+0x30c>
80082554: 52800168     	mov	w8, #0xb                // =11
80082558: 52800029     	mov	w9, #0x1                // =1
8008255c: b0000000     	adrp	x0, 0x80083000
80082560: 9104e800     	add	x0, x0, #0x13a
80082564: b81142a8     	stur	w8, [x21, #-0xec]
80082568: f0000028     	adrp	x8, 0x80089000 <g_event_pos>
8008256c: 39001109     	strb	w9, [x8, #0x4]
80082570: 97fffe29     	bl	0x80081e14 <uart_puts>
80082574: f0000028     	adrp	x8, 0x80089000 <g_event_pos>
80082578: 91250108     	add	x8, x8, #0x940
8008257c: 1e270100     	fmov	s0, w8
80082580: 52808868     	mov	w8, #0x443              // =1091
80082584: 4e0c1fe0     	mov	v0.s[1], wzr
80082588: 4e141fe0     	mov	v0.s[2], wzr
8008258c: 4e1c1d00     	mov	v0.s[3], w8
80082590: 129869c8     	mov	w8, #-0xc34f            // =-49999
80082594: 3d800380     	str	q0, [x28]
80082598: b90006bf     	str	wzr, [x21, #0x4]
8008259c: b9000abf     	str	wzr, [x21, #0x8]
800825a0: b9000ebc     	str	w28, [x21, #0xc]
800825a4: b90012b3     	str	w19, [x21, #0x10]
800825a8: b94012aa     	ldr	w10, [x21, #0x10]
800825ac: 3650008a     	tbz	w10, #0xa, 0x800825bc <usb_poll+0x388>
800825b0: 2a0803e9     	mov	w9, w8
800825b4: 11000508     	add	w8, w8, #0x1
800825b8: 35ffff89     	cbnz	w9, 0x800825a8 <usb_poll+0x374>
800825bc: 1e270280     	fmov	s0, w20
800825c0: 52800108     	mov	w8, #0x8                // =8
800825c4: 4e0c1fe0     	mov	v0.s[1], wzr
800825c8: 4e141d00     	mov	v0.s[2], w8
800825cc: 52818428     	mov	w8, #0xc21              // =3105
800825d0: 4e1c1d00     	mov	v0.s[3], w8
800825d4: 129869c8     	mov	w8, #-0xc34f            // =-49999
800825d8: 3d800360     	str	q0, [x27]
800825dc: b81f42bf     	stur	wzr, [x21, #-0xc]
800825e0: b81f82bf     	stur	wzr, [x21, #-0x8]
800825e4: b81fc2bb     	stur	w27, [x21, #-0x4]
800825e8: b90002b3     	str	w19, [x21]
800825ec: b94002aa     	ldr	w10, [x21]
800825f0: 3657e80a     	tbz	w10, #0xa, 0x800822f0 <usb_poll+0xbc>
800825f4: 2a0803e9     	mov	w9, w8
800825f8: 11000508     	add	w8, w8, #0x1
800825fc: 35ffff89     	cbnz	w9, 0x800825ec <usb_poll+0x3b8>
80082600: 17ffff3c     	b	0x800822f0 <usb_poll+0xbc>
80082604: f0000029     	adrp	x9, 0x80089000 <g_event_pos>
80082608: 91250129     	add	x9, x9, #0x940
8008260c: 5280886b     	mov	w11, #0x443             // =1091
80082610: 1e270120     	fmov	s0, w9
80082614: d10432a9     	sub	x9, x21, #0x10c
80082618: b940012a     	ldr	w10, [x9]
8008261c: 4e0c1fe0     	mov	v0.s[1], wzr
80082620: 331d190a     	bfi	w10, w8, #3, #7
80082624: 129869c8     	mov	w8, #-0xc34f            // =-49999
80082628: b900012a     	str	w10, [x9]
8008262c: 4e141fe0     	mov	v0.s[2], wzr
80082630: 4e1c1d60     	mov	v0.s[3], w11
80082634: 3d800380     	str	q0, [x28]
80082638: b90006bf     	str	wzr, [x21, #0x4]
8008263c: b9000abf     	str	wzr, [x21, #0x8]
80082640: b9000ebc     	str	w28, [x21, #0xc]
80082644: b90012b3     	str	w19, [x21, #0x10]
80082648: b94012aa     	ldr	w10, [x21, #0x10]
8008264c: 3650008a     	tbz	w10, #0xa, 0x8008265c <usb_poll+0x428>
80082650: 2a0803e9     	mov	w9, w8
80082654: 11000508     	add	w8, w8, #0x1
80082658: 35ffff89     	cbnz	w9, 0x80082648 <usb_poll+0x414>
8008265c: 1e270280     	fmov	s0, w20
80082660: 52800108     	mov	w8, #0x8                // =8
80082664: 4e0c1fe0     	mov	v0.s[1], wzr
80082668: 4e141d00     	mov	v0.s[2], w8
8008266c: 52818428     	mov	w8, #0xc21              // =3105
80082670: 4e1c1d00     	mov	v0.s[3], w8
80082674: 129869c8     	mov	w8, #-0xc34f            // =-49999
80082678: 3d800360     	str	q0, [x27]
8008267c: b81f42bf     	stur	wzr, [x21, #-0xc]
80082680: b81f82bf     	stur	wzr, [x21, #-0x8]
80082684: b81fc2bb     	stur	w27, [x21, #-0x4]
80082688: b90002b3     	str	w19, [x21]
8008268c: b94002aa     	ldr	w10, [x21]
80082690: 3657e30a     	tbz	w10, #0xa, 0x800822f0 <usb_poll+0xbc>
80082694: 2a0803e9     	mov	w9, w8
80082698: 11000508     	add	w8, w8, #0x1
8008269c: 35ffff89     	cbnz	w9, 0x8008268c <usb_poll+0x458>
800826a0: 17ffff14     	b	0x800822f0 <usb_poll+0xbc>
800826a4: 12003d29     	and	w9, w9, #0xffff
800826a8: 52800968     	mov	w8, #0x4b               // =75
800826ac: 71012d3f     	cmp	w9, #0x4b
800826b0: 1a883128     	csel	w8, w9, w8, lo
800826b4: 34001c89     	cbz	w9, 0x80082a44 <usb_poll+0x810>
800826b8: 2a0a0169     	orr	w9, w11, w10
800826bc: 12003d2a     	and	w10, w9, #0xffff
800826c0: 52800969     	mov	w9, #0x4b               // =75
800826c4: 71012d5f     	cmp	w10, #0x4b
800826c8: 1a893149     	csel	w9, w10, w9, lo
800826cc: 7100215f     	cmp	w10, #0x8
800826d0: 54000802     	b.hs	0x800827d0 <usb_poll+0x59c>
800826d4: b000000a     	adrp	x10, 0x80083000
800826d8: 9116894a     	add	x10, x10, #0x5a2
800826dc: f000002b     	adrp	x11, 0x80089000 <g_event_pos>
800826e0: 9125016b     	add	x11, x11, #0x940
800826e4: aa0803ec     	mov	x12, x8
800826e8: 140000d3     	b	0x80082a34 <usb_poll+0x800>
800826ec: 7100051f     	cmp	w8, #0x1
800826f0: 5400014c     	b.gt	0x80082718 <usb_poll+0x4e4>
800826f4: 34000de8     	cbz	w8, 0x800828b0 <usb_poll+0x67c>
800826f8: 7100051f     	cmp	w8, #0x1
800826fc: 54000221     	b.ne	0x80082740 <usb_poll+0x50c>
80082700: 12003d28     	and	w8, w9, #0xffff
80082704: 52800149     	mov	w9, #0xa                // =10
80082708: b000000c     	adrp	x12, 0x80083000
8008270c: 9117b58c     	add	x12, x12, #0x5ed
80082710: 7100291f     	cmp	w8, #0xa
80082714: 14000072     	b	0x800828dc <usb_poll+0x6a8>
80082718: 7100091f     	cmp	w8, #0x2
8008271c: 54000d60     	b.eq	0x800828c8 <usb_poll+0x694>
80082720: 71000d1f     	cmp	w8, #0x3
80082724: 540000e1     	b.ne	0x80082740 <usb_poll+0x50c>
80082728: 12003d28     	and	w8, w9, #0xffff
8008272c: 528002c9     	mov	w9, #0x16               // =22
80082730: b000000c     	adrp	x12, 0x80083000
80082734: 91188d8c     	add	x12, x12, #0x623
80082738: 7100591f     	cmp	w8, #0x16
8008273c: 14000068     	b	0x800828dc <usb_poll+0x6a8>
80082740: f0000028     	adrp	x8, 0x80089000 <g_event_pos>
80082744: 91250108     	add	x8, x8, #0x940
80082748: 1e270100     	fmov	s0, w8
8008274c: 52808868     	mov	w8, #0x443              // =1091
80082750: 4e0c1fe0     	mov	v0.s[1], wzr
80082754: 4e141fe0     	mov	v0.s[2], wzr
80082758: 4e1c1d00     	mov	v0.s[3], w8
8008275c: 129869c8     	mov	w8, #-0xc34f            // =-49999
80082760: 3d800380     	str	q0, [x28]
80082764: b90006bf     	str	wzr, [x21, #0x4]
80082768: b9000abf     	str	wzr, [x21, #0x8]
8008276c: b9000ebc     	str	w28, [x21, #0xc]
80082770: b90012b3     	str	w19, [x21, #0x10]
80082774: b94012aa     	ldr	w10, [x21, #0x10]
80082778: 3650008a     	tbz	w10, #0xa, 0x80082788 <usb_poll+0x554>
8008277c: 2a0803e9     	mov	w9, w8
80082780: 11000508     	add	w8, w8, #0x1
80082784: 35ffff89     	cbnz	w9, 0x80082774 <usb_poll+0x540>
80082788: 1e270280     	fmov	s0, w20
8008278c: 52800108     	mov	w8, #0x8                // =8
80082790: 4e0c1fe0     	mov	v0.s[1], wzr
80082794: 4e141d00     	mov	v0.s[2], w8
80082798: 52818428     	mov	w8, #0xc21              // =3105
8008279c: 4e1c1d00     	mov	v0.s[3], w8
800827a0: 129869c8     	mov	w8, #-0xc34f            // =-49999
800827a4: 3d800360     	str	q0, [x27]
800827a8: b81f42bf     	stur	wzr, [x21, #-0xc]
800827ac: b81f82bf     	stur	wzr, [x21, #-0x8]
800827b0: b81fc2bb     	stur	w27, [x21, #-0x4]
800827b4: b90002b3     	str	w19, [x21]
800827b8: b94002aa     	ldr	w10, [x21]
800827bc: 3657d9aa     	tbz	w10, #0xa, 0x800822f0 <usb_poll+0xbc>
800827c0: 2a0803e9     	mov	w9, w8
800827c4: 11000508     	add	w8, w8, #0x1
800827c8: 35ffff89     	cbnz	w9, 0x800827b8 <usb_poll+0x584>
800827cc: 17fffec9     	b	0x800822f0 <usb_poll+0xbc>
800827d0: 7100815f     	cmp	w10, #0x20
800827d4: 54000a02     	b.hs	0x80082914 <usb_poll+0x6e0>
800827d8: aa1f03ed     	mov	x13, xzr
800827dc: 1400005e     	b	0x80082954 <usb_poll+0x720>
800827e0: 927c018d     	and	x13, x12, #0x10
800827e4: d503201f     	nop
800827e8: 10006d4e     	adr	x14, 0x80083590 <dev_desc>
800827ec: f000002f     	adrp	x15, 0x80089000 <g_event_pos>
800827f0: 912501ef     	add	x15, x15, #0x940
800827f4: 8b0d01c9     	add	x9, x14, x13
800827f8: 8b0d01ea     	add	x10, x15, x13
800827fc: cb0d010b     	sub	x11, x8, x13
80082800: aa0d03f0     	mov	x16, x13
80082804: 3cc105c0     	ldr	q0, [x14], #0x10
80082808: f1004210     	subs	x16, x16, #0x10
8008280c: 3c8105e0     	str	q0, [x15], #0x10
80082810: 54ffffa1     	b.ne	0x80082804 <usb_poll+0x5d0>
80082814: eb0c01bf     	cmp	x13, x12
80082818: 540000a0     	b.eq	0x8008282c <usb_poll+0x5f8>
8008281c: 3840152c     	ldrb	w12, [x9], #0x1
80082820: f100056b     	subs	x11, x11, #0x1
80082824: 3800154c     	strb	w12, [x10], #0x1
80082828: 54ffffa1     	b.ne	0x8008281c <usb_poll+0x5e8>
8008282c: b9000b88     	str	w8, [x28, #0x8]
80082830: 52808668     	mov	w8, #0x433              // =1075
80082834: f0000029     	adrp	x9, 0x80089000 <g_event_pos>
80082838: 91250129     	add	x9, x9, #0x940
8008283c: b9000f88     	str	w8, [x28, #0xc]
80082840: 129869c8     	mov	w8, #-0xc34f            // =-49999
80082844: 29007f89     	stp	w9, wzr, [x28]
80082848: b90006bf     	str	wzr, [x21, #0x4]
8008284c: b9000abf     	str	wzr, [x21, #0x8]
80082850: b9000ebc     	str	w28, [x21, #0xc]
80082854: b90012b3     	str	w19, [x21, #0x10]
80082858: b94012aa     	ldr	w10, [x21, #0x10]
8008285c: 3650008a     	tbz	w10, #0xa, 0x8008286c <usb_poll+0x638>
80082860: 2a0803e9     	mov	w9, w8
80082864: 11000508     	add	w8, w8, #0x1
80082868: 35ffff89     	cbnz	w9, 0x80082858 <usb_poll+0x624>
8008286c: 1e270280     	fmov	s0, w20
80082870: 52808868     	mov	w8, #0x443              // =1091
80082874: 4e0c1fe0     	mov	v0.s[1], wzr
80082878: 4e141fe0     	mov	v0.s[2], wzr
8008287c: 4e1c1d00     	mov	v0.s[3], w8
80082880: 129869c8     	mov	w8, #-0xc34f            // =-49999
80082884: 3d800360     	str	q0, [x27]
80082888: b81f42bf     	stur	wzr, [x21, #-0xc]
8008288c: b81f82bf     	stur	wzr, [x21, #-0x8]
80082890: b81fc2bb     	stur	w27, [x21, #-0x4]
80082894: b90002b3     	str	w19, [x21]
80082898: b94002aa     	ldr	w10, [x21]
8008289c: 3657d2aa     	tbz	w10, #0xa, 0x800822f0 <usb_poll+0xbc>
800828a0: 2a0803e9     	mov	w9, w8
800828a4: 11000508     	add	w8, w8, #0x1
800828a8: 35ffff89     	cbnz	w9, 0x80082898 <usb_poll+0x664>
800828ac: 17fffe91     	b	0x800822f0 <usb_poll+0xbc>
800828b0: 12003d28     	and	w8, w9, #0xffff
800828b4: 721e353f     	tst	w9, #0xfffc
800828b8: d503201f     	nop
800828bc: 30006bec     	adr	x12, 0x80083639 <str0_desc>
800828c0: 1a9a0108     	csel	w8, w8, w26, eq
800828c4: 14000007     	b	0x800828e0 <usb_poll+0x6ac>
800828c8: 12003d28     	and	w8, w9, #0xffff
800828cc: 52800589     	mov	w9, #0x2c               // =44
800828d0: b000000c     	adrp	x12, 0x80083000
800828d4: 9117dd8c     	add	x12, x12, #0x5f7
800828d8: 7100b11f     	cmp	w8, #0x2c
800828dc: 1a893108     	csel	w8, w8, w9, lo
800828e0: 34001068     	cbz	w8, 0x80082aec <usb_poll+0x8b8>
800828e4: 7100111f     	cmp	w8, #0x4
800828e8: 2a0803e9     	mov	w9, w8
800828ec: 540000c2     	b.hs	0x80082904 <usb_poll+0x6d0>
800828f0: aa0c03ea     	mov	x10, x12
800828f4: f000002b     	adrp	x11, 0x80089000 <g_event_pos>
800828f8: 9125016b     	add	x11, x11, #0x940
800828fc: aa0903ed     	mov	x13, x9
80082900: 14000077     	b	0x80082adc <usb_poll+0x8a8>
80082904: 7100411f     	cmp	w8, #0x10
80082908: 540004a2     	b.hs	0x8008299c <usb_poll+0x768>
8008290c: aa1f03ee     	mov	x14, xzr
80082910: 14000032     	b	0x800829d8 <usb_poll+0x7a4>
80082914: 927b052d     	and	x13, x9, #0x60
80082918: b000000a     	adrp	x10, 0x80083000
8008291c: 9116c94a     	add	x10, x10, #0x5b2
80082920: f000002b     	adrp	x11, 0x80089000 <g_event_pos>
80082924: 9125416b     	add	x11, x11, #0x950
80082928: aa0d03ec     	mov	x12, x13
8008292c: ad7f8540     	ldp	q0, q1, [x10, #-0x10]
80082930: f100818c     	subs	x12, x12, #0x20
80082934: 9100814a     	add	x10, x10, #0x20
80082938: ad3f8560     	stp	q0, q1, [x11, #-0x10]
8008293c: 9100816b     	add	x11, x11, #0x20
80082940: 54ffff61     	b.ne	0x8008292c <usb_poll+0x6f8>
80082944: eb0901bf     	cmp	x13, x9
80082948: 540007e0     	b.eq	0x80082a44 <usb_poll+0x810>
8008294c: f27d053f     	tst	x9, #0x18
80082950: 54000640     	b.eq	0x80082a18 <usb_poll+0x7e4>
80082954: 927d0d2e     	and	x14, x9, #0x78
80082958: b0000011     	adrp	x17, 0x80083000
8008295c: 91168a31     	add	x17, x17, #0x5a2
80082960: f0000030     	adrp	x16, 0x80089000 <g_event_pos>
80082964: 91250210     	add	x16, x16, #0x940
80082968: 8b0e022a     	add	x10, x17, x14
8008296c: 8b0e020b     	add	x11, x16, x14
80082970: cb0e010c     	sub	x12, x8, x14
80082974: cb0e01af     	sub	x15, x13, x14
80082978: 8b0d0210     	add	x16, x16, x13
8008297c: 8b0d022d     	add	x13, x17, x13
80082980: fc4085a0     	ldr	d0, [x13], #0x8
80082984: b10021ef     	adds	x15, x15, #0x8
80082988: fc008600     	str	d0, [x16], #0x8
8008298c: 54ffffa1     	b.ne	0x80082980 <usb_poll+0x74c>
80082990: eb0901df     	cmp	x14, x9
80082994: 54000501     	b.ne	0x80082a34 <usb_poll+0x800>
80082998: 1400002b     	b	0x80082a44 <usb_poll+0x810>
8008299c: 6d400580     	ldp	d0, d1, [x12]
800829a0: 927c052e     	and	x14, x9, #0x30
800829a4: f10041df     	cmp	x14, #0x10
800829a8: f000002a     	adrp	x10, 0x80089000 <g_event_pos>
800829ac: 9125014a     	add	x10, x10, #0x940
800829b0: 6d000540     	stp	d0, d1, [x10]
800829b4: 540000a0     	b.eq	0x800829c8 <usb_poll+0x794>
800829b8: 6d410580     	ldp	d0, d1, [x12, #0x10]
800829bc: f000002a     	adrp	x10, 0x80089000 <g_event_pos>
800829c0: 9125414a     	add	x10, x10, #0x950
800829c4: 6d000540     	stp	d0, d1, [x10]
800829c8: eb0901df     	cmp	x14, x9
800829cc: 54000900     	b.eq	0x80082aec <usb_poll+0x8b8>
800829d0: f27e053f     	tst	x9, #0xc
800829d4: 540007a0     	b.eq	0x80082ac8 <usb_poll+0x894>
800829d8: 927e0d2f     	and	x15, x9, #0x3c
800829dc: f0000031     	adrp	x17, 0x80089000 <g_event_pos>
800829e0: 91250231     	add	x17, x17, #0x940
800829e4: 9240052d     	and	x13, x9, #0x3
800829e8: 8b0f018a     	add	x10, x12, x15
800829ec: 8b0f022b     	add	x11, x17, x15
800829f0: cb0f01d0     	sub	x16, x14, x15
800829f4: 8b0e0231     	add	x17, x17, x14
800829f8: 8b0e018c     	add	x12, x12, x14
800829fc: b840458e     	ldr	w14, [x12], #0x4
80082a00: b1001210     	adds	x16, x16, #0x4
80082a04: b800462e     	str	w14, [x17], #0x4
80082a08: 54ffffa1     	b.ne	0x800829fc <usb_poll+0x7c8>
80082a0c: eb0901ff     	cmp	x15, x9
80082a10: 54000661     	b.ne	0x80082adc <usb_poll+0x8a8>
80082a14: 14000036     	b	0x80082aec <usb_poll+0x8b8>
80082a18: b0000009     	adrp	x9, 0x80083000
80082a1c: 91168929     	add	x9, x9, #0x5a2
80082a20: cb0d010c     	sub	x12, x8, x13
80082a24: 8b0d012a     	add	x10, x9, x13
80082a28: f0000029     	adrp	x9, 0x80089000 <g_event_pos>
80082a2c: 91250129     	add	x9, x9, #0x940
80082a30: 8b0d012b     	add	x11, x9, x13
80082a34: 38401549     	ldrb	w9, [x10], #0x1
80082a38: f100058c     	subs	x12, x12, #0x1
80082a3c: 38001569     	strb	w9, [x11], #0x1
80082a40: 54ffffa1     	b.ne	0x80082a34 <usb_poll+0x800>
80082a44: b9000b88     	str	w8, [x28, #0x8]
80082a48: 52808668     	mov	w8, #0x433              // =1075
80082a4c: f0000029     	adrp	x9, 0x80089000 <g_event_pos>
80082a50: 91250129     	add	x9, x9, #0x940
80082a54: b9000f88     	str	w8, [x28, #0xc]
80082a58: 129869c8     	mov	w8, #-0xc34f            // =-49999
80082a5c: 29007f89     	stp	w9, wzr, [x28]
80082a60: b90006bf     	str	wzr, [x21, #0x4]
80082a64: b9000abf     	str	wzr, [x21, #0x8]
80082a68: b9000ebc     	str	w28, [x21, #0xc]
80082a6c: b90012b3     	str	w19, [x21, #0x10]
80082a70: b94012aa     	ldr	w10, [x21, #0x10]
80082a74: 3650008a     	tbz	w10, #0xa, 0x80082a84 <usb_poll+0x850>
80082a78: 2a0803e9     	mov	w9, w8
80082a7c: 11000508     	add	w8, w8, #0x1
80082a80: 35ffff89     	cbnz	w9, 0x80082a70 <usb_poll+0x83c>
80082a84: 1e270280     	fmov	s0, w20
80082a88: 52808868     	mov	w8, #0x443              // =1091
80082a8c: 4e0c1fe0     	mov	v0.s[1], wzr
80082a90: 4e141fe0     	mov	v0.s[2], wzr
80082a94: 4e1c1d00     	mov	v0.s[3], w8
80082a98: 129869c8     	mov	w8, #-0xc34f            // =-49999
80082a9c: 3d800360     	str	q0, [x27]
80082aa0: b81f42bf     	stur	wzr, [x21, #-0xc]
80082aa4: b81f82bf     	stur	wzr, [x21, #-0x8]
80082aa8: b81fc2bb     	stur	w27, [x21, #-0x4]
80082aac: b90002b3     	str	w19, [x21]
80082ab0: b94002aa     	ldr	w10, [x21]
80082ab4: 3657c1ea     	tbz	w10, #0xa, 0x800822f0 <usb_poll+0xbc>
80082ab8: 2a0803e9     	mov	w9, w8
80082abc: 11000508     	add	w8, w8, #0x1
80082ac0: 35ffff89     	cbnz	w9, 0x80082ab0 <usb_poll+0x87c>
80082ac4: 17fffe0b     	b	0x800822f0 <usb_poll+0xbc>
80082ac8: f000002b     	adrp	x11, 0x80089000 <g_event_pos>
80082acc: 9125016b     	add	x11, x11, #0x940
80082ad0: 8b0e018a     	add	x10, x12, x14
80082ad4: 8b0e016b     	add	x11, x11, x14
80082ad8: 92400d2d     	and	x13, x9, #0xf
80082adc: 38401549     	ldrb	w9, [x10], #0x1
80082ae0: f10005ad     	subs	x13, x13, #0x1
80082ae4: 38001569     	strb	w9, [x11], #0x1
80082ae8: 54ffffa1     	b.ne	0x80082adc <usb_poll+0x8a8>
80082aec: b9000b88     	str	w8, [x28, #0x8]
80082af0: 52808668     	mov	w8, #0x433              // =1075
80082af4: f0000029     	adrp	x9, 0x80089000 <g_event_pos>
80082af8: 91250129     	add	x9, x9, #0x940
80082afc: b9000f88     	str	w8, [x28, #0xc]
80082b00: 129869c8     	mov	w8, #-0xc34f            // =-49999
80082b04: 29007f89     	stp	w9, wzr, [x28]
80082b08: b90006bf     	str	wzr, [x21, #0x4]
80082b0c: b9000abf     	str	wzr, [x21, #0x8]
80082b10: b9000ebc     	str	w28, [x21, #0xc]
80082b14: b90012b3     	str	w19, [x21, #0x10]
80082b18: b94012aa     	ldr	w10, [x21, #0x10]
80082b1c: 3650008a     	tbz	w10, #0xa, 0x80082b2c <usb_poll+0x8f8>
80082b20: 2a0803e9     	mov	w9, w8
80082b24: 11000508     	add	w8, w8, #0x1
80082b28: 35ffff89     	cbnz	w9, 0x80082b18 <usb_poll+0x8e4>
80082b2c: 1e270280     	fmov	s0, w20
80082b30: 52808868     	mov	w8, #0x443              // =1091
80082b34: 4e0c1fe0     	mov	v0.s[1], wzr
80082b38: 4e141fe0     	mov	v0.s[2], wzr
80082b3c: 4e1c1d00     	mov	v0.s[3], w8
80082b40: 129869c8     	mov	w8, #-0xc34f            // =-49999
80082b44: 3d800360     	str	q0, [x27]
80082b48: b81f42bf     	stur	wzr, [x21, #-0xc]
80082b4c: b81f82bf     	stur	wzr, [x21, #-0x8]
80082b50: b81fc2bb     	stur	w27, [x21, #-0x4]
80082b54: b90002b3     	str	w19, [x21]
80082b58: b94002aa     	ldr	w10, [x21]
80082b5c: 3657bcaa     	tbz	w10, #0xa, 0x800822f0 <usb_poll+0xbc>
80082b60: 2a0803e9     	mov	w9, w8
80082b64: 11000508     	add	w8, w8, #0x1
80082b68: 35ffff89     	cbnz	w9, 0x80082b58 <usb_poll+0x924>
80082b6c: 17fffde1     	b	0x800822f0 <usb_poll+0xbc>

0000000080082b70 <usb_write_bytes>:
80082b70: b4000ec0     	cbz	x0, 0x80082d48 <usb_write_bytes+0x1d8>
80082b74: a9ba7bfd     	stp	x29, x30, [sp, #-0x60]!
80082b78: a9054ff4     	stp	x20, x19, [sp, #0x50]
80082b7c: 2a0103f4     	mov	w20, w1
80082b80: 910003fd     	mov	x29, sp
80082b84: a9016ffc     	stp	x28, x27, [sp, #0x10]
80082b88: a90267fa     	stp	x26, x25, [sp, #0x20]
80082b8c: a9035ff8     	stp	x24, x23, [sp, #0x30]
80082b90: a90457f6     	stp	x22, x21, [sp, #0x40]
80082b94: 34000ce1     	cbz	w1, 0x80082d30 <usb_write_bytes+0x1c0>
80082b98: f0000028     	adrp	x8, 0x80089000 <g_event_pos>
80082b9c: 39401108     	ldrb	w8, [x8, #0x4]
80082ba0: 34000c88     	cbz	w8, 0x80082d30 <usb_write_bytes+0x1c0>
80082ba4: 52990795     	mov	w21, #0xc83c            // =51260
80082ba8: aa0003f3     	mov	x19, x0
80082bac: f0000036     	adrp	x22, 0x80089000 <g_event_pos>
80082bb0: 910302d6     	add	x22, x22, #0xc0
80082bb4: 72a0d415     	movk	w21, #0x6a0, lsl #16
80082bb8: f0000038     	adrp	x24, 0x80089000 <g_event_pos>
80082bbc: 91230318     	add	x24, x24, #0x8c0
80082bc0: f0000039     	adrp	x25, 0x80089000 <g_event_pos>
80082bc4: 5280003b     	mov	w27, #0x1               // =1
80082bc8: 528080dc     	mov	w28, #0x406             // =1030
80082bcc: 14000004     	b	0x80082bdc <usb_write_bytes+0x6c>
80082bd0: 6b170294     	subs	w20, w20, w23
80082bd4: 8b170273     	add	x19, x19, x23
80082bd8: 54000ac0     	b.eq	0x80082d30 <usb_write_bytes+0x1c0>
80082bdc: 39420328     	ldrb	w8, [x25, #0x80]
80082be0: 7120029f     	cmp	w20, #0x800
80082be4: 52810009     	mov	w9, #0x800              // =2048
80082be8: 1a893297     	csel	w23, w20, w9, lo
80082bec: 7100051f     	cmp	w8, #0x1
80082bf0: 54000121     	b.ne	0x80082c14 <usb_write_bytes+0xa4>
80082bf4: 129869c8     	mov	w8, #-0xc34f            // =-49999
80082bf8: 2a0803fa     	mov	w26, w8
80082bfc: 97fffd8e     	bl	0x80082234 <usb_poll>
80082c00: 39420328     	ldrb	w8, [x25, #0x80]
80082c04: 7100051f     	cmp	w8, #0x1
80082c08: 54000061     	b.ne	0x80082c14 <usb_write_bytes+0xa4>
80082c0c: 11000748     	add	w8, w26, #0x1
80082c10: 35ffff5a     	cbnz	w26, 0x80082bf8 <usb_write_bytes+0x88>
80082c14: 39420328     	ldrb	w8, [x25, #0x80]
80082c18: 7100051f     	cmp	w8, #0x1
80082c1c: 54000041     	b.ne	0x80082c24 <usb_write_bytes+0xb4>
80082c20: 3902033f     	strb	wzr, [x25, #0x80]
80082c24: 7100229f     	cmp	w20, #0x8
80082c28: 54000163     	b.lo	0x80082c54 <usb_write_bytes+0xe4>
80082c2c: cb1302c8     	sub	x8, x22, x19
80082c30: aa1603e9     	mov	x9, x22
80082c34: aa1703ea     	mov	x10, x23
80082c38: f100811f     	cmp	x8, #0x20
80082c3c: aa1303e8     	mov	x8, x19
80082c40: 54000523     	b.lo	0x80082ce4 <usb_write_bytes+0x174>
80082c44: 7100829f     	cmp	w20, #0x20
80082c48: 540000e2     	b.hs	0x80082c64 <usb_write_bytes+0xf4>
80082c4c: aa1f03eb     	mov	x11, xzr
80082c50: 14000014     	b	0x80082ca0 <usb_write_bytes+0x130>
80082c54: aa1303e8     	mov	x8, x19
80082c58: aa1603e9     	mov	x9, x22
80082c5c: aa1703ea     	mov	x10, x23
80082c60: 14000021     	b	0x80082ce4 <usb_write_bytes+0x174>
80082c64: 927b1aeb     	and	x11, x23, #0xfe0
80082c68: 91004268     	add	x8, x19, #0x10
80082c6c: f0000029     	adrp	x9, 0x80089000 <g_event_pos>
80082c70: 91034129     	add	x9, x9, #0xd0
80082c74: aa0b03ea     	mov	x10, x11
80082c78: ad7f8500     	ldp	q0, q1, [x8, #-0x10]
80082c7c: f100814a     	subs	x10, x10, #0x20
80082c80: 91008108     	add	x8, x8, #0x20
80082c84: ad3f8520     	stp	q0, q1, [x9, #-0x10]
80082c88: 91008129     	add	x9, x9, #0x20
80082c8c: 54ffff61     	b.ne	0x80082c78 <usb_write_bytes+0x108>
80082c90: eb17017f     	cmp	x11, x23
80082c94: 54000300     	b.eq	0x80082cf4 <usb_write_bytes+0x184>
80082c98: f27d06ff     	tst	x23, #0x18
80082c9c: 540001e0     	b.eq	0x80082cd8 <usb_write_bytes+0x168>
80082ca0: 927d22ec     	and	x12, x23, #0xff8
80082ca4: 92400aea     	and	x10, x23, #0x7
80082ca8: 8b0b02ce     	add	x14, x22, x11
80082cac: 8b0c0268     	add	x8, x19, x12
80082cb0: 8b0c02c9     	add	x9, x22, x12
80082cb4: cb0c016d     	sub	x13, x11, x12
80082cb8: 8b0b026b     	add	x11, x19, x11
80082cbc: fc408560     	ldr	d0, [x11], #0x8
80082cc0: b10021ad     	adds	x13, x13, #0x8
80082cc4: fc0085c0     	str	d0, [x14], #0x8
80082cc8: 54ffffa1     	b.ne	0x80082cbc <usb_write_bytes+0x14c>
80082ccc: eb17019f     	cmp	x12, x23
80082cd0: 540000a1     	b.ne	0x80082ce4 <usb_write_bytes+0x174>
80082cd4: 14000008     	b	0x80082cf4 <usb_write_bytes+0x184>
80082cd8: 8b0b0268     	add	x8, x19, x11
80082cdc: 8b0b02c9     	add	x9, x22, x11
80082ce0: 924012ea     	and	x10, x23, #0x1f
80082ce4: 3840150b     	ldrb	w11, [x8], #0x1
80082ce8: f100054a     	subs	x10, x10, #0x1
80082cec: 3800152b     	strb	w11, [x9], #0x1
80082cf0: 54ffffa1     	b.ne	0x80082ce4 <usb_write_bytes+0x174>
80082cf4: 52808268     	mov	w8, #0x413              // =1043
80082cf8: 29007f16     	stp	w22, wzr, [x24]
80082cfc: 29012317     	stp	w23, w8, [x24, #0x8]
80082d00: 129869c8     	mov	w8, #-0xc34f            // =-49999
80082d04: 3902033b     	strb	w27, [x25, #0x80]
80082d08: b81f42bf     	stur	wzr, [x21, #-0xc]
80082d0c: b81f82bf     	stur	wzr, [x21, #-0x8]
80082d10: b81fc2b8     	stur	w24, [x21, #-0x4]
80082d14: b90002bc     	str	w28, [x21]
80082d18: b94002aa     	ldr	w10, [x21]
80082d1c: 3657f5aa     	tbz	w10, #0xa, 0x80082bd0 <usb_write_bytes+0x60>
80082d20: 2a0803e9     	mov	w9, w8
80082d24: 11000508     	add	w8, w8, #0x1
80082d28: 35ffff89     	cbnz	w9, 0x80082d18 <usb_write_bytes+0x1a8>
80082d2c: 17ffffa9     	b	0x80082bd0 <usb_write_bytes+0x60>
80082d30: a9454ff4     	ldp	x20, x19, [sp, #0x50]
80082d34: a94457f6     	ldp	x22, x21, [sp, #0x40]
80082d38: a9435ff8     	ldp	x24, x23, [sp, #0x30]
80082d3c: a94267fa     	ldp	x26, x25, [sp, #0x20]
80082d40: a9416ffc     	ldp	x28, x27, [sp, #0x10]
80082d44: a8c67bfd     	ldp	x29, x30, [sp], #0x60
80082d48: d65f03c0     	ret

0000000080082d4c <usb_puts>:
80082d4c: b4000f80     	cbz	x0, 0x80082f3c <usb_puts+0x1f0>
80082d50: a9ba7bfd     	stp	x29, x30, [sp, #-0x60]!
80082d54: 39400008     	ldrb	w8, [x0]
80082d58: a9054ff4     	stp	x20, x19, [sp, #0x50]
80082d5c: aa0003f3     	mov	x19, x0
80082d60: a9016ffc     	stp	x28, x27, [sp, #0x10]
80082d64: 910003fd     	mov	x29, sp
80082d68: a90267fa     	stp	x26, x25, [sp, #0x20]
80082d6c: a9035ff8     	stp	x24, x23, [sp, #0x30]
80082d70: a90457f6     	stp	x22, x21, [sp, #0x40]
80082d74: 34000d88     	cbz	w8, 0x80082f24 <usb_puts+0x1d8>
80082d78: aa1f03f4     	mov	x20, xzr
80082d7c: 8b140268     	add	x8, x19, x20
80082d80: 91000694     	add	x20, x20, #0x1
80082d84: 39400508     	ldrb	w8, [x8, #0x1]
80082d88: 35ffffa8     	cbnz	w8, 0x80082d7c <usb_puts+0x30>
80082d8c: 34000cd4     	cbz	w20, 0x80082f24 <usb_puts+0x1d8>
80082d90: f0000028     	adrp	x8, 0x80089000 <g_event_pos>
80082d94: 39401108     	ldrb	w8, [x8, #0x4]
80082d98: 34000c68     	cbz	w8, 0x80082f24 <usb_puts+0x1d8>
80082d9c: 52990795     	mov	w21, #0xc83c            // =51260
80082da0: f0000036     	adrp	x22, 0x80089000 <g_event_pos>
80082da4: 910302d6     	add	x22, x22, #0xc0
80082da8: 72a0d415     	movk	w21, #0x6a0, lsl #16
80082dac: f0000038     	adrp	x24, 0x80089000 <g_event_pos>
80082db0: 91230318     	add	x24, x24, #0x8c0
80082db4: f0000039     	adrp	x25, 0x80089000 <g_event_pos>
80082db8: 5280003b     	mov	w27, #0x1               // =1
80082dbc: 528080dc     	mov	w28, #0x406             // =1030
80082dc0: 14000004     	b	0x80082dd0 <usb_puts+0x84>
80082dc4: 6b170294     	subs	w20, w20, w23
80082dc8: 8b170273     	add	x19, x19, x23
80082dcc: 54000ac0     	b.eq	0x80082f24 <usb_puts+0x1d8>
80082dd0: 39420328     	ldrb	w8, [x25, #0x80]
80082dd4: 7120029f     	cmp	w20, #0x800
80082dd8: 52810009     	mov	w9, #0x800              // =2048
80082ddc: 1a893297     	csel	w23, w20, w9, lo
80082de0: 7100051f     	cmp	w8, #0x1
80082de4: 54000121     	b.ne	0x80082e08 <usb_puts+0xbc>
80082de8: 129869c8     	mov	w8, #-0xc34f            // =-49999
80082dec: 2a0803fa     	mov	w26, w8
80082df0: 97fffd11     	bl	0x80082234 <usb_poll>
80082df4: 39420328     	ldrb	w8, [x25, #0x80]
80082df8: 7100051f     	cmp	w8, #0x1
80082dfc: 54000061     	b.ne	0x80082e08 <usb_puts+0xbc>
80082e00: 11000748     	add	w8, w26, #0x1
80082e04: 35ffff5a     	cbnz	w26, 0x80082dec <usb_puts+0xa0>
80082e08: 39420328     	ldrb	w8, [x25, #0x80]
80082e0c: 7100051f     	cmp	w8, #0x1
80082e10: 54000041     	b.ne	0x80082e18 <usb_puts+0xcc>
80082e14: 3902033f     	strb	wzr, [x25, #0x80]
80082e18: 7100229f     	cmp	w20, #0x8
80082e1c: 54000163     	b.lo	0x80082e48 <usb_puts+0xfc>
80082e20: cb1302c8     	sub	x8, x22, x19
80082e24: aa1603e9     	mov	x9, x22
80082e28: aa1703ea     	mov	x10, x23
80082e2c: f100811f     	cmp	x8, #0x20
80082e30: aa1303e8     	mov	x8, x19
80082e34: 54000523     	b.lo	0x80082ed8 <usb_puts+0x18c>
80082e38: 7100829f     	cmp	w20, #0x20
80082e3c: 540000e2     	b.hs	0x80082e58 <usb_puts+0x10c>
80082e40: aa1f03eb     	mov	x11, xzr
80082e44: 14000014     	b	0x80082e94 <usb_puts+0x148>
80082e48: aa1303e8     	mov	x8, x19
80082e4c: aa1603e9     	mov	x9, x22
80082e50: aa1703ea     	mov	x10, x23
80082e54: 14000021     	b	0x80082ed8 <usb_puts+0x18c>
80082e58: 927b1aeb     	and	x11, x23, #0xfe0
80082e5c: 91004268     	add	x8, x19, #0x10
80082e60: f0000029     	adrp	x9, 0x80089000 <g_event_pos>
80082e64: 91034129     	add	x9, x9, #0xd0
80082e68: aa0b03ea     	mov	x10, x11
80082e6c: ad7f8500     	ldp	q0, q1, [x8, #-0x10]
80082e70: f100814a     	subs	x10, x10, #0x20
80082e74: 91008108     	add	x8, x8, #0x20
80082e78: ad3f8520     	stp	q0, q1, [x9, #-0x10]
80082e7c: 91008129     	add	x9, x9, #0x20
80082e80: 54ffff61     	b.ne	0x80082e6c <usb_puts+0x120>
80082e84: eb17017f     	cmp	x11, x23
80082e88: 54000300     	b.eq	0x80082ee8 <usb_puts+0x19c>
80082e8c: f27d06ff     	tst	x23, #0x18
80082e90: 540001e0     	b.eq	0x80082ecc <usb_puts+0x180>
80082e94: 927d22ec     	and	x12, x23, #0xff8
80082e98: 92400aea     	and	x10, x23, #0x7
80082e9c: 8b0b02ce     	add	x14, x22, x11
80082ea0: 8b0c0268     	add	x8, x19, x12
80082ea4: 8b0c02c9     	add	x9, x22, x12
80082ea8: cb0c016d     	sub	x13, x11, x12
80082eac: 8b0b026b     	add	x11, x19, x11
80082eb0: fc408560     	ldr	d0, [x11], #0x8
80082eb4: b10021ad     	adds	x13, x13, #0x8
80082eb8: fc0085c0     	str	d0, [x14], #0x8
80082ebc: 54ffffa1     	b.ne	0x80082eb0 <usb_puts+0x164>
80082ec0: eb17019f     	cmp	x12, x23
80082ec4: 540000a1     	b.ne	0x80082ed8 <usb_puts+0x18c>
80082ec8: 14000008     	b	0x80082ee8 <usb_puts+0x19c>
80082ecc: 8b0b0268     	add	x8, x19, x11
80082ed0: 8b0b02c9     	add	x9, x22, x11
80082ed4: 924012ea     	and	x10, x23, #0x1f
80082ed8: 3840150b     	ldrb	w11, [x8], #0x1
80082edc: f100054a     	subs	x10, x10, #0x1
80082ee0: 3800152b     	strb	w11, [x9], #0x1
80082ee4: 54ffffa1     	b.ne	0x80082ed8 <usb_puts+0x18c>
80082ee8: 52808268     	mov	w8, #0x413              // =1043
80082eec: 29007f16     	stp	w22, wzr, [x24]
80082ef0: 29012317     	stp	w23, w8, [x24, #0x8]
80082ef4: 129869c8     	mov	w8, #-0xc34f            // =-49999
80082ef8: 3902033b     	strb	w27, [x25, #0x80]
80082efc: b81f42bf     	stur	wzr, [x21, #-0xc]
80082f00: b81f82bf     	stur	wzr, [x21, #-0x8]
80082f04: b81fc2b8     	stur	w24, [x21, #-0x4]
80082f08: b90002bc     	str	w28, [x21]
80082f0c: b94002aa     	ldr	w10, [x21]
80082f10: 3657f5aa     	tbz	w10, #0xa, 0x80082dc4 <usb_puts+0x78>
80082f14: 2a0803e9     	mov	w9, w8
80082f18: 11000508     	add	w8, w8, #0x1
80082f1c: 35ffff89     	cbnz	w9, 0x80082f0c <usb_puts+0x1c0>
80082f20: 17ffffa9     	b	0x80082dc4 <usb_puts+0x78>
80082f24: a9454ff4     	ldp	x20, x19, [sp, #0x50]
80082f28: a94457f6     	ldp	x22, x21, [sp, #0x40]
80082f2c: a9435ff8     	ldp	x24, x23, [sp, #0x30]
80082f30: a94267fa     	ldp	x26, x25, [sp, #0x20]
80082f34: a9416ffc     	ldp	x28, x27, [sp, #0x10]
80082f38: a8c67bfd     	ldp	x29, x30, [sp], #0x60
80082f3c: d65f03c0     	ret
